date,site,job_title,company,job_url,status,notes
2026-07-23,Naukri,Mobile Developer,Mount Talent Consulting,https://www.naukri.com/job-listings-mobile-developer-value-innovation-labs-chennai-3-to-20-years-260626016201,applied,React Native/Flutter; Chennai; CTC question skipped
2026-07-23,Naukri,Mobile Developer,Mount Talent Consulting,https://www.naukri.com/job-listings-mobile-developer-value-innovation-labs-bengaluru-3-to-20-years-260626016187,applied,React Native/Flutter; Bengaluru; CTC question skipped
2026-07-24,Instahyre,eDataBae - SDE 1 - React Native,eDataBae,https://www.instahyre.com/#job/edatabae/edatabae-sde-1-react-native,applied,auto-applied (score 65)
2026-07-24,Instahyre,Liquide - Frontend Engineer,Liquide,https://www.instahyre.com/#job/liquide/liquide-frontend-engineer,skipped,score 50 below threshold
2026-07-24,Instahyre,KnackLabs - Software Development Engineer,KnackLabs,https://www.instahyre.com/#job/knacklabs/knacklabs-software-development-engineer,skipped,score 25 below threshold
2026-07-24,Instahyre,Gullak - Frontend Engineer,Gullak,https://www.instahyre.com/#job/gullak/gullak-frontend-engineer,skipped,score 50 below threshold
2026-07-24,Instahyre,Rize - Software Engineer - Mobile (React Native),Rize,https://www.instahyre.com/#job/rize/rize-software-engineer-mobile-react-native,applied,auto-applied (score 65)
2026-07-24,Instahyre,Rezide Solutions - Software Engineer - Mobile,Rezide Solutions,https://www.instahyre.com/#job/rezide-solutions/rezide-solutions-software-engineer-mobile,skipped,score 25 below threshold
2026-07-24,Instahyre,Oolka - Jr. React Native Developer,Oolka,https://www.instahyre.com/#job/oolka/oolka-jr-react-native-developer,applied,auto-applied (score 65)
2026-07-24,Instahyre,Oolka - Senior Software Engineer - React Native,Oolka,https://www.instahyre.com/#job/oolka/oolka-senior-software-engineer-react-native,skipped,score -100 below threshold
2026-07-24,Instahyre,BLVDPay - SDE - 1 - React Native,BLVDPay,https://www.instahyre.com/#job/blvdpay/blvdpay-sde-1-react-native,applied,auto-applied (score 65)
2026-07-24,Instahyre,Big Assets Infra - Junior React Native Developer,Big Assets Infra,https://www.instahyre.com/#job/big-assets-infra/big-assets-infra-junior-react-native-developer,applied,auto-applied (score 65)
2026-07-24,Instahyre,Wizzme - Founding Engineer,Wizzme,https://www.instahyre.com/#job/wizzme/wizzme-founding-engineer,skipped,score 25 below threshold
2026-07-24,Instahyre,Everest Fleet - Frontend Engineer,Everest Fleet,https://www.instahyre.com/#job/everest-fleet/everest-fleet-frontend-engineer,skipped,score 50 below threshold
2026-07-24,Instahyre,Proof-of-Skill - Mobile Developer,Proof-of-Skill,https://www.instahyre.com/#job/proof-of-skill/proof-of-skill-mobile-developer,applied,auto-applied (score 65)
2026-07-24,Instahyre,Amazon - Associate SDK Developer,Amazon,https://www.instahyre.com/#job/amazon/amazon-associate-sdk-developer,skipped,score 25 below threshold
2026-07-24,Instahyre,Slikk - React Native Developer,Slikk,https://www.instahyre.com/#job/slikk/slikk-react-native-developer,applied,auto-applied (score 65)
2026-07-24,Instahyre,Runable - Frontend Developer,Runable,https://www.instahyre.com/#job/runable/runable-frontend-developer,skipped,score 50 below threshold
2026-07-24,Instahyre,Requip - Software Development Engineer - 1,Requip,https://www.instahyre.com/#job/requip/requip-software-development-engineer-1,skipped,score 25 below threshold
2026-07-24,Instahyre,OneShot AI - Frontend Developer,OneShot AI,https://www.instahyre.com/#job/oneshot-ai/oneshot-ai-frontend-developer,skipped,score 50 below threshold
2026-07-24,Instahyre,Google - Senior Frontend Web Developer,Google,https://www.instahyre.com/#job/google/google-senior-frontend-web-developer,skipped,score -100 below threshold
2026-07-24,Instahyre,Swiggy - React Native Developer,Swiggy,https://www.instahyre.com/#job/swiggy/swiggy-react-native-developer,applied,auto-applied (score 65)
2026-07-24,Instahyre,Kotak811 - SDE 3 - React Native,Kotak811,https://www.instahyre.com/#job/kotak811/kotak811-sde-3-react-native,failed,View button not found
2026-07-24,Instahyre,Kotak811 - Software Development Engineer II (SDE2),Kotak811,https://www.instahyre.com/#job/kotak811/kotak811-software-development-engineer-ii-sde2,skipped,score 25 below threshold
2026-07-24,Instahyre,super.money - React Native Developer 2,super.money,https://www.instahyre.com/#job/super-money/super-money-react-native-developer-2,failed,View button not found
2026-07-24,Instahyre,Amazon - React Native Developer,Amazon,https://www.instahyre.com/#job/amazon/amazon-react-native-developer,failed,View button not found
2026-07-24,Instahyre,Razorpay - iOS Developer,Razorpay,https://www.instahyre.com/#job/razorpay/razorpay-ios-developer,skipped,score 25 below threshold
2026-07-24,Instahyre,Kenvue - Analyst - Business Product Delivery,Kenvue,https://www.instahyre.com/#job/kenvue/kenvue-analyst-business-product-delivery,skipped,score 25 below threshold
2026-07-24,Naukri,React Native Developer,TECHKRILL CONSULTING PRIVATE LIMITED,https://www.naukri.com/job-listings-230726504355,failed,Apply button not found
2026-07-24,Naukri,React Native Developer,Canvendor Software solutions,https://www.naukri.com/job-listings-react-native-developer-canvendor-software-solutions-chennai-3-to-5-years-210726011670,applied,auto-applied (score 70)
2026-07-24,Naukri,React Native Developer,Techefficio,https://www.naukri.com/job-listings-react-native-developer-techefficio-hyderabad-3-to-5-years-200726503418,failed,Apply button not found
2026-07-24,Naukri,React Native Developer,Delta Stark Engineering,https://www.naukri.com/job-listings-react-native-developer-delta-stark-engineering-chennai-0-to-1-years-230726504354,skipped,experience 0-1 Yrs out of range
2026-07-24,Naukri,React Native Developer,Bigziel,https://www.naukri.com/job-listings-react-native-developer-bigziel-chennai-1-to-3-years-311025501360,failed,Apply button not found
2026-07-24,Naukri,React Native Developer,Technoadviser Technologies,https://www.naukri.com/job-listings-react-native-developer-technoadviser-technologies-pvt-ltd-hyderabad-1-to-5-years-290526503919,failed,Apply button not found
2026-07-24,Naukri,React Native Developer,Pillersoft Technology,https://www.naukri.com/job-listings-react-native-developer-piller-soft-technology-pune-3-to-7-years-210725500684,failed,Apply button not found
2026-07-24,Naukri,React Native Developer,Digixpro,https://www.naukri.com/job-listings-react-native-developer-digixpro-bengaluru-1-to-5-years-071125501730,failed,Apply button not found
2026-07-24,Naukri,React Native Developer,i2b Technologies,https://www.naukri.com/job-listings-react-native-developer-i2b-technologies-hyderabad-3-to-6-years-240626926059,applied,auto-applied (score 70)
2026-07-24,Naukri,React Native Developer,Cloud Counselage,https://www.naukri.com/job-listings-react-native-developer-cloud-counselage-pvt-ltd-chennai-3-to-7-years-301225507873,failed,Apply button not found
2026-07-24,Naukri,React Native Developer - PHP/MySQL,Loyal String International,https://www.naukri.com/job-listings-react-native-developer-php-mysql-loyal-string-international-pune-2-to-3-years-190620501339,failed,Apply button not found
2026-07-24,Naukri,React Native Developer,Up Market Research,https://www.naukri.com/job-listings-react-native-developer-up-market-research-pune-3-to-7-years-170424500355,failed,Apply button not found
2026-07-24,Naukri,React Native developer,Analogue It Solutions,https://www.naukri.com/job-listings-react-native-developer-analogue-it-solutions-mobile-application-development-company-hyderabad-1-to-4-years-150125503399,failed,Apply button not found
2026-07-24,Naukri,React Native Developer,Quanteon Solutions,https://www.naukri.com/job-listings-react-native-developer-quanteon-llc-hyderabad-3-to-8-years-130226502852,failed,Apply button not found
2026-07-24,Naukri,React Native Mobile Developer,Tech Stalwart Solution,https://www.naukri.com/job-listings-react-native-mobile-developer-tech-stalwart-solution-private-limited-kolkata-mumbai-new-delhi-hyderabad-pune-chennai-bengaluru-3-to-8-years-090925503642,failed,Apply button not found
2026-07-24,Naukri,React Native developer,Infosys,https://www.naukri.com/job-listings-react-native-developer-infosys-limited-bengaluru-3-to-5-years-290626929297,applied,auto-applied (score 70)
2026-07-24,Naukri,React Native Developers | Hyderabad India,Sowedane,https://www.naukri.com/job-listings-react-native-developers-hyderabad-india-sowedane-hyderabad-3-to-8-years-280526503016,failed,Apply button not found
2026-07-24,Naukri,React Native Developer,Chromosis Technologies,https://www.naukri.com/job-listings-react-native-developer-chromosis-technologies-pvt-ltd-bengaluru-1-to-5-years-260326500675,failed,Apply button not found
2026-07-24,Naukri,React Native Developer,e Software Solutions,https://www.naukri.com/job-listings-react-native-developer-e-software-solutions-gurugram-yamuna-nagar-2-to-5-years-240626914254,applied,auto-applied (score 70)
2026-07-24,Naukri,React Native Developer,Apex 2000 INC,https://www.naukri.com/job-listings-react-native-developer-apex-2000-inc-bengaluru-3-to-7-years-210526501004,failed,Apply button not found
2026-07-24,Naukri,Mobile Developer,Akra Tech,https://www.naukri.com/job-listings-mobile-developer-akra-tech-chennai-3-to-8-years-200726503725,failed,Apply button not found
2026-07-24,Naukri,Mobile Developer,Siri Innovations,https://www.naukri.com/job-listings-mobile-developer-siri-innovations-pvt-ltd-hyderabad-2-to-5-years-210726501582,skipped,score 50 below threshold
2026-07-24,Naukri,Mobile Developer (Japan Posting),Mount Talent Consulting,https://www.naukri.com/job-listings-mobile-developer-japan-posting-value-innovation-labs-gurugram-chennai-mumbai-all-areas-2-to-5-years-260626000134,applied,auto-applied (score 70)
2026-07-24,Naukri,"Staff Engineer ,Mobile Developer",Nagarro,https://www.naukri.com/job-listings-staff-engineer-mobile-developer-nagarro-software-pvt-ltd-hyderabad-1-to-3-years-291025502366,skipped,score -100 below threshold
2026-07-24,Naukri,Mobile Developer,Couchbase,https://www.naukri.com/job-listings-mobile-developer-couchbase-inc-bengaluru-1-to-3-years-270625501943,failed,Apply button not found
2026-07-24,Naukri,Mobile Developer (Japan Posting),Mount Talent Consulting,https://www.naukri.com/job-listings-mobile-developer-japan-posting-value-innovation-labs-hyderabad-bengaluru-delhi-ncr-2-to-5-years-260626000136,skipped,score 50 below threshold
2026-07-24,Naukri,Mobile Developer (Japan Posting),Mount Talent Consulting,https://www.naukri.com/job-listings-mobile-developer-japan-posting-value-innovation-labs-noida-hyderabad-chennai-2-to-6-years-260626000133,skipped,score 50 below threshold
2026-07-24,Naukri,Mobile Developer,Cyces Innovation Labs Llp,https://www.naukri.com/job-listings-mobile-developer-cyces-innovation-labs-llp-chennai-2-to-7-years-290526504570,failed,Apply button not found
2026-07-24,Naukri,Mobile Developer,rigbot.com,https://www.naukri.com/job-listings-mobile-developer-rigbot-com-hyderabad-0-to-8-years-310817503081,skipped,score 50 below threshold
2026-07-24,Naukri,Mobile Developer - Microsoft Certified,Acuity Software Technologies,https://www.naukri.com/job-listings-mobile-developer-microsoft-certified-acuity-software-technologies-hyderabad-3-to-8-years-240517500889,skipped,score -100 below threshold
2026-07-24,Naukri,AI Agent Reliability Engineer - Mobile Developers,Emergent India,https://www.naukri.com/job-listings-ai-agent-reliability-engineer-mobile-developers-emergent-bengaluru-1-to-5-years-300626500430,skipped,score 50 below threshold
2026-07-24,Naukri,Mobile Developer,BNI,https://www.naukri.com/job-listings-mobile-developer-bni-bengaluru-2-to-3-years-150626503249,skipped,score 50 below threshold
2026-07-24,Naukri,Mobile Developer,Shopdeck,https://www.naukri.com/job-listings-mobile-developer-shopdeck-previously-nushop-bengaluru-2-to-4-years-020626502541,skipped,score 50 below threshold
2026-07-24,Naukri,Mobile Developer,Technerds Solutions,https://www.naukri.com/job-listings-mobile-developer-technerds-solutions-pvt-ltd-chennai-2-to-5-years-301025504772,skipped,score 50 below threshold
2026-07-24,Naukri,Maximo Mobile Developer,Capgemini,https://www.naukri.com/job-listings-maximo-mobile-developer-capgemini-technology-services-india-limited-bengaluru-3-to-7-years-290626928453,skipped,score 50 below threshold
2026-07-24,Naukri,Mobile Developer,Logic Planet,https://www.naukri.com/job-listings-mobile-developer-logicplanet-it-services-hubli-mangaluru-mysuru-bengaluru-belgaum-0-to-5-years-240226505078,skipped,score 50 below threshold
2026-07-24,Naukri,Mobile developer,Technologyport Software India,https://www.naukri.com/job-listings-mobile-developer-technologyport-software-india-pvt-ltd-bengaluru-2-to-4-years-231219501376,skipped,score 50 below threshold
2026-07-24,Naukri,Mobile Developer- Visa,Foray Software,https://www.naukri.com/job-listings-mobile-developer-visa-foray-software-pvt-ltd-bengaluru-3-to-7-years-230824501588,skipped,score 50 below threshold
2026-07-24,Naukri,Mobile Developer,Wingz Technologies,https://www.naukri.com/job-listings-mobile-developer-wingz-technologies-chennai-1-to-4-years-220425500929,skipped,score 50 below threshold
2026-07-24,Naukri,Mobile Developer,Photon,https://www.naukri.com/job-listings-mobile-developer-photon-infotech-p-ltd-chennai-3-to-7-years-191124505967,skipped,score 50 below threshold
2026-07-24,Naukri,Frontend Engineer (React & React Native),Y2Z Travel,https://www.naukri.com/job-listings-frontend-engineer-react-react-native-y2z-travel-bengaluru-1-to-5-years-191224503297,failed,Apply button not found
2026-07-24,Naukri,Frontend Engineer (React / React Native),Prepairo,https://www.naukri.com/job-listings-frontend-engineer-react-react-native-prepairo-bengaluru-2-to-5-years-010626503686,failed,Apply button not found
2026-07-24,Naukri,"Associate Principal Engineer, Frontend React",Nagarro,https://www.naukri.com/job-listings-associate-principal-engineer-frontend-react-nagarro-software-pvt-ltd-bengaluru-0-to-3-years-291025503104,skipped,score -100 below threshold
2026-07-24,Naukri,React Frontend Engineer,Omniful,https://www.naukri.com/job-listings-react-frontend-engineer-omniful-gurugram-3-to-8-years-200525503513,skipped,score 55 below threshold
2026-07-24,Naukri,Frontend - Engineer,Varaha Systems,https://www.naukri.com/job-listings-frontend-engineer-varaha-systems-inc-bengaluru-3-to-8-years-140726501769,skipped,score 55 below threshold
2026-07-24,Naukri,"Engineer, Frontend React",Nagarro,https://www.naukri.com/job-listings-engineer-frontend-react-nagarro-software-pvt-ltd-bengaluru-2-to-7-years-291025501402,skipped,score 55 below threshold
2026-07-24,Naukri,Frontend Engineer (React),Startappss Systems Pvt Ltd,https://www.naukri.com/job-listings-230726503784,skipped,score 55 below threshold
2026-07-24,Naukri,Frontend Engineer ( React / Next . js ),Workforce Next,https://www.naukri.com/job-listings-frontend-engineer-react-next-js-workforce-next-noida-2-to-6-years-140526500224,skipped,score 55 below threshold
2026-07-24,Naukri,Frontend Engineer (React),Technix India Solutions,https://www.naukri.com/job-listings-frontend-engineer-react-technix-technology-patna-0-to-2-years-101125501751,skipped,score 55 below threshold
2026-07-24,Naukri,Frontend Engineer (React.js / Next.js),Aqilea,https://www.naukri.com/job-listings-frontend-engineer-react-js-next-js-aqilea-formerly-soltia-bengaluru-5-to-9-years-150726500749,skipped,experience 5-9 Yrs out of range
2026-07-24,Naukri,Frontend Engineer,Vowels Of The People Association,https://www.naukri.com/job-listings-frontend-engineer-vopa-pune-3-to-5-years-200726504194,skipped,score 10 below threshold
2026-07-24,Naukri,Frontend Engineer,Apex 2000,https://www.naukri.com/job-listings-frontend-engineer-apex-2000-inc-pune-3-to-7-years-290626503315,skipped,score 10 below threshold
2026-07-24,Naukri,Front end Engineer,Diverse Lynx,https://www.naukri.com/job-listings-front-end-engineer-diverse-lynx-bengaluru-1-to-5-years-230626501437,skipped,score 55 below threshold
2026-07-24,Naukri,React Frontend Engineer,Leading Client,https://www.naukri.com/job-listings-react-frontend-engineer-contactx-resource-management-pvt-ltd-bengaluru-7-to-10-years-170726918079,skipped,experience 7-10 Yrs out of range
2026-07-24,Naukri,Frontend Engineer,Alaan,https://www.naukri.com/job-listings-frontend-engineer-alaan-bengaluru-2-to-7-years-100726509609,skipped,score 30 below threshold
2026-07-24,Naukri,Frontend Engineer,Diverse Lynx,https://www.naukri.com/job-listings-frontend-engineer-diverse-lynx-bengaluru-2-to-6-years-080825500478,skipped,score 10 below threshold
2026-07-24,Naukri,Front End UI Engineer,Ascendion Engineering,https://www.naukri.com/job-listings-front-end-ui-engineer-ascendion-engineering-bengaluru-7-to-12-years-140726018965,skipped,experience 7-12 Yrs out of range
2026-07-24,Naukri,Frontend Engineer React JS,Einfochips,https://www.naukri.com/job-listings-frontend-engineer-react-js-e-infochips-limited-indore-4-to-12-years-160226505299,skipped,experience 4-12 Yrs out of range
2026-07-24,Naukri,Frontend Engineer React JS,Einfochips,https://www.naukri.com/job-listings-frontend-engineer-react-js-e-infochips-limited-ahmedabad-4-to-12-years-160226505298,skipped,experience 4-12 Yrs out of range
2026-07-24,Naukri,Frontend Engineer React JS,Einfochips,https://www.naukri.com/job-listings-frontend-engineer-react-js-e-infochips-limited-vijaynagar-4-to-12-years-160226505297,skipped,experience 4-12 Yrs out of range
2026-07-24,Naukri,Full Stack Developer (React + Node),Kleistech,https://www.naukri.com/job-listings-full-stack-developer-react-node-kleistech-pune-2-to-7-years-170726504546,skipped,score 55 below threshold
2026-07-24,Naukri,React & Node Full stack Developer,PAL It Tech,https://www.naukri.com/job-listings-react-node-full-stack-developer-pal-it-tech-pvt-ltd-hyderabad-3-to-5-years-090726502862,skipped,score 55 below threshold
2026-07-24,Naukri,Required Full Stack Developer (React + Node JS+ AWS) For Pune,Recruit Hunt Technologies,https://www.naukri.com/job-listings-required-full-stack-developer-react-node-js-aws-for-pune-recruit-hunt-technologies-pune-2-to-7-years-160726034337,skipped,score 55 below threshold
2026-07-24,Naukri,Fullstack Developer,Careait Health Services,https://www.naukri.com/job-listings-fullstack-developer-careait-health-services-bengaluru-0-to-3-years-010726028673,skipped,score 55 below threshold
2026-07-24,Naukri,Full Stack Developer,Leading Client,https://www.naukri.com/job-listings-full-stack-developer-rimpac-hr-services-llp-pune-bengaluru-2-to-6-years-230726933909,skipped,score -100 below threshold
2026-07-24,Naukri,Full Stack Developer (React & Node JD),Vertiscript Global It Services,https://www.naukri.com/job-listings-full-stack-developer-react-node-jd-vertiscript-global-it-solution-hyderabad-3-to-6-years-031225502948,skipped,score 55 below threshold
2026-07-24,Naukri,Fullstack Developer,99yellow,https://www.naukri.com/job-listings-fullstack-developer-99yellow-gurugram-3-to-5-years-220726030478,skipped,score -100 below threshold
2026-07-24,Naukri,React + Node - Full Stack Developer,Paltech Consulting,https://www.naukri.com/job-listings-react-node-full-stack-developer-paltech-consulting-hyderabad-3-to-6-years-070726027633,skipped,score 55 below threshold
2026-07-24,Naukri,Full Stack Developer React + Node,Quanteon Solutions,https://www.naukri.com/job-listings-full-stack-developer-react-node-quanteon-llc-hyderabad-3-to-8-years-130226502853,skipped,score 55 below threshold
2026-07-24,Naukri,Full stack Developer,Leadpulse.io,https://www.naukri.com/job-listings-full-stack-developer-leadpulse-io-hyderabad-bengaluru-delhi-ncr-2-to-3-years-170726911752,skipped,score 55 below threshold
2026-07-24,Naukri,Fullstack Developer(Immediate Joiners only Apply,Empover,https://www.naukri.com/job-listings-fullstack-developer-immediate-joiners-only-apply-empover-hyderabad-3-to-5-years-210726018410,skipped,score 55 below threshold
2026-07-24,Naukri,Fullstack Developer (NodeJS + React),Ixigo,https://www.naukri.com/job-listings-fullstack-developer-nodejs-react-ixigo-gurugram-3-to-8-years-200726505767,skipped,score 55 below threshold
2026-07-24,Naukri,Fullstack Developer,Deloitte Shared Services India,https://www.naukri.com/job-listings-fullstack-developer-deloitte-shared-services-india-bengaluru-2-to-6-years-120626008685,skipped,score 55 below threshold
2026-07-24,Naukri,Fullstack Developer,IFOX CLICKS LLP,https://www.naukri.com/job-listings-fullstack-developer-ifox-clicks-llp-chennai-1-to-3-years-170726030398,skipped,score 55 below threshold
2026-07-24,Naukri,Full Stack Developer,Zonolith Technologies,https://www.naukri.com/job-listings-full-stack-developer-zonolith-technologies-bengaluru-2-to-7-years-170726503047,skipped,score 55 below threshold
2026-07-24,Naukri,Full Stack Developer,Leading Client,https://www.naukri.com/job-listings-full-stack-developer-contactx-resource-management-pvt-ltd-gurugram-2-to-5-years-170726918040,skipped,score 30 below threshold
2026-07-24,Naukri,Full Stack Developer,Leading Client,https://www.naukri.com/job-listings-full-stack-developer-contactx-resource-management-pvt-ltd-gurugram-2-to-5-years-170726918037,skipped,score 55 below threshold
2026-07-24,Naukri,Fullstack Developer,VM Edulife,https://www.naukri.com/job-listings-fullstack-developer-vm-edulife-pune-1-to-5-years-170726021582,skipped,score 55 below threshold
2026-07-24,Naukri,Full Stack Developer (React with Node),Programming.Com,https://www.naukri.com/job-listings-full-stack-developer-react-with-node-programming-com-bengaluru-2-to-6-years-121224501301,skipped,score 55 below threshold
2026-07-24,Naukri,Fullstack Developer,MNC,https://www.naukri.com/job-listings-fullstack-developer-tele-infotech-pimpri-chinchwad-pune-0-to-2-years-210726034817,skipped,score 30 below threshold
2026-07-24,LinkedIn,Software Engineer,BigStep Technologies,https://www.linkedin.com/jobs/view/4443813663/,skipped,score 5 below threshold
2026-07-24,LinkedIn,Junior Solution Engineer,Supra ITS,https://www.linkedin.com/jobs/view/4415119147/,skipped,score 5 below threshold
2026-07-24,LinkedIn,JavaScript Software Developer - Remote work | REF#296720,BairesDev,https://www.linkedin.com/jobs/view/4435331910/,skipped,score 25 below threshold
2026-07-24,LinkedIn,React - Full Stack Developer,Zippr,https://www.linkedin.com/jobs/view/4397900634/,skipped,score 50 below threshold
2026-07-24,LinkedIn,Software Engineer,FetchJobs.co,https://www.linkedin.com/jobs/view/4444329496/,skipped,score 5 below threshold
2026-07-24,LinkedIn,Web UI Developer | $45/hr Remote,Crossing Hurdles,https://www.linkedin.com/jobs/view/4440756489/,skipped,score 5 below threshold
2026-07-24,LinkedIn,Node.Js Developer - Remote,YO IT Consulting,https://www.linkedin.com/jobs/view/4437942440/,skipped,score 25 below threshold
2026-07-24,LinkedIn,Software Engineer - Frontend,Uplabh,https://www.linkedin.com/jobs/view/4439033585/,skipped,score 5 below threshold
2026-07-24,LinkedIn,SDE-1 Full Stack Engineer (HighAdvocacy),Saleshandy,https://www.linkedin.com/jobs/view/4443115620/,skipped,score 5 below threshold
2026-07-24,LinkedIn,Junior Solution Engineer,Supra ITS,https://www.linkedin.com/jobs/view/4415119147/,skipped,score 5 below threshold
2026-07-24,LinkedIn,Full Stack Developer (Java & Node.js) — On-Site,MBiG IT SERVICES PVT. LTD.,https://www.linkedin.com/jobs/view/4435953068/,skipped,score 50 below threshold
2026-07-24,LinkedIn,JavaScript Software Developer - Remote work | REF#296720,BairesDev,https://www.linkedin.com/jobs/view/4435331910/,skipped,score 25 below threshold
2026-07-24,LinkedIn,Mobile Engineer,SPAN,https://www.linkedin.com/jobs/view/4440652901/,skipped,score 45 below threshold
2026-07-24,LinkedIn,Software Engineer,Tower Research Capital,https://www.linkedin.com/jobs/view/4387256923/,skipped,score 5 below threshold
2026-07-24,LinkedIn,Software Engineer II,Cadence,https://www.linkedin.com/jobs/view/4442625080/,skipped,score 5 below threshold
2026-07-24,LinkedIn,Backend Software Developer (Remote),Hire Feed,https://www.linkedin.com/jobs/view/4444799817/,skipped,score 5 below threshold
2026-07-24,LinkedIn,Full Stack Engineer,Hyqoo,https://www.linkedin.com/jobs/view/4444336508/,skipped,score 5 below threshold
2026-07-24,LinkedIn,Solutions Engineer (Front-End Developer),PIPRA Solutions,https://www.linkedin.com/jobs/view/4437304643/,skipped,score 5 below threshold
2026-07-24,LinkedIn,React js Full stack developer,Infosys,https://www.linkedin.com/jobs/view/4440250960/,skipped,score 50 below threshold
2026-07-24,LinkedIn,Software Engineer,Altisource,https://www.linkedin.com/jobs/view/4413309688/,skipped,score 5 below threshold
2026-07-24,LinkedIn,SDE-1 Full Stack Engineer (HighAdvocacy),Saleshandy,https://www.linkedin.com/jobs/view/4443115620/,skipped,score 5 below threshold
2026-07-24,LinkedIn,React Developer,Virtusa,https://www.linkedin.com/jobs/view/4440477034/,skipped,score 25 below threshold
2026-07-24,LinkedIn,React JS Full Stack Developer,Papigen,https://www.linkedin.com/jobs/view/4423917106/,skipped,score 50 below threshold
2026-07-24,LinkedIn,"Full Stack Developer (Node.js, Electron.js)",AtumX,https://www.linkedin.com/jobs/view/4370028255/,skipped,score 50 below threshold
2026-07-24,LinkedIn,Frontend Engineer (React Native),Tempo (YC S23),https://www.linkedin.com/jobs/view/4380170860/,skipped,"no Easy Apply — external ATS, skipped"
2026-07-24,LinkedIn,Associate Software Engineer,About Indo Qubix,https://www.linkedin.com/jobs/view/4437975641/,skipped,score 5 below threshold
2026-07-24,LinkedIn,React Native Engineer,Infosys,https://www.linkedin.com/jobs/view/4444010854/,skipped,"no Easy Apply — external ATS, skipped"
2026-07-24,LinkedIn,Javascript Developer,Recro,https://www.linkedin.com/jobs/view/4433643672/,skipped,score 25 below threshold
2026-07-24,LinkedIn,Frontend Developer,Weekday AI (YC W21),https://www.linkedin.com/jobs/view/4444919332/,skipped,score 5 below threshold
2026-07-24,LinkedIn,Software Engineer,House Technologies,https://www.linkedin.com/jobs/view/4444256120/,skipped,score 5 below threshold
2026-07-24,LinkedIn,Full-Stack Engineer,Bahwan CyberTek,https://www.linkedin.com/jobs/view/4443117357/,skipped,score 5 below threshold
2026-07-24,LinkedIn,Remote Software Engineer (JavaScript),Turing,https://www.linkedin.com/jobs/view/4444471666/,skipped,score 25 below threshold
2026-07-24,LinkedIn,"Developer, Front End",Medable,https://www.linkedin.com/jobs/view/4414944455/,skipped,score 5 below threshold
2026-07-24,LinkedIn,Junior Programmer,Garena,https://www.linkedin.com/jobs/view/4434071320/,skipped,score 5 below threshold
2026-07-24,LinkedIn,"Software Engineer, React Native (3-5 Years)",PhonePe,https://www.linkedin.com/jobs/view/4438286232/,skipped,"no Easy Apply — external ATS, skipped"
2026-07-24,Instahyre,Liquide - Frontend Engineer,Liquide,https://www.instahyre.com/#job/liquide/liquide-frontend-engineer,skipped,score 50 below threshold
2026-07-24,Instahyre,KnackLabs - Software Development Engineer,KnackLabs,https://www.instahyre.com/#job/knacklabs/knacklabs-software-development-engineer,skipped,score 25 below threshold
2026-07-24,Instahyre,Gullak - Frontend Engineer,Gullak,https://www.instahyre.com/#job/gullak/gullak-frontend-engineer,skipped,score 50 below threshold
2026-07-24,Instahyre,Oolka - Senior Software Engineer - React Native,Oolka,https://www.instahyre.com/#job/oolka/oolka-senior-software-engineer-react-native,skipped,score -100 below threshold
2026-07-24,Instahyre,Wizzme - Founding Engineer,Wizzme,https://www.instahyre.com/#job/wizzme/wizzme-founding-engineer,skipped,score 25 below threshold
2026-07-24,Instahyre,Runable - Frontend Developer,Runable,https://www.instahyre.com/#job/runable/runable-frontend-developer,skipped,score 50 below threshold
2026-07-24,Instahyre,Requip - Software Development Engineer - 1,Requip,https://www.instahyre.com/#job/requip/requip-software-development-engineer-1,skipped,score 25 below threshold
2026-07-24,Instahyre,Google - Senior Frontend Web Developer,Google,https://www.instahyre.com/#job/google/google-senior-frontend-web-developer,skipped,score -100 below threshold
2026-07-24,Instahyre,Kotak811 - Software Development Engineer II (SDE2),Kotak811,https://www.instahyre.com/#job/kotak811/kotak811-software-development-engineer-ii-sde2,skipped,score 25 below threshold
2026-07-24,Instahyre,super.money - React Native Developer 2,super.money,https://www.instahyre.com/#job/super-money/super-money-react-native-developer-2,applied,auto-applied (score 65)
2026-07-24,Instahyre,Amazon - React Native Developer,Amazon,https://www.instahyre.com/#job/amazon/amazon-react-native-developer,applied,auto-applied (score 65)
2026-07-24,Instahyre,Razorpay - iOS Developer,Razorpay,https://www.instahyre.com/#job/razorpay/razorpay-ios-developer,skipped,score 25 below threshold
2026-07-24,Naukri,React Native Developer,Santa Browser,https://www.naukri.com/job-listings-react-native-developer-santa-browser-hyderabad-3-to-5-years-240726507223,skipped,skipped — external ATS (apply on company site)
2026-07-24,Naukri,React Native Developer,Techefficio,https://www.naukri.com/job-listings-react-native-developer-techefficio-hyderabad-3-to-5-years-200726503418,skipped,skipped — external ATS (apply on company site)
2026-07-24,Naukri,React Native Developer,Bigziel,https://www.naukri.com/job-listings-react-native-developer-bigziel-chennai-1-to-3-years-311025501360,skipped,skipped — external ATS (apply on company site)
2026-07-24,Naukri,React Native Developer,Technoadviser Technologies,https://www.naukri.com/job-listings-react-native-developer-technoadviser-technologies-pvt-ltd-hyderabad-1-to-5-years-290526503919,failed,Apply button not found
2026-07-24,Naukri,React Native Developer,Pillersoft Technology,https://www.naukri.com/job-listings-react-native-developer-piller-soft-technology-pune-3-to-7-years-210725500684,skipped,skipped — external ATS (apply on company site)
2026-07-24,Naukri,React Native Developer,Digixpro,https://www.naukri.com/job-listings-react-native-developer-digixpro-bengaluru-1-to-5-years-071125501730,skipped,skipped — external ATS (apply on company site)
2026-07-24,Naukri,React Native Developer,Cloud Counselage,https://www.naukri.com/job-listings-react-native-developer-cloud-counselage-pvt-ltd-chennai-3-to-7-years-301225507873,skipped,skipped — external ATS (apply on company site)
2026-07-24,Naukri,React Native Developer - PHP/MySQL,Loyal String International,https://www.naukri.com/job-listings-react-native-developer-php-mysql-loyal-string-international-pune-2-to-3-years-190620501339,skipped,skipped — external ATS (apply on company site)
2026-07-24,Naukri,React Native Developer,Up Market Research,https://www.naukri.com/job-listings-react-native-developer-up-market-research-pune-3-to-7-years-170424500355,skipped,skipped — external ATS (apply on company site)
2026-07-24,Naukri,React Native developer,Analogue It Solutions,https://www.naukri.com/job-listings-react-native-developer-analogue-it-solutions-mobile-application-development-company-hyderabad-1-to-4-years-150125503399,skipped,skipped — external ATS (apply on company site)
2026-07-24,Naukri,React Native Developer,Quanteon Solutions,https://www.naukri.com/job-listings-react-native-developer-quanteon-llc-hyderabad-3-to-8-years-130226502852,skipped,skipped — external ATS (apply on company site)
2026-07-24,Naukri,React Native Mobile Developer,Tech Stalwart Solution,https://www.naukri.com/job-listings-react-native-mobile-developer-tech-stalwart-solution-private-limited-kolkata-mumbai-new-delhi-hyderabad-pune-chennai-bengaluru-3-to-8-years-090925503642,skipped,skipped — external ATS (apply on company site)
2026-07-24,Naukri,React Native Developers | Hyderabad India,Sowedane,https://www.naukri.com/job-listings-react-native-developers-hyderabad-india-sowedane-hyderabad-3-to-8-years-280526503016,failed,Apply button not found
2026-07-24,Naukri,React Native Developer,Chromosis Technologies,https://www.naukri.com/job-listings-react-native-developer-chromosis-technologies-pvt-ltd-bengaluru-1-to-5-years-260326500675,skipped,skipped — external ATS (apply on company site)
2026-07-24,Naukri,React Native Developer,Apex 2000 INC,https://www.naukri.com/job-listings-react-native-developer-apex-2000-inc-bengaluru-3-to-7-years-210526501004,skipped,skipped — external ATS (apply on company site)
2026-07-24,Naukri,React Native Developer Product,Recrosoft,https://www.naukri.com/job-listings-react-native-developer-product-recrosoft-technologies-pvt-ltd-bengaluru-1-to-4-years-140526503556,failed,Apply button not found
2026-07-24,Naukri,React Native Developer,Sthapatya Software,https://www.naukri.com/job-listings-react-native-developer-sthapatya-software-pvt-ltd-pune-3-to-5-years-311225501089,skipped,skipped — external ATS (apply on company site)
2026-07-24,Naukri,React Native Developer,Webpetal Software,https://www.naukri.com/job-listings-react-native-developer-webpetal-software-pvt-ltd-gurugram-0-to-2-years-311025500174,skipped,skipped — external ATS (apply on company site)
2026-07-24,Naukri,React Native Developer,Medpick,https://www.naukri.com/job-listings-react-native-developer-medpick-bengaluru-1-to-5-years-311025500126,skipped,skipped — external ATS (apply on company site)
2026-07-24,Naukri,Mobile Developer,Akra Tech,https://www.naukri.com/job-listings-mobile-developer-akra-tech-chennai-3-to-8-years-200726503725,skipped,skipped — external ATS (apply on company site)
2026-07-24,Naukri,Mobile Developer,Siri Innovations,https://www.naukri.com/job-listings-mobile-developer-siri-innovations-pvt-ltd-hyderabad-2-to-5-years-210726501582,skipped,score 50 below threshold
2026-07-24,Naukri,"Staff Engineer ,Mobile Developer",Nagarro,https://www.naukri.com/job-listings-staff-engineer-mobile-developer-nagarro-software-pvt-ltd-hyderabad-1-to-3-years-291025502366,skipped,score -100 below threshold
2026-07-24,Naukri,Mobile Developer,Couchbase,https://www.naukri.com/job-listings-mobile-developer-couchbase-inc-bengaluru-1-to-3-years-270625501943,skipped,skipped — external ATS (apply on company site)
2026-07-24,Naukri,Mobile Developer (Japan Posting),Mount Talent Consulting,https://www.naukri.com/job-listings-mobile-developer-japan-posting-value-innovation-labs-hyderabad-bengaluru-delhi-ncr-2-to-5-years-260626000136,skipped,score 50 below threshold
2026-07-24,Naukri,Mobile Developer (Japan Posting),Mount Talent Consulting,https://www.naukri.com/job-listings-mobile-developer-japan-posting-value-innovation-labs-noida-hyderabad-chennai-2-to-6-years-260626000133,skipped,score 50 below threshold
2026-07-24,Naukri,Mobile Developer,Cyces Innovation Labs Llp,https://www.naukri.com/job-listings-mobile-developer-cyces-innovation-labs-llp-chennai-2-to-7-years-290526504570,skipped,skipped — external ATS (apply on company site)
2026-07-24,Naukri,Mobile Developer,rigbot.com,https://www.naukri.com/job-listings-mobile-developer-rigbot-com-hyderabad-0-to-8-years-310817503081,skipped,score 50 below threshold
2026-07-24,Naukri,Mobile Developer - Microsoft Certified,Acuity Software Technologies,https://www.naukri.com/job-listings-mobile-developer-microsoft-certified-acuity-software-technologies-hyderabad-3-to-8-years-240517500889,skipped,score -100 below threshold
2026-07-24,Naukri,AI Agent Reliability Engineer - Mobile Developers,Emergent India,https://www.naukri.com/job-listings-ai-agent-reliability-engineer-mobile-developers-emergent-bengaluru-1-to-5-years-300626500430,skipped,score 50 below threshold
2026-07-24,Naukri,Mobile Developer,BNI,https://www.naukri.com/job-listings-mobile-developer-bni-bengaluru-2-to-3-years-150626503249,skipped,score 50 below threshold
2026-07-24,Naukri,Mobile Developer,Shopdeck,https://www.naukri.com/job-listings-mobile-developer-shopdeck-previously-nushop-bengaluru-2-to-4-years-020626502541,skipped,score 50 below threshold
2026-07-24,Naukri,Mobile Developer,Technerds Solutions,https://www.naukri.com/job-listings-mobile-developer-technerds-solutions-pvt-ltd-chennai-2-to-5-years-301025504772,skipped,score 50 below threshold
2026-07-24,Naukri,Maximo Mobile Developer,Capgemini,https://www.naukri.com/job-listings-maximo-mobile-developer-capgemini-technology-services-india-limited-bengaluru-3-to-7-years-290626928453,skipped,score 50 below threshold
2026-07-24,Naukri,Mobile Developer,Logic Planet,https://www.naukri.com/job-listings-mobile-developer-logicplanet-it-services-hubli-mangaluru-mysuru-bengaluru-belgaum-0-to-5-years-240226505078,skipped,score 50 below threshold
2026-07-24,Naukri,Mobile developer,Technologyport Software India,https://www.naukri.com/job-listings-mobile-developer-technologyport-software-india-pvt-ltd-bengaluru-2-to-4-years-231219501376,skipped,score 50 below threshold
2026-07-24,Naukri,Mobile Developer- Visa,Foray Software,https://www.naukri.com/job-listings-mobile-developer-visa-foray-software-pvt-ltd-bengaluru-3-to-7-years-230824501588,skipped,score 50 below threshold
2026-07-24,Naukri,Mobile Developer,Wingz Technologies,https://www.naukri.com/job-listings-mobile-developer-wingz-technologies-chennai-1-to-4-years-220425500929,skipped,score 50 below threshold
2026-07-24,Naukri,Mobile Developer,Photon,https://www.naukri.com/job-listings-mobile-developer-photon-infotech-p-ltd-chennai-3-to-7-years-191124505967,skipped,score 50 below threshold
2026-07-24,Naukri,Mobile Developer,SATRA Group,https://www.naukri.com/job-listings-mobile-developer-satra-infrastructure-management-services-hyderabad-2-to-3-years-190625503012,skipped,score 50 below threshold
2026-07-24,Naukri,Frontend Engineer (React & React Native),Y2Z Travel,https://www.naukri.com/job-listings-frontend-engineer-react-react-native-y2z-travel-bengaluru-1-to-5-years-191224503297,skipped,skipped — external ATS (apply on company site)
2026-07-24,Naukri,Frontend Engineer (React / React Native),Prepairo,https://www.naukri.com/job-listings-frontend-engineer-react-react-native-prepairo-bengaluru-2-to-5-years-010626503686,failed,Apply button not found
2026-07-24,Naukri,"Associate Principal Engineer, Frontend React",Nagarro,https://www.naukri.com/job-listings-associate-principal-engineer-frontend-react-nagarro-software-pvt-ltd-bengaluru-0-to-3-years-291025503104,skipped,score -100 below threshold
2026-07-24,Naukri,React Frontend Engineer,Omniful,https://www.naukri.com/job-listings-react-frontend-engineer-omniful-gurugram-3-to-8-years-200525503513,skipped,score 55 below threshold
2026-07-24,Naukri,Frontend - Engineer,Varaha Systems,https://www.naukri.com/job-listings-frontend-engineer-varaha-systems-inc-bengaluru-3-to-8-years-140726501769,skipped,score 55 below threshold
2026-07-24,Naukri,"Engineer, Frontend React",Nagarro,https://www.naukri.com/job-listings-engineer-frontend-react-nagarro-software-pvt-ltd-bengaluru-2-to-7-years-291025501402,skipped,score 55 below threshold
2026-07-24,Naukri,Frontend Engineer (React),Startappss Systems,https://www.naukri.com/job-listings-frontend-engineer-react-startappss-systems-pvt-ltd-indore-3-to-8-years-230726503784,skipped,score 55 below threshold
2026-07-24,Naukri,Frontend Engineer ( React / Next . js ),Workforce Next,https://www.naukri.com/job-listings-frontend-engineer-react-next-js-workforce-next-noida-2-to-6-years-140526500224,skipped,score 55 below threshold
2026-07-24,Naukri,Frontend Engineer (React),Technix India Solutions,https://www.naukri.com/job-listings-frontend-engineer-react-technix-technology-patna-0-to-2-years-101125501751,skipped,score 55 below threshold
2026-07-24,Naukri,Frontend Engineer (React.js / Next.js),Aqilea,https://www.naukri.com/job-listings-frontend-engineer-react-js-next-js-aqilea-formerly-soltia-bengaluru-5-to-9-years-150726500749,skipped,experience 5-9 Yrs out of range
2026-07-24,Naukri,Frontend Engineer,Vowels Of The People Association,https://www.naukri.com/job-listings-frontend-engineer-vopa-pune-3-to-5-years-200726504194,skipped,score 30 below threshold
2026-07-24,Naukri,Frontend Engineer,Apex 2000,https://www.naukri.com/job-listings-frontend-engineer-apex-2000-inc-pune-3-to-7-years-290626503315,skipped,score 10 below threshold
2026-07-24,Naukri,Front end Engineer,Diverse Lynx,https://www.naukri.com/job-listings-front-end-engineer-diverse-lynx-bengaluru-1-to-5-years-230626501437,skipped,score 55 below threshold
2026-07-24,Naukri,Frontend Engineer - React js,Cloud Nautical Solutions India,https://www.naukri.com/job-listings-frontend-engineer-react-js-cloud-nautical-solutions-india-private-limited-thiruvananthapuram-5-to-10-years-240726503467,skipped,experience 5-10 Yrs out of range
2026-07-24,Naukri,React Frontend Engineer,Leading Client,https://www.naukri.com/job-listings-react-frontend-engineer-contactx-resource-management-pvt-ltd-bengaluru-7-to-10-years-170726918079,skipped,experience 7-10 Yrs out of range
2026-07-24,Naukri,Frontend Engineer,Alaan,https://www.naukri.com/job-listings-frontend-engineer-alaan-bengaluru-2-to-7-years-100726509609,skipped,score 30 below threshold
2026-07-24,Naukri,Frontend Engineer,Diverse Lynx,https://www.naukri.com/job-listings-frontend-engineer-diverse-lynx-bengaluru-2-to-6-years-080825500478,skipped,score 30 below threshold
2026-07-24,Naukri,Front End UI Engineer,Ascendion Engineering,https://www.naukri.com/job-listings-front-end-ui-engineer-ascendion-engineering-bengaluru-7-to-12-years-140726018965,skipped,experience 7-12 Yrs out of range
2026-07-24,Naukri,Frontend Engineer React JS,Einfochips,https://www.naukri.com/job-listings-frontend-engineer-react-js-e-infochips-limited-indore-4-to-12-years-160226505299,skipped,experience 4-12 Yrs out of range
2026-07-24,Naukri,Frontend Engineer React JS,Einfochips,https://www.naukri.com/job-listings-frontend-engineer-react-js-e-infochips-limited-ahmedabad-4-to-12-years-160226505298,skipped,experience 4-12 Yrs out of range
2026-07-24,Naukri,Full Stack Developer (React + Node),Kleistech,https://www.naukri.com/job-listings-full-stack-developer-react-node-kleistech-pune-2-to-7-years-170726504546,skipped,score 55 below threshold
2026-07-24,Naukri,React & Node Full stack Developer,PAL It Tech,https://www.naukri.com/job-listings-react-node-full-stack-developer-pal-it-tech-pvt-ltd-hyderabad-3-to-5-years-090726502862,skipped,score 55 below threshold
2026-07-24,Naukri,Required Full Stack Developer (React + Node JS+ AWS) For Pune,Recruit Hunt Technologies,https://www.naukri.com/job-listings-required-full-stack-developer-react-node-js-aws-for-pune-recruit-hunt-technologies-pune-2-to-7-years-160726034337,skipped,score 55 below threshold
2026-07-24,Naukri,Fullstack Developer,Careait Health Services,https://www.naukri.com/job-listings-fullstack-developer-careait-health-services-bengaluru-0-to-3-years-010726028673,skipped,score 55 below threshold
2026-07-24,Naukri,Full Stack Developer,Leading Client,https://www.naukri.com/job-listings-full-stack-developer-rimpac-hr-services-llp-pune-bengaluru-2-to-6-years-230726933909,skipped,score -100 below threshold
2026-07-24,Naukri,Full Stack Developer (React & Node JD),Vertiscript Global It Services,https://www.naukri.com/job-listings-full-stack-developer-react-node-jd-vertiscript-global-it-solution-hyderabad-3-to-6-years-031225502948,skipped,score 55 below threshold
2026-07-24,Naukri,Fullstack Developer,99yellow,https://www.naukri.com/job-listings-fullstack-developer-99yellow-gurugram-3-to-5-years-220726030478,skipped,score -100 below threshold
2026-07-24,Naukri,React + Node - Full Stack Developer,Paltech Consulting,https://www.naukri.com/job-listings-react-node-full-stack-developer-paltech-consulting-hyderabad-3-to-6-years-070726027633,skipped,score 55 below threshold
2026-07-24,Naukri,Full Stack Developer React + Node,Quanteon Solutions,https://www.naukri.com/job-listings-full-stack-developer-react-node-quanteon-llc-hyderabad-3-to-8-years-130226502853,skipped,score 55 below threshold
2026-07-24,Naukri,Full stack Developer,Leadpulse.io,https://www.naukri.com/job-listings-full-stack-developer-leadpulse-io-hyderabad-bengaluru-delhi-ncr-2-to-3-years-170726911752,skipped,score 55 below threshold
2026-07-24,Naukri,Fullstack Developer(Immediate Joiners only Apply,Empover,https://www.naukri.com/job-listings-fullstack-developer-immediate-joiners-only-apply-empover-hyderabad-3-to-5-years-210726018410,skipped,score 55 below threshold
2026-07-24,Naukri,Fullstack Developer (NodeJS + React),Ixigo,https://www.naukri.com/job-listings-fullstack-developer-nodejs-react-ixigo-gurugram-3-to-8-years-200726505767,skipped,score 55 below threshold
2026-07-24,Naukri,Fullstack Developer,Deloitte Shared Services India,https://www.naukri.com/job-listings-fullstack-developer-deloitte-shared-services-india-bengaluru-2-to-6-years-120626008685,skipped,score 55 below threshold
2026-07-24,Naukri,Fullstack Developer,IFOX CLICKS LLP,https://www.naukri.com/job-listings-fullstack-developer-ifox-clicks-llp-chennai-1-to-3-years-170726030398,skipped,score 55 below threshold
2026-07-24,Naukri,Full Stack Developer,Zonolith Technologies,https://www.naukri.com/job-listings-full-stack-developer-zonolith-technologies-bengaluru-2-to-7-years-170726503047,skipped,score 55 below threshold
2026-07-24,Naukri,Full Stack Developer,Leading Client,https://www.naukri.com/job-listings-full-stack-developer-contactx-resource-management-pvt-ltd-gurugram-2-to-5-years-170726918040,skipped,score 30 below threshold
2026-07-24,Naukri,Full Stack Developer,Leading Client,https://www.naukri.com/job-listings-full-stack-developer-contactx-resource-management-pvt-ltd-gurugram-2-to-5-years-170726918037,skipped,score 55 below threshold
2026-07-24,Naukri,Fullstack Developer,VM Edulife,https://www.naukri.com/job-listings-fullstack-developer-vm-edulife-pune-1-to-5-years-170726021582,skipped,score 55 below threshold
2026-07-24,Naukri,Full Stack Developer (React with Node),Programming.Com,https://www.naukri.com/job-listings-full-stack-developer-react-with-node-programming-com-bengaluru-2-to-6-years-121224501301,skipped,score 55 below threshold
2026-07-24,Naukri,Fullstack Developer,MNC,https://www.naukri.com/job-listings-fullstack-developer-tele-infotech-pimpri-chinchwad-pune-0-to-2-years-210726034817,skipped,score 30 below threshold
2026-07-24,LinkedIn,ReactJS developer,Infosys,https://www.linkedin.com/jobs/view/4439492592/,skipped,score 25 below threshold
2026-07-24,LinkedIn,Frontend Software Engineer,Weekday AI (YC W21),https://www.linkedin.com/jobs/view/4438896844/,skipped,score 5 below threshold
2026-07-24,LinkedIn,SDE-1 Full Stack Engineer (HighAdvocacy),Saleshandy,https://www.linkedin.com/jobs/view/4443115620/,skipped,score 5 below threshold
2026-07-24,LinkedIn,React JS Developer,Veara Creatives,https://www.linkedin.com/jobs/view/4439520117/,skipped,score 25 below threshold
2026-07-24,LinkedIn,Software Engineer,Digichorus Technologies Pvt Ltd,https://www.linkedin.com/jobs/view/4442591945/,skipped,score 5 below threshold
2026-07-24,LinkedIn,Angular Developer,Flit Webs,https://www.linkedin.com/jobs/view/4433767904/,skipped,score 5 below threshold
2026-07-24,LinkedIn,Flutter Developer,AdEngage,https://www.linkedin.com/jobs/view/4438105441/,skipped,score 5 below threshold
2026-07-24,LinkedIn,Web Developer,ShrinQ Consulting Group Inc,https://www.linkedin.com/jobs/view/4444015670/,skipped,score 5 below threshold
2026-07-24,LinkedIn,Software Engineer,thinkbridge,https://www.linkedin.com/jobs/view/4442720145/,skipped,score 5 below threshold
2026-07-24,LinkedIn,Application Developer | $90/hr Remote,Crossing Hurdles,https://www.linkedin.com/jobs/view/4437556029/,skipped,score 5 below threshold
2026-07-24,LinkedIn,Backend Software Developer (Remote),Hire Feed,https://www.linkedin.com/jobs/view/4444799817/,skipped,score 5 below threshold
2026-07-24,LinkedIn,Software Engineer | Remote,CodeGeniusRecruit,https://www.linkedin.com/jobs/view/4430551220/,skipped,score 5 below threshold
2026-07-24,LinkedIn,React + TypeScript Developer - Remote Work | REF#283141,BairesDev,https://www.linkedin.com/jobs/view/4258062437/,skipped,score 25 below threshold
2026-07-24,LinkedIn,Frontend Engineer,Payoneer,https://www.linkedin.com/jobs/view/4421800557/,skipped,score 5 below threshold
2026-07-24,LinkedIn,Node.js Developer (Remote),Quik Hire Staffing,https://www.linkedin.com/jobs/view/4444904950/,skipped,score 25 below threshold
2026-07-24,LinkedIn,React + TypeScript Developer - Remote Work | REF#283165,BairesDev,https://www.linkedin.com/jobs/view/4258063423/,skipped,score 25 below threshold
2026-07-24,LinkedIn,Backend Software Developer (Remote),Hire Feed,https://www.linkedin.com/jobs/view/4444799817/,skipped,score 5 below threshold
2026-07-24,LinkedIn,React.js Developer,LuminoGuru Pvt Ltd,https://www.linkedin.com/jobs/view/4211262467/,skipped,score 25 below threshold
2026-07-24,LinkedIn,Software Engineer,Digichorus Technologies Pvt Ltd,https://www.linkedin.com/jobs/view/4442591945/,skipped,score 5 below threshold
2026-07-24,LinkedIn,React js Full stack developer,Infosys,https://www.linkedin.com/jobs/view/4441388550/,skipped,score 50 below threshold
2026-07-24,LinkedIn,React JS Developer,Veara Creatives,https://www.linkedin.com/jobs/view/4439520117/,skipped,score 25 below threshold
2026-07-24,LinkedIn,Intermediate Application Developer - Java,UPS,https://www.linkedin.com/jobs/view/4442641310/,skipped,score -100 below threshold
2026-07-24,LinkedIn,Java Full Stack developer with React and NodeJS,Infosys,https://www.linkedin.com/jobs/view/4442679706/,skipped,score 50 below threshold
2026-07-24,LinkedIn,Full-Stack Web Developer – Cybersecurity Training Platform,Security Impossible,https://www.linkedin.com/jobs/view/4441170681/,skipped,score 5 below threshold
2026-07-24,LinkedIn,React.js Developer,Unthread,https://www.linkedin.com/jobs/view/4306114557/,skipped,score 25 below threshold
2026-07-24,LinkedIn,Web Developer,The Creative Stitch,https://www.linkedin.com/jobs/view/4438055674/,skipped,score 5 below threshold
2026-07-24,LinkedIn,Software Engineer | Remote,CodeGeniusRecruit,https://www.linkedin.com/jobs/view/4430551220/,skipped,score 5 below threshold
2026-07-24,LinkedIn,React.js Developer,MoreYeahs,https://www.linkedin.com/jobs/view/4306124368/,skipped,score 25 below threshold
2026-07-24,LinkedIn,Software Engineer,BigStep Technologies,https://www.linkedin.com/jobs/view/4443813663/,skipped,score 5 below threshold
2026-07-24,LinkedIn,Remote JavaScript Engineer,Turing,https://www.linkedin.com/jobs/view/4444482390/,skipped,score 25 below threshold
2026-07-24,LinkedIn,"Full Stack Developer (Node.js, React)",BitesVilla,https://www.linkedin.com/jobs/view/4443810975/,skipped,score 50 below threshold
2026-07-24,LinkedIn,Junior Engineer,Lendable,https://www.linkedin.com/jobs/view/4444296731/,skipped,score 5 below threshold
2026-07-24,LinkedIn,React + TypeScript Developer - Remote Work | REF#283165,BairesDev,https://www.linkedin.com/jobs/view/4258063423/,skipped,score 25 below threshold
2026-07-24,LinkedIn,Development Engineer,Flexiple,https://www.linkedin.com/jobs/view/4444914763/,skipped,score 5 below threshold
2026-07-24,LinkedIn,SDE - Customer Engineering,BrowserStack,https://www.linkedin.com/jobs/view/4440443886/,skipped,score 5 below threshold
2026-07-24,Instahyre,Liquide - Frontend Engineer,Liquide,https://www.instahyre.com/#job/liquide/liquide-frontend-engineer,applied,auto-applied (score 55)
2026-07-24,Instahyre,KnackLabs - Software Development Engineer,KnackLabs,https://www.instahyre.com/#job/knacklabs/knacklabs-software-development-engineer,skipped,score 30 below threshold
2026-07-24,Instahyre,Gullak - Frontend Engineer,Gullak,https://www.instahyre.com/#job/gullak/gullak-frontend-engineer,applied,auto-applied (score 55)
2026-07-24,Instahyre,Oolka - Senior Software Engineer - React Native,Oolka,https://www.instahyre.com/#job/oolka/oolka-senior-software-engineer-react-native,skipped,score -100 below threshold
2026-07-24,Instahyre,Wizzme - Founding Engineer,Wizzme,https://www.instahyre.com/#job/wizzme/wizzme-founding-engineer,skipped,score 30 below threshold
2026-07-24,Instahyre,Runable - Frontend Developer,Runable,https://www.instahyre.com/#job/runable/runable-frontend-developer,applied,auto-applied (score 55)
2026-07-24,Instahyre,Requip - Software Development Engineer - 1,Requip,https://www.instahyre.com/#job/requip/requip-software-development-engineer-1,skipped,score 30 below threshold
2026-07-24,Instahyre,Google - Senior Frontend Web Developer,Google,https://www.instahyre.com/#job/google/google-senior-frontend-web-developer,skipped,score -100 below threshold
2026-07-24,Instahyre,Kotak811 - Software Development Engineer II (SDE2),Kotak811,https://www.instahyre.com/#job/kotak811/kotak811-software-development-engineer-ii-sde2,skipped,score 30 below threshold
2026-07-24,Naukri,React Native Developer,Santa Browser,https://www.naukri.com/job-listings-react-native-developer-santa-browser-hyderabad-3-to-5-years-240726507223,failed,No apply confirmation detected
2026-07-24,Naukri,React Native Developer,Techefficio,https://www.naukri.com/job-listings-react-native-developer-techefficio-hyderabad-3-to-5-years-200726503418,skipped,skipped — external ATS (apply on company site)
2026-07-24,Naukri,React Native Developer,Bigziel,https://www.naukri.com/job-listings-react-native-developer-bigziel-chennai-1-to-3-years-311025501360,skipped,skipped — external ATS (apply on company site)
2026-07-24,Naukri,React Native Developer,Technoadviser Technologies,https://www.naukri.com/job-listings-react-native-developer-technoadviser-technologies-pvt-ltd-hyderabad-1-to-5-years-290526503919,failed,Apply button not found — page buttons  [Jobs2 | Recommended jobs | NVites13 New | Application status112 Updates | Saved jobs | Companies | Explore categories | Unicorn | MNC | Startup]
2026-07-24,Naukri,React Native Developer,Pillersoft Technology,https://www.naukri.com/job-listings-react-native-developer-piller-soft-technology-pune-3-to-7-years-210725500684,skipped,skipped — external ATS (apply on company site)
2026-07-24,Naukri,React Native Developer,Digixpro,https://www.naukri.com/job-listings-react-native-developer-digixpro-bengaluru-1-to-5-years-071125501730,skipped,skipped — external ATS (apply on company site)
2026-07-24,Naukri,React Native Developer,Cloud Counselage,https://www.naukri.com/job-listings-react-native-developer-cloud-counselage-pvt-ltd-chennai-3-to-7-years-301225507873,skipped,skipped — external ATS (apply on company site)
2026-07-24,Naukri,React Native Developer - PHP/MySQL,Loyal String International,https://www.naukri.com/job-listings-react-native-developer-php-mysql-loyal-string-international-pune-2-to-3-years-190620501339,skipped,skipped — external ATS (apply on company site)
2026-07-24,Naukri,React Native Developer,Up Market Research,https://www.naukri.com/job-listings-react-native-developer-up-market-research-pune-3-to-7-years-170424500355,skipped,skipped — external ATS (apply on company site)
2026-07-24,Naukri,React Native developer,Analogue It Solutions,https://www.naukri.com/job-listings-react-native-developer-analogue-it-solutions-mobile-application-development-company-hyderabad-1-to-4-years-150125503399,skipped,skipped — external ATS (apply on company site)
2026-07-24,Naukri,React Native Developer,Quanteon Solutions,https://www.naukri.com/job-listings-react-native-developer-quanteon-llc-hyderabad-3-to-8-years-130226502852,skipped,skipped — external ATS (apply on company site)
2026-07-24,Naukri,React Native Mobile Developer,Tech Stalwart Solution,https://www.naukri.com/job-listings-react-native-mobile-developer-tech-stalwart-solution-private-limited-kolkata-mumbai-new-delhi-hyderabad-pune-chennai-bengaluru-3-to-8-years-090925503642,skipped,skipped — external ATS (apply on company site)
2026-07-24,Naukri,React Native Developers | Hyderabad India,Sowedane,https://www.naukri.com/job-listings-react-native-developers-hyderabad-india-sowedane-hyderabad-3-to-8-years-280526503016,failed,Apply button not found — page buttons  [Jobs2 | Recommended jobs | NVites13 New | Application status112 Updates | Saved jobs | Companies | Explore categories | Unicorn | MNC | Startup]
2026-07-24,Naukri,React Native Developer,Chromosis Technologies,https://www.naukri.com/job-listings-react-native-developer-chromosis-technologies-pvt-ltd-bengaluru-1-to-5-years-260326500675,skipped,skipped — external ATS (apply on company site)
2026-07-24,Naukri,React Native Developer,Apex 2000 INC,https://www.naukri.com/job-listings-react-native-developer-apex-2000-inc-bengaluru-3-to-7-years-210526501004,skipped,skipped — external ATS (apply on company site)
2026-07-24,Naukri,React Native Developer Product,Recrosoft,https://www.naukri.com/job-listings-react-native-developer-product-recrosoft-technologies-pvt-ltd-bengaluru-1-to-4-years-140526503556,failed,Apply button not found — page buttons  [Jobs2 | Recommended jobs | NVites13 New | Application status112 Updates | Saved jobs | Companies | Explore categories | Unicorn | MNC | Startup]
2026-07-24,Naukri,React Native Developer,Sthapatya Software,https://www.naukri.com/job-listings-react-native-developer-sthapatya-software-pvt-ltd-pune-3-to-5-years-311225501089,skipped,skipped — external ATS (apply on company site)
2026-07-24,Naukri,React Native Developer,Webpetal Software,https://www.naukri.com/job-listings-react-native-developer-webpetal-software-pvt-ltd-gurugram-0-to-2-years-311025500174,skipped,skipped — external ATS (apply on company site)
2026-07-24,Naukri,React Native Developer,Medpick,https://www.naukri.com/job-listings-react-native-developer-medpick-bengaluru-1-to-5-years-311025500126,skipped,skipped — external ATS (apply on company site)
2026-07-24,Naukri,Mobile Developer,Akra Tech,https://www.naukri.com/job-listings-mobile-developer-akra-tech-chennai-3-to-8-years-200726503725,skipped,skipped — external ATS (apply on company site)
2026-07-24,Naukri,Mobile Developer,Siri Innovations,https://www.naukri.com/job-listings-mobile-developer-siri-innovations-pvt-ltd-hyderabad-2-to-5-years-210726501582,skipped,score 50 below threshold
2026-07-24,Naukri,"Staff Engineer ,Mobile Developer",Nagarro,https://www.naukri.com/job-listings-staff-engineer-mobile-developer-nagarro-software-pvt-ltd-hyderabad-1-to-3-years-291025502366,skipped,score -100 below threshold
2026-07-24,Naukri,Mobile Developer,Couchbase,https://www.naukri.com/job-listings-mobile-developer-couchbase-inc-bengaluru-1-to-3-years-270625501943,skipped,skipped — external ATS (apply on company site)
2026-07-24,Naukri,Mobile Developer (Japan Posting),Mount Talent Consulting,https://www.naukri.com/job-listings-mobile-developer-japan-posting-value-innovation-labs-hyderabad-bengaluru-delhi-ncr-2-to-5-years-260626000136,skipped,score 50 below threshold
2026-07-24,Naukri,Mobile Developer (Japan Posting),Mount Talent Consulting,https://www.naukri.com/job-listings-mobile-developer-japan-posting-value-innovation-labs-noida-hyderabad-chennai-2-to-6-years-260626000133,skipped,score 50 below threshold
2026-07-24,Naukri,Mobile Developer,Cyces Innovation Labs Llp,https://www.naukri.com/job-listings-mobile-developer-cyces-innovation-labs-llp-chennai-2-to-7-years-290526504570,skipped,skipped — external ATS (apply on company site)
2026-07-24,Naukri,Mobile Developer,rigbot.com,https://www.naukri.com/job-listings-mobile-developer-rigbot-com-hyderabad-0-to-8-years-310817503081,skipped,score 50 below threshold
2026-07-24,Naukri,Mobile Developer - Microsoft Certified,Acuity Software Technologies,https://www.naukri.com/job-listings-mobile-developer-microsoft-certified-acuity-software-technologies-hyderabad-3-to-8-years-240517500889,skipped,score -100 below threshold
2026-07-24,Naukri,AI Agent Reliability Engineer - Mobile Developers,Emergent India,https://www.naukri.com/job-listings-ai-agent-reliability-engineer-mobile-developers-emergent-bengaluru-1-to-5-years-300626500430,skipped,score 50 below threshold
2026-07-24,Naukri,Mobile Developer,BNI,https://www.naukri.com/job-listings-mobile-developer-bni-bengaluru-2-to-3-years-150626503249,skipped,score 50 below threshold
2026-07-24,Naukri,Mobile Developer,Shopdeck,https://www.naukri.com/job-listings-mobile-developer-shopdeck-previously-nushop-bengaluru-2-to-4-years-020626502541,skipped,score 50 below threshold
2026-07-24,Naukri,Mobile Developer,Technerds Solutions,https://www.naukri.com/job-listings-mobile-developer-technerds-solutions-pvt-ltd-chennai-2-to-5-years-301025504772,skipped,score 50 below threshold
2026-07-24,Naukri,Maximo Mobile Developer,Capgemini,https://www.naukri.com/job-listings-maximo-mobile-developer-capgemini-technology-services-india-limited-bengaluru-3-to-7-years-290626928453,skipped,score 50 below threshold
2026-07-24,Naukri,Mobile Developer,Logic Planet,https://www.naukri.com/job-listings-mobile-developer-logicplanet-it-services-hubli-mangaluru-mysuru-bengaluru-belgaum-0-to-5-years-240226505078,skipped,score 50 below threshold
2026-07-24,Naukri,Mobile developer,Technologyport Software India,https://www.naukri.com/job-listings-mobile-developer-technologyport-software-india-pvt-ltd-bengaluru-2-to-4-years-231219501376,skipped,score 50 below threshold
2026-07-24,Naukri,Mobile Developer- Visa,Foray Software,https://www.naukri.com/job-listings-mobile-developer-visa-foray-software-pvt-ltd-bengaluru-3-to-7-years-230824501588,skipped,score 50 below threshold
2026-07-24,Naukri,Mobile Developer,Wingz Technologies,https://www.naukri.com/job-listings-mobile-developer-wingz-technologies-chennai-1-to-4-years-220425500929,skipped,score 50 below threshold
2026-07-24,Naukri,Mobile Developer,Photon,https://www.naukri.com/job-listings-mobile-developer-photon-infotech-p-ltd-chennai-3-to-7-years-191124505967,skipped,score 50 below threshold
2026-07-24,Naukri,Mobile Developer,SATRA Group,https://www.naukri.com/job-listings-mobile-developer-satra-infrastructure-management-services-hyderabad-2-to-3-years-190625503012,skipped,score 50 below threshold
2026-07-24,Naukri,Frontend Engineer (React & React Native),Y2Z Travel,https://www.naukri.com/job-listings-frontend-engineer-react-react-native-y2z-travel-bengaluru-1-to-5-years-191224503297,skipped,skipped — external ATS (apply on company site)
2026-07-24,Naukri,Frontend Engineer (React / React Native),Prepairo,https://www.naukri.com/job-listings-frontend-engineer-react-react-native-prepairo-bengaluru-2-to-5-years-010626503686,failed,Apply button not found — page buttons  [Jobs2 | Recommended jobs | NVites13 New | Application status112 Updates | Saved jobs | Companies | Explore categories | Unicorn | MNC | Startup]
2026-07-24,Naukri,"Associate Principal Engineer, Frontend React",Nagarro,https://www.naukri.com/job-listings-associate-principal-engineer-frontend-react-nagarro-software-pvt-ltd-bengaluru-0-to-3-years-291025503104,skipped,score -100 below threshold
2026-07-24,Naukri,React Frontend Engineer,Omniful,https://www.naukri.com/job-listings-react-frontend-engineer-omniful-gurugram-3-to-8-years-200525503513,skipped,skipped — external ATS (apply on company site)
2026-07-24,Naukri,Frontend - Engineer,Varaha Systems,https://www.naukri.com/job-listings-frontend-engineer-varaha-systems-inc-bengaluru-3-to-8-years-140726501769,skipped,skipped — external ATS (apply on company site)
2026-07-24,Naukri,"Engineer, Frontend React",Nagarro,https://www.naukri.com/job-listings-engineer-frontend-react-nagarro-software-pvt-ltd-bengaluru-2-to-7-years-291025501402,skipped,skipped — external ATS (apply on company site)
2026-07-24,Naukri,Frontend Engineer (React),Startappss Systems,https://www.naukri.com/job-listings-frontend-engineer-react-startappss-systems-pvt-ltd-indore-3-to-8-years-230726503784,skipped,skipped — external ATS (apply on company site)
2026-07-24,Naukri,Frontend Engineer ( React / Next . js ),Workforce Next,https://www.naukri.com/job-listings-frontend-engineer-react-next-js-workforce-next-noida-2-to-6-years-140526500224,skipped,skipped — external ATS (apply on company site)
2026-07-24,Naukri,Frontend Engineer (React),Technix India Solutions,https://www.naukri.com/job-listings-frontend-engineer-react-technix-technology-patna-0-to-2-years-101125501751,skipped,skipped — external ATS (apply on company site)
2026-07-24,Naukri,Frontend Engineer (React.js / Next.js),Aqilea,https://www.naukri.com/job-listings-frontend-engineer-react-js-next-js-aqilea-formerly-soltia-bengaluru-5-to-9-years-150726500749,skipped,experience 5-9 Yrs out of range
2026-07-24,Naukri,Frontend Engineer,Vowels Of The People Association,https://www.naukri.com/job-listings-frontend-engineer-vopa-pune-3-to-5-years-200726504194,skipped,score 30 below threshold
2026-07-24,Naukri,Frontend Engineer,Apex 2000,https://www.naukri.com/job-listings-frontend-engineer-apex-2000-inc-pune-3-to-7-years-290626503315,skipped,score 10 below threshold
2026-07-24,Naukri,Front end Engineer,Diverse Lynx,https://www.naukri.com/job-listings-front-end-engineer-diverse-lynx-bengaluru-1-to-5-years-230626501437,skipped,skipped — external ATS (apply on company site)
2026-07-24,Naukri,Frontend Engineer - React js,Cloud Nautical Solutions India,https://www.naukri.com/job-listings-frontend-engineer-react-js-cloud-nautical-solutions-india-private-limited-thiruvananthapuram-5-to-10-years-240726503467,skipped,experience 5-10 Yrs out of range
2026-07-24,Naukri,React Frontend Engineer,Leading Client,https://www.naukri.com/job-listings-react-frontend-engineer-contactx-resource-management-pvt-ltd-bengaluru-7-to-10-years-170726918079,skipped,experience 7-10 Yrs out of range
2026-07-24,Naukri,Frontend Engineer,Alaan,https://www.naukri.com/job-listings-frontend-engineer-alaan-bengaluru-2-to-7-years-100726509609,skipped,score 30 below threshold
2026-07-24,Naukri,Frontend Engineer,Diverse Lynx,https://www.naukri.com/job-listings-frontend-engineer-diverse-lynx-bengaluru-2-to-6-years-080825500478,skipped,score 30 below threshold
2026-07-24,Naukri,Front End UI Engineer,Ascendion Engineering,https://www.naukri.com/job-listings-front-end-ui-engineer-ascendion-engineering-bengaluru-7-to-12-years-140726018965,skipped,experience 7-12 Yrs out of range
2026-07-24,Naukri,Frontend Engineer React JS,Einfochips,https://www.naukri.com/job-listings-frontend-engineer-react-js-e-infochips-limited-indore-4-to-12-years-160226505299,skipped,experience 4-12 Yrs out of range
2026-07-24,Naukri,Frontend Engineer React JS,Einfochips,https://www.naukri.com/job-listings-frontend-engineer-react-js-e-infochips-limited-ahmedabad-4-to-12-years-160226505298,skipped,experience 4-12 Yrs out of range
2026-07-24,Naukri,Full Stack Developer (React + Node),Kleistech,https://www.naukri.com/job-listings-full-stack-developer-react-node-kleistech-pune-2-to-7-years-170726504546,skipped,skipped — external ATS (apply on company site)
2026-07-24,Naukri,React & Node Full stack Developer,PAL It Tech,https://www.naukri.com/job-listings-react-node-full-stack-developer-pal-it-tech-pvt-ltd-hyderabad-3-to-5-years-090726502862,skipped,skipped — external ATS (apply on company site)
2026-07-24,Naukri,Required Full Stack Developer (React + Node JS+ AWS) For Pune,Recruit Hunt Technologies,https://www.naukri.com/job-listings-required-full-stack-developer-react-node-js-aws-for-pune-recruit-hunt-technologies-pune-2-to-7-years-160726034337,applied,auto-applied (score 55)
2026-07-24,Naukri,Fullstack Developer,Careait Health Services,https://www.naukri.com/job-listings-fullstack-developer-careait-health-services-bengaluru-0-to-3-years-010726028673,failed,No apply confirmation detected
2026-07-24,Naukri,Full Stack Developer,Leading Client,https://www.naukri.com/job-listings-full-stack-developer-rimpac-hr-services-llp-pune-bengaluru-2-to-6-years-230726933909,skipped,score -100 below threshold
2026-07-24,Naukri,Full Stack Developer (React & Node JD),Vertiscript Global It Services,https://www.naukri.com/job-listings-full-stack-developer-react-node-jd-vertiscript-global-it-solution-hyderabad-3-to-6-years-031225502948,skipped,skipped — external ATS (apply on company site)
2026-07-24,Naukri,Fullstack Developer,99yellow,https://www.naukri.com/job-listings-fullstack-developer-99yellow-gurugram-3-to-5-years-220726030478,skipped,score -100 below threshold
2026-07-24,Naukri,React + Node - Full Stack Developer,Paltech Consulting,https://www.naukri.com/job-listings-react-node-full-stack-developer-paltech-consulting-hyderabad-3-to-6-years-070726027633,failed,No apply confirmation detected
2026-07-24,Naukri,Full Stack Developer React + Node,Quanteon Solutions,https://www.naukri.com/job-listings-full-stack-developer-react-node-quanteon-llc-hyderabad-3-to-8-years-130226502853,skipped,skipped — external ATS (apply on company site)
2026-07-24,Naukri,Full stack Developer,Leadpulse.io,https://www.naukri.com/job-listings-full-stack-developer-leadpulse-io-hyderabad-bengaluru-delhi-ncr-2-to-3-years-170726911752,applied,auto-applied (score 55)
2026-07-24,Naukri,Fullstack Developer(Immediate Joiners only Apply,Empover,https://www.naukri.com/job-listings-fullstack-developer-immediate-joiners-only-apply-empover-hyderabad-3-to-5-years-210726018410,failed,No apply confirmation detected
2026-07-24,Naukri,Fullstack Developer (NodeJS + React),Ixigo,https://www.naukri.com/job-listings-fullstack-developer-nodejs-react-ixigo-gurugram-3-to-8-years-200726505767,skipped,skipped — external ATS (apply on company site)
2026-07-24,Naukri,Fullstack Developer,Deloitte Shared Services India,https://www.naukri.com/job-listings-fullstack-developer-deloitte-shared-services-india-bengaluru-2-to-6-years-120626008685,failed,Apply button not found — page buttons  [Jobs2 | Recommended jobs | NVites13 New | Application status112 Updates | Saved jobs | Companies | Explore categories | Unicorn | MNC | Startup]
2026-07-24,Naukri,Fullstack Developer,IFOX CLICKS LLP,https://www.naukri.com/job-listings-fullstack-developer-ifox-clicks-llp-chennai-1-to-3-years-170726030398,failed,No apply confirmation detected
2026-07-24,Naukri,Full Stack Developer,Zonolith Technologies,https://www.naukri.com/job-listings-full-stack-developer-zonolith-technologies-bengaluru-2-to-7-years-170726503047,skipped,skipped — external ATS (apply on company site)
2026-07-24,Naukri,Full Stack Developer,Leading Client,https://www.naukri.com/job-listings-full-stack-developer-contactx-resource-management-pvt-ltd-gurugram-2-to-5-years-170726918040,skipped,score 30 below threshold
2026-07-24,Naukri,Full Stack Developer,Leading Client,https://www.naukri.com/job-listings-full-stack-developer-contactx-resource-management-pvt-ltd-gurugram-2-to-5-years-170726918037,applied,auto-applied (score 55)
2026-07-24,Naukri,Fullstack Developer,VM Edulife,https://www.naukri.com/job-listings-fullstack-developer-vm-edulife-pune-1-to-5-years-170726021582,applied,auto-applied (score 55)
2026-07-24,Naukri,Full Stack Developer (React with Node),Programming.Com,https://www.naukri.com/job-listings-full-stack-developer-react-with-node-programming-com-bengaluru-2-to-6-years-121224501301,skipped,skipped — external ATS (apply on company site)
2026-07-24,Naukri,Fullstack Developer,MNC,https://www.naukri.com/job-listings-fullstack-developer-tele-infotech-pimpri-chinchwad-pune-0-to-2-years-210726034817,skipped,score 30 below threshold
2026-07-24,LinkedIn,React Native Engineer,Infosys,https://www.linkedin.com/jobs/view/4444010854/,skipped,"no Easy Apply — external ATS, skipped"
2026-07-24,LinkedIn,React Native Developer,TechMintLab,https://www.linkedin.com/jobs/view/4439304568/,failed,Navigation timeout of 60000 ms exceeded
2026-07-24,LinkedIn,Node.Js Developer - Remote,YO IT Consulting,https://www.linkedin.com/jobs/view/4438973183/,skipped,score 30 below threshold
2026-07-24,LinkedIn,Frontend Engineer,El Codamics,https://www.linkedin.com/jobs/view/4439035554/,skipped,score 10 below threshold
2026-07-24,LinkedIn,Senior Software Engineer,Flexiple,https://www.linkedin.com/jobs/view/4444959569/,skipped,score -100 below threshold
2026-07-24,LinkedIn,"Engineer, Strategic Software",Motorola Mobility (a Lenovo Company),https://www.linkedin.com/jobs/view/4442609182/,skipped,score 10 below threshold
2026-07-24,LinkedIn,Software Developer,Gururo,https://www.linkedin.com/jobs/view/4430226276/,skipped,score 10 below threshold
2026-07-24,LinkedIn,Reactjs Developer,Infosys,https://www.linkedin.com/jobs/view/4433462994/,failed,Navigation timeout of 60000 ms exceeded
2026-07-24,LinkedIn,Application Engineer-Application Development-Applications Development Engineering,EXL,https://www.linkedin.com/jobs/view/4339047140/,skipped,score 10 below threshold
2026-07-24,LinkedIn,Freelancer Requirement – Headless Website Developer,P.Labs Ventures,https://www.linkedin.com/jobs/view/4443137899/,skipped,score 10 below threshold
2026-07-24,LinkedIn,React Native Developer,Qloron Pvt Ltd,https://www.linkedin.com/jobs/view/4435719214/,skipped,"no Easy Apply — external ATS, skipped"
2026-07-24,LinkedIn,Software Engr I,Honeywell Technologies,https://www.linkedin.com/jobs/view/4444941722/,skipped,score 10 below threshold
2026-07-24,LinkedIn,Intermediate Application Developer - Java,UPS,https://www.linkedin.com/jobs/view/4442625916/,skipped,score -100 below threshold
2026-07-24,LinkedIn,Mobile Application Developer,Alobha Technologies Pvt. Ltd,https://www.linkedin.com/jobs/view/4438588763/,skipped,score 10 below threshold
2026-07-24,LinkedIn,Frontend Developer,Infiria AI Pvt. Ltd.,https://www.linkedin.com/jobs/view/4433313940/,skipped,score 10 below threshold
2026-07-24,LinkedIn,React.js Developer,Unthread,https://www.linkedin.com/jobs/view/4306114557/,skipped,"no Easy Apply — external ATS, skipped"
2026-07-24,LinkedIn,React.JS Developers,Aegis Softwares,https://www.linkedin.com/jobs/view/4404842971/,skipped,"no Easy Apply — external ATS, skipped"
2026-07-24,LinkedIn,Junior Full Stack Developer,Oxale Infotech,https://www.linkedin.com/jobs/view/4442910365/,skipped,score 10 below threshold
2026-07-24,LinkedIn,Frontend Developer,Teamified,https://www.linkedin.com/jobs/view/4421327410/,skipped,score 10 below threshold
2026-07-24,LinkedIn,React.js Developer,MoreYeahs,https://www.linkedin.com/jobs/view/4306124368/,skipped,"no Easy Apply — external ATS, skipped"
2026-07-24,LinkedIn,Software Engineer Intern - MERN,Paathz,https://www.linkedin.com/jobs/view/4444335985/,skipped,score 10 below threshold
2026-07-24,LinkedIn,React Native / MERN Stack Developer,Amitaujas LLP,https://www.linkedin.com/jobs/view/4442011090/,failed,Navigation timeout of 60000 ms exceeded
2026-07-24,LinkedIn,Java React Developer,Infosys,https://www.linkedin.com/jobs/view/4442920787/,failed,Navigation timeout of 60000 ms exceeded
2026-07-24,LinkedIn,Junior Node.js Developer,Neuailes Global,https://www.linkedin.com/jobs/view/4433622258/,skipped,score 30 below threshold
2026-07-24,LinkedIn,Software Developer,ByteLearn.com,https://www.linkedin.com/jobs/view/4440667846/,skipped,score 10 below threshold
2026-07-24,LinkedIn,Full Stack Engineer,Hyqoo,https://www.linkedin.com/jobs/view/4444336508/,skipped,score 10 below threshold
2026-07-24,LinkedIn,React JS Developer,Samin TekMindz,https://www.linkedin.com/jobs/view/4438369264/,failed,Navigation timeout of 60000 ms exceeded
2026-07-24,LinkedIn,Web Developer,NR Consulting,https://www.linkedin.com/jobs/view/4440168638/,skipped,score 10 below threshold
2026-07-24,LinkedIn,Software Engineer,KLA,https://www.linkedin.com/jobs/view/4440478100/,skipped,score 10 below threshold
2026-07-24,LinkedIn,React + TypeScript Developer - Remote Work | REF#283126,BairesDev,https://www.linkedin.com/jobs/view/4258067060/,skipped,"no Easy Apply — external ATS, skipped"
2026-07-24,LinkedIn,Remote JavaScript Engineer,Turing,https://www.linkedin.com/jobs/view/4444482389/,skipped,score 30 below threshold
2026-07-24,LinkedIn,React.js Developer,Unthread,https://www.linkedin.com/jobs/view/4306114557/,skipped,"no Easy Apply — external ATS, skipped"
2026-07-24,LinkedIn,Full Stack Developer,eDelta Technologies Inc.,https://www.linkedin.com/jobs/view/4429881243/,skipped,score 10 below threshold
2026-07-24,LinkedIn,"Full Stack Developer (Node.js, React)",BitesVilla,https://www.linkedin.com/jobs/view/4443810975/,failed,no application-sent confirmation
2026-07-24,LinkedIn,Full Stack Developer,Global Education Alliance (GEA),https://www.linkedin.com/jobs/view/4442610384/,skipped,score 10 below threshold
2026-07-24,LinkedIn,Mobile Application Developer,BJAK,https://www.linkedin.com/jobs/view/4437918097/,skipped,score 10 below threshold
2026-07-24,LinkedIn,Full Stack Engineer,Scriptbox,https://www.linkedin.com/jobs/view/4436041487/,skipped,score 10 below threshold
2026-07-24,LinkedIn,Javascript Developer,Recro,https://www.linkedin.com/jobs/view/4433643672/,skipped,score 30 below threshold
2026-07-24,LinkedIn,Software Engineer,Cisco,https://www.linkedin.com/jobs/view/4445201033/,skipped,score 10 below threshold
2026-07-24,LinkedIn,React Native Developer,TechMintLab,https://www.linkedin.com/jobs/view/4439304568/,skipped,"no Easy Apply — external ATS, skipped"
2026-07-24,LinkedIn,Software Developer | $80/hr Remote,Crossing Hurdles,https://www.linkedin.com/jobs/view/4428486723/,skipped,score 10 below threshold
2026-07-24,LinkedIn,Front-End Developer,Amitaujas LLP,https://www.linkedin.com/jobs/view/4442010105/,skipped,score 10 below threshold
2026-07-24,LinkedIn,Flutter Developer,AdEngage,https://www.linkedin.com/jobs/view/4438105441/,skipped,score 10 below threshold
2026-07-24,LinkedIn,Software Engineer (.NET) - Remote Work | REF#297069,BairesDev,https://www.linkedin.com/jobs/view/4438263521/,skipped,score -100 below threshold
2026-07-24,LinkedIn,Full Stack Engineer,Flexiple,https://www.linkedin.com/jobs/view/4444930153/,skipped,score 10 below threshold
2026-07-24,LinkedIn,Software Engineer I,TraceLink,https://www.linkedin.com/jobs/view/4441510387/,skipped,score 10 below threshold
2026-07-24,LinkedIn,JavaScript Developer,Infosys,https://www.linkedin.com/jobs/view/4444342424/,skipped,score 30 below threshold
2026-07-24,LinkedIn,Mobile Developer (React Native),Runcode Software Solutions,https://www.linkedin.com/jobs/view/4436042819/,skipped,"no Easy Apply — external ATS, skipped"
2026-07-24,LinkedIn,JavaScript Frontend Developer (Remote),Quik Hire Staffing,https://www.linkedin.com/jobs/view/4444913361/,skipped,score 30 below threshold
2026-07-24,LinkedIn,Software Engineer in Test,Stealth Startup,https://www.linkedin.com/jobs/view/4417163538/,skipped,score 10 below threshold
2026-07-24,LinkedIn,iOS Application Developer (Remote),Hire Feed,https://www.linkedin.com/jobs/view/4444911124/,skipped,score 10 below threshold
2026-07-24,LinkedIn,Android Developer,Recro,https://www.linkedin.com/jobs/view/4442001933/,skipped,score -100 below threshold
2026-07-24,LinkedIn,Part Time Web Developer,WebsiteService4All,https://www.linkedin.com/jobs/view/4439424100/,skipped,score 10 below threshold
2026-07-24,LinkedIn,Mobile App Developer,Scoutit,https://www.linkedin.com/jobs/view/4444327351/,skipped,score 50 below threshold
2026-07-24,LinkedIn,Android Developer - AI Finance Agent,BJAK,https://www.linkedin.com/jobs/view/4444344031/,skipped,score -100 below threshold
2026-07-24,LinkedIn,React Developer,Virtusa,https://www.linkedin.com/jobs/view/4440477034/,skipped,"no Easy Apply — external ATS, skipped"
2026-07-24,LinkedIn,Junior Web Developer in Delhi,360 Digital Idea,https://www.linkedin.com/jobs/view/4444221965/,skipped,score 10 below threshold
2026-07-24,LinkedIn,Full Stack Engineer,Scriptbox,https://www.linkedin.com/jobs/view/4436041487/,skipped,score 10 below threshold
2026-07-24,LinkedIn,SB - FrontEnd Developer,Quest Global,https://www.linkedin.com/jobs/view/4414716152/,skipped,score 10 below threshold
2026-07-24,LinkedIn,Frontend Developer,Ahsan Solutions,https://www.linkedin.com/jobs/view/4439040940/,skipped,score 10 below threshold
2026-07-24,LinkedIn,Frontend Developer,JENOPTIK,https://www.linkedin.com/jobs/view/4441593639/,skipped,score 10 below threshold
2026-07-24,LinkedIn,React Native Developer,Policybazaar.com,https://www.linkedin.com/jobs/view/4440410896/,skipped,"no Easy Apply — external ATS, skipped"
2026-07-24,LinkedIn,Forward Deployed Engineer - Software Engineer - India,ElevenLabs,https://www.linkedin.com/jobs/view/4442576413/,skipped,score 10 below threshold
2026-07-24,LinkedIn,React + TypeScript Developer - Remote Work | REF#283141,BairesDev,https://www.linkedin.com/jobs/view/4258062437/,skipped,"no Easy Apply — external ATS, skipped"
2026-07-24,LinkedIn,Junior Node.js Developer,Neuailes Global,https://www.linkedin.com/jobs/view/4433622258/,skipped,score 30 below threshold
2026-07-24,LinkedIn,Web Developer,The Creative Stitch,https://www.linkedin.com/jobs/view/4438055674/,skipped,score 10 below threshold
2026-07-24,LinkedIn,Javascript Developer,Recro,https://www.linkedin.com/jobs/view/4433643672/,skipped,score 30 below threshold
2026-07-24,LinkedIn,Software Engineer (Node.js/React) | Remote,Crossing Hurdles,https://www.linkedin.com/jobs/view/4437952471/,failed,no application-sent confirmation
2026-07-24,LinkedIn,Software Engineer,30 Sundays,https://www.linkedin.com/jobs/view/4435808046/,skipped,score 10 below threshold
2026-07-24,LinkedIn,HTML Developer (1–2 Years Experience),Khakhi Technology,https://www.linkedin.com/jobs/view/4442545883/,skipped,score 10 below threshold
2026-07-24,LinkedIn,Software Developer,MHTECHIN™,https://www.linkedin.com/jobs/view/4400500423/,skipped,score 10 below threshold
2026-07-24,LinkedIn,Remote JavaScript Engineer,Turing,https://www.linkedin.com/jobs/view/4444489087/,skipped,score 30 below threshold
2026-07-24,LinkedIn,React + TypeScript Developer - Remote Work | REF#283165,BairesDev,https://www.linkedin.com/jobs/view/4258063423/,skipped,"no Easy Apply — external ATS, skipped"
2026-07-24,LinkedIn,React.JS Developers,Aegis Softwares,https://www.linkedin.com/jobs/view/4404842971/,skipped,"no Easy Apply — external ATS, skipped"
2026-07-24,LinkedIn,Software Engineer,Scoutit,https://www.linkedin.com/jobs/view/4444319621/,skipped,score 10 below threshold
2026-07-24,LinkedIn,Software Engineer | $65/hr Remote,Crossing Hurdles,https://www.linkedin.com/jobs/view/4438940265/,skipped,score 10 below threshold
2026-07-24,LinkedIn,Backend Engineer | $42/hr Remote,Crossing Hurdles,https://www.linkedin.com/jobs/view/4444317405/,skipped,score 10 below threshold
2026-07-24,LinkedIn,Software Engineer 2 (Android),WorkIndia,https://www.linkedin.com/jobs/view/4444902547/,skipped,score 10 below threshold
2026-07-24,LinkedIn,Frontend Engineer,Scoutit,https://www.linkedin.com/jobs/view/4444336243/,skipped,score 10 below threshold
2026-07-24,LinkedIn,Remote Software Engineer (C++),Turing,https://www.linkedin.com/jobs/view/4444475392/,skipped,score 10 below threshold
2026-07-24,LinkedIn,"Chatbot Developer (WhatsApp, Telegram, Discord) - Freelance",Mindrift,https://www.linkedin.com/jobs/view/4442449123/,skipped,score 10 below threshold
2026-07-24,LinkedIn,Frontend Developer,Codeyoung,https://www.linkedin.com/jobs/view/4438173931/,skipped,score 10 below threshold
2026-07-24,LinkedIn,Software Engineer (SRE),Jobgether,https://www.linkedin.com/jobs/view/4444343043/,skipped,score 10 below threshold
2026-07-24,LinkedIn,Software Engineer,Andor Tech,https://www.linkedin.com/jobs/view/4443735540/,skipped,score 10 below threshold
2026-07-24,LinkedIn,Embedded System Engineer,UNLOX®,https://www.linkedin.com/jobs/view/4443154647/,skipped,score 10 below threshold
2026-07-24,LinkedIn,Remote Software Engineer (Ruby),Turing,https://www.linkedin.com/jobs/view/4444726929/,skipped,score 10 below threshold
2026-07-24,LinkedIn,Java Software Engineer,Wissen Technology,https://www.linkedin.com/jobs/view/4439044018/,skipped,score -100 below threshold
2026-07-24,LinkedIn,IAM Full Stack Junior Engineer,SISL Global,https://www.linkedin.com/jobs/view/4435538236/,skipped,score 10 below threshold
2026-07-24,LinkedIn,Senior Software Engineer,Deloitte,https://www.linkedin.com/jobs/view/4435951270/,skipped,score -100 below threshold
2026-07-24,LinkedIn,Graduate Software Engineer,Urban Ground GmbH,https://www.linkedin.com/jobs/view/4438420158/,skipped,score 10 below threshold
2026-07-24,LinkedIn,React Native Developer,Datman,https://www.linkedin.com/jobs/view/4439191177/,failed,no application-sent confirmation
2026-07-24,LinkedIn,Frontend Developer,Tata Consultancy Services,https://www.linkedin.com/jobs/view/4433040691/,skipped,score 10 below threshold
2026-07-24,LinkedIn,Engineer I - Full Stack,Anaplan,https://www.linkedin.com/jobs/view/4432227346/,skipped,score 10 below threshold
2026-07-24,LinkedIn,Remote Software Engineer (Go),Turing,https://www.linkedin.com/jobs/view/4444492058/,skipped,score 10 below threshold
2026-07-24,LinkedIn,Senior Software Engineer,Deloitte,https://www.linkedin.com/jobs/view/4435951270/,skipped,score -100 below threshold
2026-07-24,LinkedIn,Frontend Developer,Aliste Technologies,https://www.linkedin.com/jobs/view/4423920189/,skipped,score 10 below threshold
2026-07-24,LinkedIn,Full Stack Engineer,EaseMyTrip.com,https://www.linkedin.com/jobs/view/4434531816/,skipped,score 10 below threshold
2026-07-24,LinkedIn,React JS Full Stack Developer,Papigen,https://www.linkedin.com/jobs/view/4423917106/,failed,no application-sent confirmation
2026-07-24,LinkedIn,Full Stack Engineer,zenda,https://www.linkedin.com/jobs/view/4443118284/,skipped,score 10 below threshold
2026-07-24,LinkedIn,Full Stack Engineer,Weekday AI (YC W21),https://www.linkedin.com/jobs/view/4444934015/,skipped,score 10 below threshold
2026-07-24,LinkedIn,Software Engineer (.Net + AI),CES,https://www.linkedin.com/jobs/view/4431946284/,skipped,score -100 below threshold
2026-07-24,LinkedIn,HIRE ALERT: E-commerce Full-Stack Developer (Fresher),Capacity Web Solutions Pvt Ltd,https://www.linkedin.com/jobs/view/4411191096/,skipped,score 10 below threshold
2026-07-24,LinkedIn,Remote Software Engineer (Go),Turing,https://www.linkedin.com/jobs/view/4444490345/,skipped,score 10 below threshold
2026-07-24,LinkedIn,Software Engineer,Scoutit,https://www.linkedin.com/jobs/view/4444320437/,skipped,score 10 below threshold
2026-07-24,LinkedIn,Remote Software Engineer (JavaScript),Turing,https://www.linkedin.com/jobs/view/4444484348/,skipped,score 30 below threshold
2026-07-24,LinkedIn,Full Stack Developer,UPDOT®,https://www.linkedin.com/jobs/view/4438070650/,skipped,score 10 below threshold
2026-07-24,LinkedIn,Full Stack Engineer,Recro,https://www.linkedin.com/jobs/view/4435408905/,skipped,score 10 below threshold
2026-07-24,LinkedIn,Full Stack Developer,Deloitte,https://www.linkedin.com/jobs/view/4435955804/,skipped,score 10 below threshold
2026-07-24,LinkedIn,IAM Full Stack Junior Engineer,SISL Global,https://www.linkedin.com/jobs/view/4435538236/,skipped,score 10 below threshold
2026-07-24,LinkedIn,Software Engineer II,Alation,https://www.linkedin.com/jobs/view/4416176013/,skipped,score 10 below threshold
2026-07-24,LinkedIn,Full Stack Developer,Triveous,https://www.linkedin.com/jobs/view/4435557191/,skipped,score 10 below threshold
2026-07-24,LinkedIn,Founding Backend Engineer,Juris IQ,https://www.linkedin.com/jobs/view/4441588266/,skipped,score 10 below threshold
2026-07-24,LinkedIn,Senior Software Engineer - Frontend,GoodScore,https://www.linkedin.com/jobs/view/4421928326/,skipped,score -100 below threshold
2026-07-24,LinkedIn,Full Stack Developer,Deloitte,https://www.linkedin.com/jobs/view/4435955804/,skipped,score 10 below threshold
2026-07-24,LinkedIn,SDE I (Android),Navi,https://www.linkedin.com/jobs/view/4434300792/,skipped,score 10 below threshold
2026-07-24,LinkedIn,Software Engineer,Brillius Technologies,https://www.linkedin.com/jobs/view/4441066651/,skipped,score 10 below threshold
2026-07-24,LinkedIn,Software Development Engineer -AI,Airtel Payments Bank,https://www.linkedin.com/jobs/view/4439052557/,skipped,score 10 below threshold
2026-07-24,LinkedIn,Node.js Developer,Enlighten Hacks - Community for Growth,https://www.linkedin.com/jobs/view/4439145287/,skipped,score 30 below threshold
2026-07-24,LinkedIn,React Developer,Swan Softweb Solutions,https://www.linkedin.com/jobs/view/4438069177/,failed,Node is detached from document
2026-07-24,LinkedIn,Remote Software Engineer - C#,Turing,https://www.linkedin.com/jobs/view/4444722951/,skipped,score -100 below threshold
2026-07-24,LinkedIn,Senior Security Engineer,Flipkart,https://www.linkedin.com/jobs/view/4442611003/,skipped,score -100 below threshold
2026-07-24,LinkedIn,"Full Stack AI Engineer, Backend Oriented",Jobgether,https://www.linkedin.com/jobs/view/4443828735/,skipped,score 10 below threshold
2026-07-24,LinkedIn,Software Engineer,Scoutit,https://www.linkedin.com/jobs/view/4444323389/,skipped,score 10 below threshold
2026-07-24,LinkedIn,Mobile Application Developer,Boson Systems,https://www.linkedin.com/jobs/view/4411147217/,skipped,score 10 below threshold
2026-07-24,LinkedIn,Software Engineer,R3,https://www.linkedin.com/jobs/view/4440559297/,skipped,score 10 below threshold
2026-07-24,LinkedIn,Software Engineer,Scoutit,https://www.linkedin.com/jobs/view/4444319621/,skipped,score 10 below threshold
2026-07-24,LinkedIn,Engineer I - Full Stack,Anaplan,https://www.linkedin.com/jobs/view/4432227346/,skipped,score 10 below threshold
2026-07-24,LinkedIn,Software Development Engineer -AI,Airtel Payments Bank,https://www.linkedin.com/jobs/view/4439052557/,skipped,score 10 below threshold
2026-07-24,LinkedIn,Junior Java Engineer - Java/Kotlin (Azure),Mindera,https://www.linkedin.com/jobs/view/4401595056/,skipped,score -100 below threshold
2026-07-24,LinkedIn,Full-Stack Software Developer,Pravaron Technologies,https://www.linkedin.com/jobs/view/4441762320/,skipped,score 10 below threshold
2026-07-24,LinkedIn,"Chatbot Developer (WhatsApp, Telegram, Discord) - Freelance",Mindrift,https://www.linkedin.com/jobs/view/4442449123/,skipped,score 10 below threshold
2026-07-24,LinkedIn,Full Stack Engineer,Data Eminence,https://www.linkedin.com/jobs/view/4441398596/,skipped,score 10 below threshold
2026-07-24,LinkedIn,Software Engineer AI & LLM Applications,Applicantz,https://www.linkedin.com/jobs/view/4444981064/,skipped,score 10 below threshold
2026-07-24,LinkedIn,Software Engineer- Web,TrueBlue India,https://www.linkedin.com/jobs/view/4431876717/,skipped,score 10 below threshold
2026-07-24,LinkedIn,Web Developer,Tata Consultancy Services,https://www.linkedin.com/jobs/view/4441213404/,skipped,score 10 below threshold
2026-07-24,LinkedIn,Full Stack Engineer,Scoutit,https://www.linkedin.com/jobs/view/4444321520/,skipped,score 10 below threshold
2026-07-24,LinkedIn,API Developer,INSIDEA,https://www.linkedin.com/jobs/view/4444317729/,skipped,score 10 below threshold
2026-07-24,LinkedIn,Remote Software Engineer (C++),Turing,https://www.linkedin.com/jobs/view/4444480331/,skipped,score 10 below threshold
2026-07-24,LinkedIn,Software Engineer,Klysavo Private Limited,https://www.linkedin.com/jobs/view/4442902615/,skipped,score 10 below threshold
2026-07-24,LinkedIn,Frontend Developer,EaseMyTrip.com,https://www.linkedin.com/jobs/view/4434530836/,skipped,score 10 below threshold
2026-07-24,LinkedIn,Remote Software Engineer (Go),Turing,https://www.linkedin.com/jobs/view/4444472796/,skipped,score 10 below threshold
2026-07-24,LinkedIn,Software Engineer II,Alation,https://www.linkedin.com/jobs/view/4416176013/,skipped,score 10 below threshold
2026-07-24,LinkedIn,Software Engineer,Scoutit,https://www.linkedin.com/jobs/view/4444323389/,skipped,score 10 below threshold
2026-07-24,LinkedIn,Unity 3D Junior Programmer,Appy Monkeys Software Pvt. Ltd.,https://www.linkedin.com/jobs/view/4426057116/,skipped,score 10 below threshold
2026-07-24,LinkedIn,Software Development Engineer -AI,Airtel Payments Bank,https://www.linkedin.com/jobs/view/4439052557/,skipped,score 10 below threshold
2026-07-24,LinkedIn,Software Engineer,Tata Consultancy Services,https://www.linkedin.com/jobs/view/4442294984/,skipped,score 10 below threshold
2026-07-24,LinkedIn,Web Developer,NR Consulting,https://www.linkedin.com/jobs/view/4440168638/,skipped,score 10 below threshold
2026-07-24,LinkedIn,(node.js+angular) Developer,Skills Agency,https://www.linkedin.com/jobs/view/4437382133/,skipped,score 30 below threshold
2026-07-24,LinkedIn,Full-Stack Developer — SaaS Platform (Next.js / TypeScript / PostgreSQL) Remote,Carrier Compliance Services Inc.,https://www.linkedin.com/jobs/view/4387665905/,skipped,score 30 below threshold
2026-07-24,LinkedIn,Remote Software Engineer (Go),Turing,https://www.linkedin.com/jobs/view/4444490345/,skipped,score 10 below threshold
2026-07-24,LinkedIn,Software Engineer,Brillius Technologies,https://www.linkedin.com/jobs/view/4441066651/,skipped,score 10 below threshold
2026-07-24,LinkedIn,Backend Developer,STYLZ,https://www.linkedin.com/jobs/view/4415658468/,skipped,score 10 below threshold
2026-07-24,LinkedIn,Software Engineer (Backend),SHIELD,https://www.linkedin.com/jobs/view/4442606039/,skipped,score 10 below threshold
2026-07-24,LinkedIn,Software Engineer - Android,Recro,https://www.linkedin.com/jobs/view/4442009539/,skipped,score 10 below threshold
2026-07-24,LinkedIn,Remote Software Engineer (Ruby),Turing,https://www.linkedin.com/jobs/view/4444743318/,skipped,score 10 below threshold
2026-07-24,LinkedIn,Software Engineer (Backend),SHIELD,https://www.linkedin.com/jobs/view/4442606039/,skipped,score 10 below threshold
2026-07-24,LinkedIn,Software Engineer,Scoutit,https://www.linkedin.com/jobs/view/4444323389/,skipped,score 10 below threshold
2026-07-24,LinkedIn,Application Developer,People Tech Group Inc,https://www.linkedin.com/jobs/view/4440977460/,skipped,score 10 below threshold
2026-07-24,LinkedIn,Senior Security Engineer,Flipkart,https://www.linkedin.com/jobs/view/4442611003/,skipped,score -100 below threshold
2026-07-24,LinkedIn,Full Stack Developer,Deloitte,https://www.linkedin.com/jobs/view/4435955804/,skipped,score 10 below threshold
2026-07-24,LinkedIn,Full Stack Engineer,setlmint.com,https://www.linkedin.com/jobs/view/4444282986/,skipped,score 10 below threshold
2026-07-24,LinkedIn,IAM Full Stack Junior Engineer,SISL Global,https://www.linkedin.com/jobs/view/4435538236/,skipped,score 10 below threshold
2026-07-24,LinkedIn,Remote Software Engineer (Go),Turing,https://www.linkedin.com/jobs/view/4444487067/,skipped,score 10 below threshold
2026-07-24,LinkedIn,Support Developer - Frontend (Android),MishiPay,https://www.linkedin.com/jobs/view/4439196788/,skipped,score 10 below threshold
2026-07-24,LinkedIn,"Full Stack Developer (Node.js, Electron.js)",AtumX,https://www.linkedin.com/jobs/view/4370028255/,applied,Easy Apply (score 55)
2026-07-24,LinkedIn,Full Stack Engineer,Tata Consultancy Services,https://www.linkedin.com/jobs/view/4433050258/,skipped,score 10 below threshold
2026-07-24,LinkedIn,Full Stack Engineer,Scoutit,https://www.linkedin.com/jobs/view/4444325600/,skipped,score 10 below threshold
2026-07-24,LinkedIn,Software Engineer | Remote,CodeGeniusRecruit,https://www.linkedin.com/jobs/view/4430551220/,skipped,score 10 below threshold
2026-07-24,LinkedIn,Full Stack Engineer,zenda,https://www.linkedin.com/jobs/view/4443118284/,skipped,score 10 below threshold
2026-07-24,LinkedIn,"Chatbot Developer (WhatsApp, Telegram, Discord) - Freelance",Mindrift,https://www.linkedin.com/jobs/view/4442449123/,skipped,score 10 below threshold
2026-07-24,LinkedIn,Remote Software Engineer (Go),Turing,https://www.linkedin.com/jobs/view/4444478713/,skipped,score 10 below threshold
2026-07-24,LinkedIn,Full Stack Developer,Zyoin Group,https://www.linkedin.com/jobs/view/4438570721/,skipped,score 10 below threshold
2026-07-24,LinkedIn,Javascript Developer,Recro,https://www.linkedin.com/jobs/view/4433658183/,skipped,score 30 below threshold
2026-07-24,LinkedIn,Software Development Engineer -AI,Airtel Payments Bank,https://www.linkedin.com/jobs/view/4439052557/,skipped,score 10 below threshold
2026-07-24,LinkedIn,Remote JavaScript Engineer,Turing,https://www.linkedin.com/jobs/view/4444468832/,skipped,score 30 below threshold
2026-07-24,LinkedIn,Full Stack Engineer,zenda,https://www.linkedin.com/jobs/view/4443118284/,skipped,score 10 below threshold
2026-07-24,LinkedIn,Software Engineer II,Alation,https://www.linkedin.com/jobs/view/4416176013/,skipped,score 10 below threshold
2026-07-24,LinkedIn,Full Stack Engineer,Data Eminence,https://www.linkedin.com/jobs/view/4441398596/,skipped,score 10 below threshold
2026-07-24,LinkedIn,Full Stack Engineer,Vagaro Technologies,https://www.linkedin.com/jobs/view/4435205537/,skipped,score 10 below threshold
2026-07-24,LinkedIn,Frontend Developer (Reactjs) - 6+ years,DBiz.ai,https://www.linkedin.com/jobs/view/4322661743/,skipped,unanswered required fields:  Current ctc ;  Extp ctc 
2026-07-24,LinkedIn,Graduate Software Engineer,Urban Ground GmbH,https://www.linkedin.com/jobs/view/4438420158/,skipped,score 10 below threshold
2026-07-24,LinkedIn,Next.js Developer Intern,Papigen,https://www.linkedin.com/jobs/view/4441378025/,skipped,score 10 below threshold
2026-07-24,LinkedIn,Software Engineer,Scoutit,https://www.linkedin.com/jobs/view/4444320437/,skipped,score 10 below threshold
2026-07-24,LinkedIn,AM-RMG- Full Stack Developer,Deloitte,https://www.linkedin.com/jobs/view/4439252131/,skipped,score 10 below threshold
2026-07-24,LinkedIn,Software Engineer (Backend),SHIELD,https://www.linkedin.com/jobs/view/4442606039/,skipped,score 10 below threshold
2026-07-24,LinkedIn,Software Engineer,Tech Mahindra,https://www.linkedin.com/jobs/view/4432956986/,skipped,score 10 below threshold
2026-07-24,LinkedIn,Unity 3D Junior Programmer,Appy Monkeys Software Pvt. Ltd.,https://www.linkedin.com/jobs/view/4426057116/,skipped,score 10 below threshold
2026-07-24,LinkedIn,SDE I (iOS),Navi,https://www.linkedin.com/jobs/view/4413108399/,skipped,score 10 below threshold
2026-07-24,LinkedIn,Software Engineer,Crossing Hurdles,https://www.linkedin.com/jobs/view/4439101569/,skipped,score 10 below threshold
2026-07-24,LinkedIn,Full Stack Engineer,Tata Consultancy Services,https://www.linkedin.com/jobs/view/4433050258/,skipped,score 10 below threshold
2026-07-24,LinkedIn,Software Engineer,Angel and Genie,https://www.linkedin.com/jobs/view/4437400487/,skipped,score 10 below threshold
2026-07-24,LinkedIn,SDE 1 Security Engineer,Navi,https://www.linkedin.com/jobs/view/4435216110/,skipped,score 10 below threshold
2026-07-24,LinkedIn,Software Engineer 2 (Android),WorkIndia,https://www.linkedin.com/jobs/view/4444902547/,skipped,score 10 below threshold
2026-07-24,LinkedIn,Full Stack Developer,Deloitte,https://www.linkedin.com/jobs/view/4435955804/,skipped,score 10 below threshold
2026-07-24,LinkedIn,Software Engineer (SRE),Jobgether,https://www.linkedin.com/jobs/view/4444343043/,skipped,score 10 below threshold
2026-07-24,LinkedIn,Full Stack Engineer,Hyqoo,https://www.linkedin.com/jobs/view/4444336508/,skipped,score 10 below threshold
2026-07-24,LinkedIn,Software Engineer (Full-Stack),Whitebird,https://www.linkedin.com/jobs/view/4439465423/,skipped,score 10 below threshold
2026-07-24,LinkedIn,Software Developer – MERN Stack,Enlighten Hacks - Community for Growth,https://www.linkedin.com/jobs/view/4440756108/,skipped,score 10 below threshold
2026-07-24,LinkedIn,Back End Developer,GoQuant,https://www.linkedin.com/jobs/view/4427909639/,skipped,score 10 below threshold
2026-07-24,LinkedIn,IAM Full Stack Junior Engineer,SISL Global,https://www.linkedin.com/jobs/view/4435538236/,skipped,score 10 below threshold
2026-07-24,LinkedIn,Remote Software Engineer (JavaScript),Turing,https://www.linkedin.com/jobs/view/4444484353/,skipped,score 30 below threshold
2026-07-24,LinkedIn,Software Engineer,Scoutit,https://www.linkedin.com/jobs/view/4444319621/,skipped,score 10 below threshold
2026-07-24,LinkedIn,Full Stack Engineer,zenda,https://www.linkedin.com/jobs/view/4443118284/,skipped,score 10 below threshold
2026-07-24,LinkedIn,Full Stack Engineer,Weekday AI (YC W21),https://www.linkedin.com/jobs/view/4444934015/,skipped,score 10 below threshold
2026-07-24,LinkedIn,React Developer,Swan Softweb Solutions,https://www.linkedin.com/jobs/view/4438069177/,failed,Easy Apply modal did not open
2026-07-24,LinkedIn,Full Stack Developer,Deloitte,https://www.linkedin.com/jobs/view/4435955804/,skipped,score 10 below threshold
2026-07-24,LinkedIn,Java Software Engineer,Wissen Technology,https://www.linkedin.com/jobs/view/4439044018/,skipped,score -100 below threshold
2026-07-24,LinkedIn,"Software Engineer I/II, Backend",Snapfix,https://www.linkedin.com/jobs/view/4444317151/,skipped,score 10 below threshold
2026-07-24,LinkedIn,Software Engineer | Remote,CodeGeniusRecruit,https://www.linkedin.com/jobs/view/4430551220/,skipped,score 10 below threshold
2026-07-24,LinkedIn,Back-End Software Engineer,Cherry Bekaert,https://www.linkedin.com/jobs/view/4442072792/,skipped,score 10 below threshold
2026-07-24,LinkedIn,Full Stack Software Engineer,Probeplus,https://www.linkedin.com/jobs/view/4443830385/,skipped,score 10 below threshold
2026-07-24,LinkedIn,Unity 3D Junior Programmer,Appy Monkeys Software Pvt. Ltd.,https://www.linkedin.com/jobs/view/4426057116/,skipped,score 10 below threshold
2026-07-24,LinkedIn,Java Software Engineer,Umalis Software Solutions Pvt. Ltd.,https://www.linkedin.com/jobs/view/4444302132/,skipped,score -100 below threshold
2026-07-24,LinkedIn,Software Engineer- Web,TrueBlue India,https://www.linkedin.com/jobs/view/4431876717/,skipped,score 10 below threshold
2026-07-24,LinkedIn,React /React Native Developer-PR,IAssess Consultants LLP,https://www.linkedin.com/jobs/view/4398101886/,skipped,unanswered required fields:  Please enter your current ctc in INR ;  Please enter your expected ctc in INR 
2026-07-24,LinkedIn,Software Engineer & Instructor,Programming Pathshala,https://www.linkedin.com/jobs/view/4440245791/,skipped,score 10 below threshold
2026-07-24,LinkedIn,Software Engineer,Klysavo Private Limited,https://www.linkedin.com/jobs/view/4442902615/,skipped,score 10 below threshold
2026-07-24,LinkedIn,SDE I (iOS),Navi,https://www.linkedin.com/jobs/view/4413108399/,skipped,score 10 below threshold
2026-07-24,LinkedIn,Flutter Developer Intern,Quantum IT Innovation,https://www.linkedin.com/jobs/view/4439867170/,skipped,score 10 below threshold
2026-07-24,LinkedIn,Software Engineer,Tech Mahindra,https://www.linkedin.com/jobs/view/4432956986/,skipped,score 10 below threshold
2026-07-24,LinkedIn,Unity 3D Junior Programmer,Appy Monkeys Software Pvt. Ltd.,https://www.linkedin.com/jobs/view/4426057116/,skipped,score 10 below threshold
2026-07-24,LinkedIn,Back End Developer,GoQuant,https://www.linkedin.com/jobs/view/4427909639/,skipped,score 10 below threshold
2026-07-24,LinkedIn,Next.js Developer Intern,Papigen,https://www.linkedin.com/jobs/view/4441378025/,skipped,score 10 below threshold
2026-07-24,LinkedIn,Junior Software Engineer,geidea,https://www.linkedin.com/jobs/view/4442467382/,skipped,score 10 below threshold
2026-07-24,LinkedIn,Jr Full stack developer,TechGlora Integrated IT Services,https://www.linkedin.com/jobs/view/4442086976/,skipped,score 10 below threshold
2026-07-24,LinkedIn,Software Engineer,Tata Consultancy Services,https://www.linkedin.com/jobs/view/4435511234/,skipped,score 10 below threshold
2026-07-24,LinkedIn,Remote JavaScript Developer,Turing,https://www.linkedin.com/jobs/view/4444488175/,skipped,score 30 below threshold
2026-07-24,LinkedIn,Backend Java Developer (100% Remote/Work From Home),"Textellent, Inc.",https://www.linkedin.com/jobs/view/4415692552/,skipped,score -100 below threshold
2026-07-24,LinkedIn,Software Engineer II,Alation,https://www.linkedin.com/jobs/view/4416176013/,skipped,score 10 below threshold
2026-07-24,LinkedIn,Software Engineer AI & LLM Applications,Applicantz,https://www.linkedin.com/jobs/view/4444981064/,skipped,score 10 below threshold
2026-07-24,LinkedIn,Full Stack Engineer,Data Eminence,https://www.linkedin.com/jobs/view/4441398596/,skipped,score 10 below threshold
2026-07-24,LinkedIn,Software Engineer- Web,TrueBlue India,https://www.linkedin.com/jobs/view/4431876717/,skipped,score 10 below threshold
2026-07-24,LinkedIn,(node.js+angular) Developer,Skills Agency,https://www.linkedin.com/jobs/view/4437382133/,skipped,score 30 below threshold
2026-07-24,LinkedIn,Full Stack Engineer,Vagaro Technologies,https://www.linkedin.com/jobs/view/4435205537/,skipped,score 10 below threshold
2026-07-24,LinkedIn,Full Stack Engineer,JoVE,https://www.linkedin.com/jobs/view/4434117815/,skipped,score 10 below threshold
2026-07-24,LinkedIn,Software Development Engineer -AI,Airtel Payments Bank,https://www.linkedin.com/jobs/view/4439052557/,skipped,score 10 below threshold
2026-07-24,LinkedIn,Unity 3D Junior Programmer,Appy Monkeys Software Pvt. Ltd.,https://www.linkedin.com/jobs/view/4426057116/,skipped,score 10 below threshold
2026-07-24,LinkedIn,Software Engineer,Lavasion,https://www.linkedin.com/jobs/view/4444931746/,skipped,score 10 below threshold
2026-07-24,LinkedIn,Full Stack Engineer,setlmint.com,https://www.linkedin.com/jobs/view/4444282986/,skipped,score 10 below threshold
2026-07-24,LinkedIn,Frontend Developer — React.js Internship,STYLZ,https://www.linkedin.com/jobs/view/4415656389/,applied,Easy Apply (score 55)
2026-07-24,LinkedIn,Full Stack Engineer,Hyqoo,https://www.linkedin.com/jobs/view/4444336508/,skipped,score 10 below threshold
2026-07-24,LinkedIn,Software Engineer,MARS Cosmetics,https://www.linkedin.com/jobs/view/4441981970/,skipped,score 10 below threshold
2026-07-24,LinkedIn,Software Developer,Scoutit,https://www.linkedin.com/jobs/view/4444332352/,skipped,score 10 below threshold
2026-07-24,LinkedIn,Frontend Developer,EaseMyTrip.com,https://www.linkedin.com/jobs/view/4434530836/,skipped,score 10 below threshold
2026-07-24,LinkedIn,Software Engineer,Tata Consultancy Services,https://www.linkedin.com/jobs/view/4436843226/,skipped,score 10 below threshold
2026-07-24,LinkedIn,Full Stack Engineer,Talent Corner HR Services Pvt Ltd,https://www.linkedin.com/jobs/view/4443742841/,skipped,score 10 below threshold
2026-07-24,LinkedIn,Shopify Full Stack Developer,Sötbella,https://www.linkedin.com/jobs/view/4440006211/,skipped,score 10 below threshold
2026-07-24,LinkedIn,Full Stack Developer,Kayana | Ordering & Payment Solutions,https://www.linkedin.com/jobs/view/4442581250/,skipped,score 10 below threshold
2026-07-24,LinkedIn,iOS Developer-Associate,Cavista Technologies,https://www.linkedin.com/jobs/view/4444280970/,skipped,score 10 below threshold
2026-07-24,LinkedIn,Fullstack Developer- Internship,GreedyGame,https://www.linkedin.com/jobs/view/4437533741/,skipped,score 10 below threshold
2026-07-24,LinkedIn,Full Stack Developer | Remote,Crossing Hurdles,https://www.linkedin.com/jobs/view/4444348313/,skipped,score 10 below threshold
2026-07-24,LinkedIn,Full Stack Engineer,Scoutit,https://www.linkedin.com/jobs/view/4444325600/,skipped,score 10 below threshold
2026-07-24,LinkedIn,Senior Software Engineer - Frontend,GoodScore,https://www.linkedin.com/jobs/view/4421928326/,skipped,score -100 below threshold
2026-07-24,LinkedIn,Software Engineer- Web,TrueBlue India,https://www.linkedin.com/jobs/view/4431876717/,skipped,score 10 below threshold
2026-07-24,LinkedIn,Senior React Developer,Aditi Consulting,https://www.linkedin.com/jobs/view/4441456627/,skipped,score -100 below threshold
2026-07-24,LinkedIn,Generative AI Engineer,EaseMyTrip.com,https://www.linkedin.com/jobs/view/4434535622/,skipped,score 10 below threshold
2026-07-24,LinkedIn,Software Engineer,Lowe's India,https://www.linkedin.com/jobs/view/4435032620/,skipped,score 10 below threshold
2026-07-24,LinkedIn,Software Engineer & Instructor,Programming Pathshala,https://www.linkedin.com/jobs/view/4440245791/,skipped,score 10 below threshold
2026-07-24,LinkedIn,Android Developer Consultant- Mobile,GreedyGame,https://www.linkedin.com/jobs/view/4435036178/,skipped,score -100 below threshold
2026-07-24,LinkedIn,Full Stack Developer,Deloitte,https://www.linkedin.com/jobs/view/4435955804/,skipped,score 10 below threshold
2026-07-24,LinkedIn,Senior React JS Developer,VRINDA INTERNATIONAL,https://www.linkedin.com/jobs/view/4441706485/,skipped,score -100 below threshold
2026-07-24,LinkedIn,Remote JavaScript Developer,Turing,https://www.linkedin.com/jobs/view/4444481387/,skipped,score 30 below threshold
2026-07-24,LinkedIn,Software Engineer (Backend),SHIELD,https://www.linkedin.com/jobs/view/4442606039/,skipped,score 10 below threshold
2026-07-24,LinkedIn,Software Development Engineer II,AiSensy,https://www.linkedin.com/jobs/view/4444799922/,skipped,score 10 below threshold
2026-07-24,LinkedIn,Android Developer,Tata Consultancy Services,https://www.linkedin.com/jobs/view/4441231663/,skipped,score -100 below threshold
2026-07-24,LinkedIn,Software Engineer II,Alation,https://www.linkedin.com/jobs/view/4416176013/,skipped,score 10 below threshold
2026-07-24,LinkedIn,SWE Engineer (Python / JavaScript) | $15.3/hr Remote,Crossing Hurdles,https://www.linkedin.com/jobs/view/4427485606/,skipped,score 30 below threshold
2026-07-24,LinkedIn,Full Stack Engineer,SWAKIO™,https://www.linkedin.com/jobs/view/4444907401/,skipped,score 10 below threshold
2026-07-24,LinkedIn,Software Engineer (Backend),SHIELD,https://www.linkedin.com/jobs/view/4442606039/,skipped,score 10 below threshold
2026-07-24,LinkedIn,Product Platform Engineer,Experion Technologies,https://www.linkedin.com/jobs/view/4435513849/,skipped,score 10 below threshold
2026-07-24,LinkedIn,Graduate Software Engineer,Urban Ground GmbH,https://www.linkedin.com/jobs/view/4438420158/,skipped,score 10 below threshold
2026-07-24,LinkedIn,Full Stack Engineer,Scriptbox,https://www.linkedin.com/jobs/view/4436041487/,skipped,score 10 below threshold
2026-07-24,LinkedIn,Software Engineer (Full-Stack),Whitebird,https://www.linkedin.com/jobs/view/4439465423/,skipped,score 10 below threshold
2026-07-24,LinkedIn,Agent Engineer | AI,Nesoi AI,https://www.linkedin.com/jobs/view/4404328855/,skipped,score 10 below threshold
2026-07-24,LinkedIn,Frontend Developer (Shopify),Healthfab,https://www.linkedin.com/jobs/view/4433789068/,skipped,score 10 below threshold
2026-07-24,LinkedIn,Back End Developer,GoQuant,https://www.linkedin.com/jobs/view/4427909639/,skipped,score 10 below threshold
2026-07-24,LinkedIn,Frontend Developer,Codeyoung,https://www.linkedin.com/jobs/view/4438173931/,skipped,score 10 below threshold
2026-07-24,LinkedIn,Software Development Engineer II,AiSensy,https://www.linkedin.com/jobs/view/4444799922/,skipped,score 10 below threshold
2026-07-24,LinkedIn,SDET (API & Microservices) | Chennai | 6+ Years,Deloitte,https://www.linkedin.com/jobs/view/4440491834/,skipped,score 10 below threshold
2026-07-24,LinkedIn,Software Engineer,Andor Tech,https://www.linkedin.com/jobs/view/4443735540/,skipped,score 10 below threshold
2026-07-24,LinkedIn,Software Engineer,thinkbridge,https://www.linkedin.com/jobs/view/4442720145/,skipped,score 10 below threshold
2026-07-24,LinkedIn,Founding Backend Engineer,Juris IQ,https://www.linkedin.com/jobs/view/4441588266/,skipped,score 10 below threshold
2026-07-24,LinkedIn,Sr. Frontend Developer,Weekday AI (YC W21),https://www.linkedin.com/jobs/view/4437400038/,skipped,score -100 below threshold
2026-07-24,LinkedIn,Software Engineer,Scoutit,https://www.linkedin.com/jobs/view/4444333259/,skipped,score 10 below threshold
2026-07-24,LinkedIn,Backend Engineer | Remote,Crossing Hurdles,https://www.linkedin.com/jobs/view/4436526683/,skipped,score 10 below threshold
2026-07-24,LinkedIn,Full Stack Developer,Legal Experts AI,https://www.linkedin.com/jobs/view/4433915695/,skipped,score 10 below threshold
2026-07-24,LinkedIn,Software Engineer (Java and AWS),Jobgether,https://www.linkedin.com/jobs/view/4444911358/,skipped,score -100 below threshold
2026-07-24,LinkedIn,Lead Full Stack Developer – React.js & Node.js,Capgemini,https://www.linkedin.com/jobs/view/4437185476/,skipped,score -100 below threshold
2026-07-24,LinkedIn,Software Engineer- Web,TrueBlue India,https://www.linkedin.com/jobs/view/4431876717/,skipped,score 10 below threshold
2026-07-24,LinkedIn,Jr. Pega Developer,Glidewell Dental,https://www.linkedin.com/jobs/view/4437308624/,skipped,score 10 below threshold
2026-07-24,LinkedIn,Web Developer,Tata Consultancy Services,https://www.linkedin.com/jobs/view/4441213404/,skipped,score 10 below threshold
2026-07-24,LinkedIn,Full stack Developer,Leadrat Real Estate CRM - Dubai | India,https://www.linkedin.com/jobs/view/4436090861/,skipped,score 10 below threshold
2026-07-24,LinkedIn,Frontend Developer,EaseMyTrip.com,https://www.linkedin.com/jobs/view/4434530836/,skipped,score 10 below threshold
2026-07-24,LinkedIn,Full‑Stack Developer (React + NodeJS + PostgreSQL),TM Systems,https://www.linkedin.com/jobs/view/4426470875/,applied,Easy Apply (score 55)
2026-07-24,LinkedIn,Web Developer,Tata Consultancy Services,https://www.linkedin.com/jobs/view/4441213404/,skipped,score 10 below threshold
2026-07-24,LinkedIn,React Developer,Swan Softweb Solutions,https://www.linkedin.com/jobs/view/4438069177/,failed,Easy Apply modal did not open
2026-07-24,LinkedIn,Senior Demo Engineer,Freshworks,https://www.linkedin.com/jobs/view/4443105786/,skipped,score -100 below threshold
2026-07-24,LinkedIn,Senior Software Engineer,LTM,https://www.linkedin.com/jobs/view/4432625937/,skipped,score -100 below threshold
2026-07-24,LinkedIn,Software Engineer,Lowe's India,https://www.linkedin.com/jobs/view/4435032620/,skipped,score 10 below threshold
2026-07-25,Instahyre,KnackLabs - Software Development Engineer,KnackLabs,https://www.instahyre.com/#job/knacklabs/knacklabs-software-development-engineer,skipped,score 30 below threshold
2026-07-25,Naukri,React Native Developer,Santa Browser,https://www.naukri.com/job-listings-react-native-developer-santa-browser-hyderabad-3-to-5-years-240726507223,skipped,skipped — external ATS (apply on company site)
2026-07-25,Naukri,React Native Developer,Techefficio,https://www.naukri.com/job-listings-react-native-developer-techefficio-hyderabad-3-to-5-years-200726503418,skipped,skipped — external ATS (apply on company site)
2026-07-25,Naukri,React Native Developer,Bigziel,https://www.naukri.com/job-listings-react-native-developer-bigziel-chennai-1-to-3-years-311025501360,skipped,skipped — external ATS (apply on company site)
2026-07-25,Naukri,React Native Developer,Technoadviser Technologies,https://www.naukri.com/job-listings-react-native-developer-technoadviser-technologies-pvt-ltd-hyderabad-1-to-5-years-290526503919,failed,Apply button not found — page buttons  [Jobs2 | Recommended jobs | NVites11 New | Application status126 Updates | Saved jobs | Companies | Explore categories | Unicorn | MNC | Startup]
2026-07-25,Naukri,React Native Developer,Pillersoft Technology,https://www.naukri.com/job-listings-react-native-developer-piller-soft-technology-pune-3-to-7-years-210725500684,skipped,skipped — external ATS (apply on company site)
2026-07-25,Naukri,React Native Developer,Digixpro,https://www.naukri.com/job-listings-react-native-developer-digixpro-bengaluru-1-to-5-years-071125501730,skipped,skipped — external ATS (apply on company site)
2026-07-25,Naukri,React Native Developer,Cloud Counselage,https://www.naukri.com/job-listings-react-native-developer-cloud-counselage-pvt-ltd-chennai-3-to-7-years-301225507873,skipped,skipped — external ATS (apply on company site)
2026-07-25,Naukri,React Native Developer - PHP/MySQL,Loyal String International,https://www.naukri.com/job-listings-react-native-developer-php-mysql-loyal-string-international-pune-2-to-3-years-190620501339,skipped,skipped — external ATS (apply on company site)
2026-07-25,Naukri,React Native Developer,Up Market Research,https://www.naukri.com/job-listings-react-native-developer-up-market-research-pune-3-to-7-years-170424500355,skipped,skipped — external ATS (apply on company site)
2026-07-25,Naukri,React Native developer,Analogue It Solutions,https://www.naukri.com/job-listings-react-native-developer-analogue-it-solutions-mobile-application-development-company-hyderabad-1-to-4-years-150125503399,skipped,skipped — external ATS (apply on company site)
2026-07-25,Naukri,React Native Developer,Quanteon Solutions,https://www.naukri.com/job-listings-react-native-developer-quanteon-llc-hyderabad-3-to-8-years-130226502852,skipped,skipped — external ATS (apply on company site)
2026-07-25,Naukri,React Native Mobile Developer,Tech Stalwart Solution,https://www.naukri.com/job-listings-react-native-mobile-developer-tech-stalwart-solution-private-limited-kolkata-mumbai-new-delhi-hyderabad-pune-chennai-bengaluru-3-to-8-years-090925503642,skipped,skipped — external ATS (apply on company site)
2026-07-25,Naukri,React Native Developers | Hyderabad India,Sowedane,https://www.naukri.com/job-listings-react-native-developers-hyderabad-india-sowedane-hyderabad-3-to-8-years-280526503016,failed,Apply button not found — page buttons  [Jobs2 | Recommended jobs | NVites11 New | Application status126 Updates | Saved jobs | Companies | Explore categories | Unicorn | MNC | Startup]
2026-07-25,Naukri,React Native Developer,Chromosis Technologies,https://www.naukri.com/job-listings-react-native-developer-chromosis-technologies-pvt-ltd-bengaluru-1-to-5-years-260326500675,skipped,skipped — external ATS (apply on company site)
2026-07-25,Naukri,React Native Developer,Apex 2000 INC,https://www.naukri.com/job-listings-react-native-developer-apex-2000-inc-bengaluru-3-to-7-years-210526501004,skipped,skipped — external ATS (apply on company site)
2026-07-25,Naukri,React Native Developer Product,Recrosoft,https://www.naukri.com/job-listings-react-native-developer-product-recrosoft-technologies-pvt-ltd-bengaluru-1-to-4-years-140526503556,failed,Apply button not found — page buttons  [Jobs2 | Recommended jobs | NVites11 New | Application status126 Updates | Saved jobs | Companies | Explore categories | Unicorn | MNC | Startup]
2026-07-25,Naukri,React Native Developer,Sthapatya Software,https://www.naukri.com/job-listings-react-native-developer-sthapatya-software-pvt-ltd-pune-3-to-5-years-311225501089,skipped,skipped — external ATS (apply on company site)
2026-07-25,Naukri,React Native Developer,Webpetal Software,https://www.naukri.com/job-listings-react-native-developer-webpetal-software-pvt-ltd-gurugram-0-to-2-years-311025500174,skipped,skipped — external ATS (apply on company site)
2026-07-25,Naukri,React Native Developer,Medpick,https://www.naukri.com/job-listings-react-native-developer-medpick-bengaluru-1-to-5-years-311025500126,skipped,skipped — external ATS (apply on company site)
2026-07-25,Naukri,Mobile Developer,Akra Tech,https://www.naukri.com/job-listings-mobile-developer-akra-tech-chennai-3-to-8-years-200726503725,skipped,skipped — external ATS (apply on company site)
2026-07-25,Naukri,Mobile Developer,Siri Innovations,https://www.naukri.com/job-listings-mobile-developer-siri-innovations-pvt-ltd-hyderabad-2-to-5-years-210726501582,skipped,score 50 below threshold
2026-07-25,Naukri,"Staff Engineer ,Mobile Developer",Nagarro,https://www.naukri.com/job-listings-staff-engineer-mobile-developer-nagarro-software-pvt-ltd-hyderabad-1-to-3-years-291025502366,skipped,score -100 below threshold
2026-07-25,Naukri,Mobile Developer,Couchbase,https://www.naukri.com/job-listings-mobile-developer-couchbase-inc-bengaluru-1-to-3-years-270625501943,skipped,skipped — external ATS (apply on company site)
2026-07-25,Naukri,Mobile Developer (Japan Posting),Mount Talent Consulting,https://www.naukri.com/job-listings-mobile-developer-japan-posting-value-innovation-labs-hyderabad-bengaluru-delhi-ncr-2-to-5-years-260626000136,skipped,score 50 below threshold
2026-07-25,Naukri,Mobile Developer (Japan Posting),Mount Talent Consulting,https://www.naukri.com/job-listings-mobile-developer-japan-posting-value-innovation-labs-noida-hyderabad-chennai-2-to-6-years-260626000133,skipped,score 50 below threshold
2026-07-25,Naukri,Mobile Developer,Cyces Innovation Labs Llp,https://www.naukri.com/job-listings-mobile-developer-cyces-innovation-labs-llp-chennai-2-to-7-years-290526504570,skipped,skipped — external ATS (apply on company site)
2026-07-25,Naukri,Mobile Developer,rigbot.com,https://www.naukri.com/job-listings-mobile-developer-rigbot-com-hyderabad-0-to-8-years-310817503081,skipped,score 50 below threshold
2026-07-25,Naukri,Mobile Developer - Microsoft Certified,Acuity Software Technologies,https://www.naukri.com/job-listings-mobile-developer-microsoft-certified-acuity-software-technologies-hyderabad-3-to-8-years-240517500889,skipped,score -100 below threshold
2026-07-25,Naukri,AI Agent Reliability Engineer - Mobile Developers,Emergent India,https://www.naukri.com/job-listings-ai-agent-reliability-engineer-mobile-developers-emergent-bengaluru-1-to-5-years-300626500430,skipped,score 50 below threshold
2026-07-25,Naukri,Mobile Developer,BNI,https://www.naukri.com/job-listings-mobile-developer-bni-bengaluru-2-to-3-years-150626503249,skipped,score 50 below threshold
2026-07-25,Naukri,Mobile Developer,Shopdeck,https://www.naukri.com/job-listings-mobile-developer-shopdeck-previously-nushop-bengaluru-2-to-4-years-020626502541,skipped,score 50 below threshold
2026-07-25,Naukri,Mobile Developer,Technerds Solutions,https://www.naukri.com/job-listings-mobile-developer-technerds-solutions-pvt-ltd-chennai-2-to-5-years-301025504772,skipped,score 50 below threshold
2026-07-25,Naukri,Maximo Mobile Developer,Capgemini,https://www.naukri.com/job-listings-maximo-mobile-developer-capgemini-technology-services-india-limited-bengaluru-3-to-7-years-290626928453,skipped,score 50 below threshold
2026-07-25,Naukri,Mobile Developer,Logic Planet,https://www.naukri.com/job-listings-mobile-developer-logicplanet-it-services-hubli-mangaluru-mysuru-bengaluru-belgaum-0-to-5-years-240226505078,skipped,score 50 below threshold
2026-07-25,Naukri,Mobile developer,Technologyport Software India,https://www.naukri.com/job-listings-mobile-developer-technologyport-software-india-pvt-ltd-bengaluru-2-to-4-years-231219501376,skipped,score 50 below threshold
2026-07-25,Naukri,Mobile Developer- Visa,Foray Software,https://www.naukri.com/job-listings-mobile-developer-visa-foray-software-pvt-ltd-bengaluru-3-to-7-years-230824501588,skipped,score 50 below threshold
2026-07-25,Naukri,Mobile Developer,Wingz Technologies,https://www.naukri.com/job-listings-mobile-developer-wingz-technologies-chennai-1-to-4-years-220425500929,skipped,score 50 below threshold
2026-07-25,Naukri,Mobile Developer,Photon,https://www.naukri.com/job-listings-mobile-developer-photon-infotech-p-ltd-chennai-3-to-7-years-191124505967,skipped,score 50 below threshold
2026-07-25,Naukri,Mobile Developer,SATRA Group,https://www.naukri.com/job-listings-mobile-developer-satra-infrastructure-management-services-hyderabad-2-to-3-years-190625503012,skipped,score 50 below threshold
2026-07-25,Naukri,Frontend Engineer (React & React Native),Y2Z Travel,https://www.naukri.com/job-listings-frontend-engineer-react-react-native-y2z-travel-bengaluru-1-to-5-years-191224503297,skipped,skipped — external ATS (apply on company site)
2026-07-25,Naukri,Frontend Engineer (React / React Native),Prepairo,https://www.naukri.com/job-listings-frontend-engineer-react-react-native-prepairo-bengaluru-2-to-5-years-010626503686,failed,Apply button not found — page buttons  [Jobs2 | Recommended jobs | NVites11 New | Application status126 Updates | Saved jobs | Companies | Explore categories | Unicorn | MNC | Startup]
2026-07-25,Naukri,"Associate Principal Engineer, Frontend React",Nagarro,https://www.naukri.com/job-listings-associate-principal-engineer-frontend-react-nagarro-software-pvt-ltd-bengaluru-0-to-3-years-291025503104,skipped,score -100 below threshold
2026-07-25,Naukri,React Frontend Engineer,Omniful,https://www.naukri.com/job-listings-react-frontend-engineer-omniful-gurugram-3-to-8-years-200525503513,skipped,skipped — external ATS (apply on company site)
2026-07-25,Naukri,Frontend - Engineer,Varaha Systems,https://www.naukri.com/job-listings-frontend-engineer-varaha-systems-inc-bengaluru-3-to-8-years-140726501769,skipped,skipped — external ATS (apply on company site)
2026-07-25,Naukri,"Engineer, Frontend React",Nagarro,https://www.naukri.com/job-listings-engineer-frontend-react-nagarro-software-pvt-ltd-bengaluru-2-to-7-years-291025501402,skipped,skipped — external ATS (apply on company site)
2026-07-25,Naukri,Frontend Engineer (React),Startappss Systems,https://www.naukri.com/job-listings-frontend-engineer-react-startappss-systems-pvt-ltd-indore-3-to-8-years-230726503784,skipped,skipped — external ATS (apply on company site)
2026-07-25,Naukri,Frontend Engineer ( React / Next . js ),Workforce Next,https://www.naukri.com/job-listings-frontend-engineer-react-next-js-workforce-next-noida-2-to-6-years-140526500224,skipped,skipped — external ATS (apply on company site)
2026-07-25,Naukri,Frontend Engineer (React),Technix India Solutions,https://www.naukri.com/job-listings-frontend-engineer-react-technix-technology-patna-0-to-2-years-101125501751,skipped,skipped — external ATS (apply on company site)
2026-07-25,Naukri,Frontend Engineer (React.js / Next.js),Aqilea,https://www.naukri.com/job-listings-frontend-engineer-react-js-next-js-aqilea-formerly-soltia-bengaluru-5-to-9-years-150726500749,skipped,experience 5-9 Yrs out of range
2026-07-25,Naukri,Frontend Engineer,Vowels Of The People Association,https://www.naukri.com/job-listings-frontend-engineer-vopa-pune-3-to-5-years-200726504194,skipped,score 30 below threshold
2026-07-25,Naukri,Frontend Engineer,Apex 2000,https://www.naukri.com/job-listings-frontend-engineer-apex-2000-inc-pune-3-to-7-years-290626503315,skipped,score 10 below threshold
2026-07-25,Naukri,Front end Engineer,Diverse Lynx,https://www.naukri.com/job-listings-front-end-engineer-diverse-lynx-bengaluru-1-to-5-years-230626501437,skipped,skipped — external ATS (apply on company site)
2026-07-25,Naukri,Frontend Engineer - React js,Cloud Nautical Solutions India,https://www.naukri.com/job-listings-frontend-engineer-react-js-cloud-nautical-solutions-india-private-limited-thiruvananthapuram-5-to-10-years-240726503467,skipped,experience 5-10 Yrs out of range
2026-07-25,Naukri,React Frontend Engineer,Leading Client,https://www.naukri.com/job-listings-react-frontend-engineer-contactx-resource-management-pvt-ltd-bengaluru-7-to-10-years-170726918079,skipped,experience 7-10 Yrs out of range
2026-07-25,Naukri,Frontend Engineer,Alaan,https://www.naukri.com/job-listings-frontend-engineer-alaan-bengaluru-2-to-7-years-100726509609,skipped,score 30 below threshold
2026-07-25,Naukri,Frontend Engineer,Diverse Lynx,https://www.naukri.com/job-listings-frontend-engineer-diverse-lynx-bengaluru-2-to-6-years-080825500478,skipped,score 30 below threshold
2026-07-25,Naukri,Front End UI Engineer,Ascendion Engineering,https://www.naukri.com/job-listings-front-end-ui-engineer-ascendion-engineering-bengaluru-7-to-12-years-140726018965,skipped,experience 7-12 Yrs out of range
2026-07-25,Naukri,Frontend Engineer React JS,Einfochips,https://www.naukri.com/job-listings-frontend-engineer-react-js-e-infochips-limited-indore-4-to-12-years-160226505299,skipped,experience 4-12 Yrs out of range
2026-07-25,Naukri,Frontend Engineer React JS,Einfochips,https://www.naukri.com/job-listings-frontend-engineer-react-js-e-infochips-limited-ahmedabad-4-to-12-years-160226505298,skipped,experience 4-12 Yrs out of range
2026-07-25,Naukri,Full Stack Developer (React + Node),Kleistech,https://www.naukri.com/job-listings-full-stack-developer-react-node-kleistech-pune-2-to-7-years-170726504546,skipped,skipped — external ATS (apply on company site)
2026-07-25,Naukri,Full Stack Developer,Leading Client,https://www.naukri.com/job-listings-full-stack-developer-rimpac-hr-services-llp-pune-bengaluru-2-to-6-years-230726933909,skipped,score -100 below threshold
2026-07-25,Naukri,Full Stack Developer (React & Node JD),Vertiscript Global It Services,https://www.naukri.com/job-listings-full-stack-developer-react-node-jd-vertiscript-global-it-solution-hyderabad-3-to-6-years-031225502948,skipped,skipped — external ATS (apply on company site)
2026-07-25,Naukri,Fullstack Developer,99yellow,https://www.naukri.com/job-listings-fullstack-developer-99yellow-gurugram-3-to-5-years-220726030478,skipped,score -100 below threshold
2026-07-25,Naukri,React + Node - Full Stack Developer,Paltech Consulting,https://www.naukri.com/job-listings-react-node-full-stack-developer-paltech-consulting-hyderabad-3-to-6-years-070726027633,failed,No apply confirmation detected
2026-07-25,Naukri,Full Stack Developer React + Node,Quanteon Solutions,https://www.naukri.com/job-listings-full-stack-developer-react-node-quanteon-llc-hyderabad-3-to-8-years-130226502853,skipped,skipped — external ATS (apply on company site)
2026-07-25,Naukri,React & Node Full stack Developer,PAL It Tech,https://www.naukri.com/job-listings-react-node-full-stack-developer-pal-it-tech-pvt-ltd-hyderabad-3-to-5-years-090726502862,skipped,skipped — external ATS (apply on company site)
2026-07-25,Naukri,Fullstack Developer(Immediate Joiners only Apply,Empover,https://www.naukri.com/job-listings-fullstack-developer-immediate-joiners-only-apply-empover-hyderabad-3-to-5-years-210726018410,failed,No apply confirmation detected
2026-07-25,Naukri,Fullstack Developer (NodeJS + React),Ixigo,https://www.naukri.com/job-listings-fullstack-developer-nodejs-react-ixigo-gurugram-3-to-8-years-200726505767,skipped,skipped — external ATS (apply on company site)
2026-07-25,Naukri,Fullstack Developer,Deloitte Shared Services India,https://www.naukri.com/job-listings-fullstack-developer-deloitte-shared-services-india-bengaluru-2-to-6-years-120626008685,failed,Apply button not found — page buttons  [Jobs2 | Recommended jobs | NVites11 New | Application status126 Updates | Saved jobs | Companies | Explore categories | Unicorn | MNC | Startup]
2026-07-25,Naukri,Fullstack Developer,Careait Health Services,https://www.naukri.com/job-listings-fullstack-developer-careait-health-services-bengaluru-0-to-3-years-010726028673,failed,No apply confirmation detected
2026-07-25,Naukri,Full Stack Developer (React with Node),Programming.Com,https://www.naukri.com/job-listings-full-stack-developer-react-with-node-programming-com-bengaluru-2-to-6-years-121224501301,skipped,skipped — external ATS (apply on company site)
2026-07-25,Naukri,Fullstack Developer,MNC,https://www.naukri.com/job-listings-fullstack-developer-tele-infotech-pimpri-chinchwad-pune-0-to-2-years-210726034817,skipped,score 30 below threshold
2026-07-25,Naukri,Full Stack Developer,Triveous,https://www.naukri.com/job-listings-full-stack-developer-triveous-bengaluru-2-to-5-years-230726501099,skipped,score 30 below threshold
2026-07-25,Naukri,Full Stack Developer / Website Manager,Manvision Technologies,https://www.naukri.com/job-listings-full-stack-developer-website-manager-manvision-technologies-hyderabad-2-to-3-years-230726009970,applied,auto-applied (score 55)
2026-07-25,Naukri,Fullstack Developer,ScoreMe,https://www.naukri.com/job-listings-fullstack-developer-scoreme-gurugram-2-to-4-years-160726017453,applied,auto-applied (score 55)
2026-07-25,Naukri,Gen AI - Full Stack Developer,Intelizign Lifecycle Services,https://www.naukri.com/job-listings-gen-ai-full-stack-developer-intelizign-lifecycle-services-chennai-3-to-6-years-150726015903,failed,No apply confirmation detected
2026-07-25,Naukri,Fullstack Developer,IFOX CLICKS LLP,https://www.naukri.com/job-listings-fullstack-developer-ifox-clicks-llp-chennai-1-to-3-years-170726030398,failed,No apply confirmation detected
2026-07-25,Naukri,Fullstack Developer,Josh Software,https://www.naukri.com/job-listings-fullstack-developer-josh-software-pvt-ltd-pune-3-to-5-years-150726931620,skipped,score 30 below threshold
2026-07-25,Naukri,Forward Deployed  Engineer- Full stack Developer,Current India,https://www.naukri.com/job-listings-forward-deployed-engineer-full-stack-developer-current-india-hyderabad-3-to-7-years-130726027739,failed,No apply confirmation detected
2026-07-25,LinkedIn,NVIDIA GPU Engineer (Junior) WFH,Qubrid AI,https://www.linkedin.com/jobs/view/4432026341/,skipped,score 10 below threshold
2026-07-25,LinkedIn,Senior React Developer,Aditi Consulting,https://www.linkedin.com/jobs/view/4441456627/,skipped,score -100 below threshold
2026-07-25,LinkedIn,API Developer,INSIDEA,https://www.linkedin.com/jobs/view/4444317729/,skipped,score 10 below threshold
2026-07-25,LinkedIn,Software Engineer,Tech Mahindra,https://www.linkedin.com/jobs/view/4432956986/,skipped,score 10 below threshold
2026-07-25,LinkedIn,Mobile Application Developer,Recro,https://www.linkedin.com/jobs/view/4439408068/,skipped,score 10 below threshold
2026-07-25,LinkedIn,Software Engineer | Remote,Crossing Hurdles,https://www.linkedin.com/jobs/view/4441198151/,skipped,score 10 below threshold
2026-07-25,LinkedIn,Software Engineer,Tata Consultancy Services,https://www.linkedin.com/jobs/view/4436843226/,skipped,score 10 below threshold
2026-07-25,LinkedIn,Embedded Software Engineer,Cyient,https://www.linkedin.com/jobs/view/4432776160/,skipped,score 10 below threshold
2026-07-25,LinkedIn,Software Engineer,Insight Global,https://www.linkedin.com/jobs/view/4444609478/,skipped,score 10 below threshold
2026-07-25,LinkedIn,Remote Software Engineer (JavaScript),Turing,https://www.linkedin.com/jobs/view/4444484353/,skipped,score 30 below threshold
2026-07-25,LinkedIn,Software Engineer,EPAM Systems,https://www.linkedin.com/jobs/view/4435993383/,skipped,score 10 below threshold
2026-07-25,LinkedIn,Web Developer,ShrinQ Consulting Group Inc,https://www.linkedin.com/jobs/view/4444015670/,skipped,score 10 below threshold
2026-07-25,LinkedIn,Mobile App Developer,Scoutit,https://www.linkedin.com/jobs/view/4444327351/,skipped,score 50 below threshold
2026-07-25,LinkedIn,Software Development Engineer II,AiSensy,https://www.linkedin.com/jobs/view/4444799922/,skipped,score 10 below threshold
2026-07-25,LinkedIn,Software Engineer,Morningstar,https://www.linkedin.com/jobs/view/4442420902/,skipped,score 10 below threshold
2026-07-25,LinkedIn,Remote JavaScript Developer,Turing,https://www.linkedin.com/jobs/view/4444481387/,skipped,score 30 below threshold
2026-07-25,LinkedIn,Frontend Developer,Scoutit,https://www.linkedin.com/jobs/view/4444325417/,skipped,score 10 below threshold
2026-07-25,LinkedIn,Frontend Web Developer,Utsav Fashion,https://www.linkedin.com/jobs/view/4442069273/,skipped,score 10 below threshold
2026-07-25,LinkedIn,Full Stack Developer,Kayana | Ordering & Payment Solutions,https://www.linkedin.com/jobs/view/4442581250/,skipped,score 10 below threshold
2026-07-25,LinkedIn,Full-stack Engineer,Jobgether,https://www.linkedin.com/jobs/view/4442053955/,skipped,score 10 below threshold
2026-07-25,LinkedIn,Frontend Developer,Cimpress,https://www.linkedin.com/jobs/view/4443819685/,skipped,score 10 below threshold
2026-07-25,LinkedIn,Full Stack Engineer,VINC,https://www.linkedin.com/jobs/view/4371199953/,skipped,score 10 below threshold
2026-07-25,LinkedIn,Software Engineer,BigStep Technologies,https://www.linkedin.com/jobs/view/4443813663/,skipped,score 10 below threshold
2026-07-25,LinkedIn,API Developer,INSIDEA,https://www.linkedin.com/jobs/view/4444317729/,skipped,score 10 below threshold
2026-07-25,LinkedIn,Software Engineer,R3,https://www.linkedin.com/jobs/view/4440559297/,skipped,score 10 below threshold
2026-07-25,LinkedIn,Web Developer,ShrinQ Consulting Group Inc,https://www.linkedin.com/jobs/view/4444015670/,skipped,score 10 below threshold
2026-07-25,LinkedIn,Software Engineer,Lavasion,https://www.linkedin.com/jobs/view/4444931746/,skipped,score 10 below threshold
2026-07-25,LinkedIn,Remote JavaScript Engineer,Turing,https://www.linkedin.com/jobs/view/4444484332/,skipped,score 30 below threshold
2026-07-25,LinkedIn,Software Development Engineer II,AiSensy,https://www.linkedin.com/jobs/view/4444799922/,skipped,score 10 below threshold
2026-07-25,LinkedIn,Software Development Engineer -AI,Airtel Payments Bank,https://www.linkedin.com/jobs/view/4439052557/,skipped,score 10 below threshold
2026-07-25,LinkedIn,Remote Software Engineer (JavaScript),Turing,https://www.linkedin.com/jobs/view/4444484353/,skipped,score 30 below threshold
2026-07-25,LinkedIn,React.js Frontend Developer,Artech L.L.C.,https://www.linkedin.com/jobs/view/4437535784/,skipped,required screening question cannot be answered from profile
2026-07-25,LinkedIn,"Software Engineer (Java/Node, AWS)",Autodesk,https://www.linkedin.com/jobs/view/4442663143/,skipped,score 30 below threshold
2026-07-25,LinkedIn,Frontend Developer (Angular) | Remote,Crossing Hurdles,https://www.linkedin.com/jobs/view/4424058515/,skipped,score 10 below threshold
2026-07-25,LinkedIn,Senior Demo Engineer,Freshworks,https://www.linkedin.com/jobs/view/4443104769/,skipped,score -100 below threshold
2026-07-25,Cutshort,Full Stack Developer,Envisioned Strategy and Consulting,https://cutshort.io/job/Full-Stack-Developer-Hyderabad-Envisioned-Strategy-and-Consulting-pnKE3yCo,skipped,score 10 below threshold
2026-07-25,Cutshort,React Native Developer – PHP/LARAVEL,CNV AI Labs Inc,https://cutshort.io/job/React-Native-Developer-PHP-LARAVEL-CNV-AI-Labs-Inc-djtssuLz,failed,no application confirmation on Cutshort
2026-07-25,Cutshort,React Native Developer,GD,https://cutshort.io/job/React-Native-Developer-Ahmedabad-GD-hBNysnI4,failed,no application confirmation on Cutshort
2026-07-25,Cutshort,Full Stack Developer (React Native + Integrations),Zan - Zari Group,https://cutshort.io/job/Full-Stack-Developer-React-Native-Integrations-Zan-Zari-Group-SXhKtmRH,failed,no application confirmation on Cutshort
2026-07-25,Cutshort,UI Engineer,Orenda,https://cutshort.io/job/UI-Engineer-Ahmedabad-Orenda-kF0eBPir,skipped,score 10 below threshold
2026-07-25,Cutshort,Android Developer - I,KnackLabs,https://cutshort.io/job/Android-Developer-I-Bengaluru-Bangalore-KnackLabs-C5bwFIee,skipped,score -100 below threshold
2026-07-25,Cutshort,Full Stack Developer - Senior,SwitchKart,https://cutshort.io/job/Full-Stack-Developer-Senior-Bengaluru-Bangalore-SwitchKart-hrCry4pA,skipped,score -100 below threshold
2026-07-25,Cutshort,SDE Intern - React Native,PGAGI,https://cutshort.io/job/SDE-Intern-React-Native-PGAGI-2ARnMb5d,failed,no application confirmation on Cutshort
2026-07-25,Cutshort,"Mobile Developer (React Native) — 3-Month Contract, Remote",Zan - Zari Group,https://cutshort.io/job/Mobile-Developer-React-Native-3-Month-Contract-Remote-Zan-Zari-Group-yNs3ndxI,failed,no application confirmation on Cutshort
2026-07-25,Cutshort,React Native Developer with PHP Developer(Strong backend Knowledge),httpswwwicloudemscom,https://cutshort.io/job/React-Native-Developer-with-PHP-Developer-Strong-backend-Knowledge-httpswwwicloudemscom-oWDoq49q,failed,no application confirmation on Cutshort
2026-07-25,Cutshort,Lead Product Engineer - Pod Captain,Fountane inc,https://cutshort.io/job/Lead-Product-Engineer-Pod-Captain-Fountane-inc-FjqBhstE,skipped,score -100 below threshold
2026-07-25,Cutshort,Senior Software Development Engineer (Payments) Full-time,ZYSYGY,https://cutshort.io/job/Senior-Software-Development-Engineer-Payments-Full-time-ZYSYGY-Gm6TIiDw,skipped,score -100 below threshold
2026-07-25,Cutshort,Fullstack Developer,,https://cutshort.io/job/Fullstack-Developer-Mumbai-Cutshort-Lightning-hm7QSYFD,skipped,experience 1yr out of range
2026-07-25,Cutshort,Engineering Lead,,https://cutshort.io/job/Engineering-Lead-Mumbai-Cutshort-Lightning-OmazFcWW,skipped,experience 7yrs out of range
2026-07-25,Cutshort,Front end developer,Knobee Social India Private Limited,https://cutshort.io/job/Front-end-developer-Noida-Bengaluru-Bangalore-Knobee-Social-India-Private-Limited-0r0IA5Cq,skipped,score 10 below threshold
2026-07-25,Cutshort,Senior React Native Developer,Procedure,https://cutshort.io/job/Senior-React-Native-Developer-Procedure-5nCabdqM,skipped,score -100 below threshold
2026-07-25,Cutshort,React Native Intern,PGAGI,https://cutshort.io/job/React-Native-Intern-Bengaluru-Bangalore-PGAGI-FzasCXYn,failed,no application confirmation on Cutshort
2026-07-25,Cutshort,Mobile App Developer- Intern,Aaizel International Technologies Pvt Ltd,https://cutshort.io/job/Mobile-App-Developer-Intern-Gurugram-Aaizel-International-Technologies-Pvt-Ltd-pCDGS1PB,skipped,score 50 below threshold
2026-07-25,Cutshort,React Native SDE 3,NeoGenCode Technologies Pvt Ltd,https://cutshort.io/job/React-Native-SDE-3-Bengaluru-Bangalore-NeoGenCode-Technologies-Pvt-Ltd-Dfn6pWZy,skipped,score -100 below threshold
2026-07-25,Cutshort,PHP Developer,CNV AI Labs Inc,https://cutshort.io/job/PHP-Developer-CNV-AI-Labs-Inc-aXdDCEUE,skipped,score 10 below threshold
2026-07-25,Cutshort,Senior Product Engineer - Mobile Developer (L3),Fountane inc,https://cutshort.io/job/Senior-Product-Engineer-Mobile-Developer-L3-Fountane-inc-oyJaddR8,skipped,score -100 below threshold
2026-07-25,Cutshort,Staff Mobile Application Developer,RockED,https://cutshort.io/job/Staff-Mobile-Application-Developer-Bengaluru-Bangalore-RockED-8fPkLTUb,skipped,score -100 below threshold
2026-07-25,Cutshort,Lead Mobile Engineer – Android & iOS,,https://cutshort.io/job/Lead-Mobile-Engineer-Android-iOS-Hyderabad-Recruiting-Bond-SGHz97wJ,skipped,experience 5 - 8 yrs out of range
2026-07-25,Cutshort,Senior Backend Developer,Master-O,https://cutshort.io/job/Senior-Backend-Developer-Gurugram-Master-O-ax0pS75g,skipped,score -100 below threshold
2026-07-25,Cutshort,React Native,1HResource Solutions,https://cutshort.io/job/React-Native-Bengaluru-Bangalore-1HResource-Solutions-lpZLOYSw,failed,no application confirmation on Cutshort
2026-07-25,Cutshort,Mobile Application Lead (React Native),Amura Health,https://cutshort.io/job/Mobile-Application-Lead-React-Native-Chennai-Amura-Health-aK3qiR1w,skipped,score -100 below threshold
2026-07-25,Cutshort,Android Developer,Aaizel International Technologies Pvt Ltd,https://cutshort.io/job/Android-Developer-Gurugram-Aaizel-International-Technologies-Pvt-Ltd-XMggixxl,skipped,score -100 below threshold
2026-07-25,Cutshort,Software Development Engineer – Mobile / Full-Stack,PGAGI,https://cutshort.io/job/Software-Development-Engineer-Mobile-Full-Stack-Bengaluru-Bangalore-PGAGI-P5ZXCB6o,skipped,score 10 below threshold
2026-07-25,Cutshort,Job Description – React Native Full Stack Developer,TopGrep Tech Private Limited,https://cutshort.io/job/Job-Description-React-Native-Full-Stack-Developer-Bengaluru-Bangalore-TopGrep-Tech-Private-Limited-b56hFu6d,failed,no application confirmation on Cutshort
2026-07-25,Cutshort,Lead Frontend Engineer - React.js (4-6 years),Trendlyne Technologies,https://cutshort.io/job/Lead-Frontend-Engineer-React-js-4-6-years-Bengaluru-Bangalore-Trendlyne-Technologies-buBrp8Tq,skipped,score -100 below threshold
2026-07-25,Cutshort,Senior React Native Developer,Big Rattle Technologies,https://cutshort.io/job/Senior-React-Native-Developer-Big-Rattle-Technologies-QWXg5Be3,skipped,score -100 below threshold
2026-07-25,Cutshort,Software Engineer,ReThink,https://cutshort.io/job/Software-Engineer-ReThink-thbQzSYt,skipped,score 10 below threshold
2026-07-25,Cutshort,Backend- Developer,WorldRef Technologies,https://cutshort.io/job/Backend-Developer-Noida-63-WorldRef-Technologies-RIwYbka0,skipped,score 10 below threshold
2026-07-25,Cutshort,React Native Developer,Qurilo Technologies LLC,https://cutshort.io/job/React-Native-Developer-Delhi-Gurugram-Noida-Ghaziabad-Faridabad-Qurilo-Technologies-LLC-D1WcobZs,failed,no application confirmation on Cutshort
2026-07-25,Cutshort,Full Stack Developer,Ekostay LLP,https://cutshort.io/job/Full-Stack-Developer-Mumbai-worli-Ekostay-LLP-awSu8gP7,skipped,score 10 below threshold
2026-07-25,Cutshort,React JS/ React Native Developer,Hunarstreet Technologies Pvt Ltd,https://cutshort.io/job/React-JS-React-Native-Developer-Pune-Hunarstreet-Technologies-Pvt-Ltd-EfDtNOIc,failed,no application confirmation on Cutshort
2026-07-25,Cutshort,React Native Engineer | 4+ yrs | Bangalore,sketch brahma,https://cutshort.io/job/React-Native-Engineer-4-yrs-Bangalore-Bengaluru-Bangalore-Hyderabad-Noida-1HResource-Solutions-QpmxoBBb,skipped,experience 4+ yrs out of range
2026-07-25,Cutshort,Senior Full Stack Developer,Gofar Corporate Private Limited,https://cutshort.io/job/Senior-Full-Stack-Developer-Chennai-Gofar-Corporate-Private-Limited-orEtA5sD,skipped,score -100 below threshold
2026-07-25,Cutshort,React Native Developer,Jio Tesseract,https://cutshort.io/job/React-Native-Developer-Navi-Mumbai-Jio-Tesseract-uDTIXZox,failed,no application confirmation on Cutshort
2026-07-25,Cutshort,Consultant-Enterprise Application Developer,VTT Mobility Private Limited,https://cutshort.io/job/Consultant-Enterprise-Application-Developer-Bengaluru-Bangalore-VTT-Mobility-Private-Limited-0Ew5FX8I,skipped,score 10 below threshold
2026-07-25,Cutshort,FULL STACK DEVELOPER,,https://cutshort.io/job/FULL-STACK-DEVELOPER-Bengaluru-Bangalore-Peak-Hire-Solutions-Lf5o0MXW,skipped,score -100 below threshold
2026-07-25,Cutshort,Full Stack Developer,NeoGenCode Technologies Pvt Ltd,https://cutshort.io/job/Full-Stack-Developer-NeoGenCode-Technologies-Pvt-Ltd-eOk7yFQj,skipped,score 10 below threshold
2026-07-25,Cutshort,Software Developer,CNV Labs India Pvt Ltd iCloudEMS,https://cutshort.io/job/Software-Developer-CNV-Labs-India-Pvt-Ltd-iCloudEMS-PCC5XQUa,skipped,score 10 below threshold
2026-07-25,Cutshort,Node.js Developer (React Native),CNV Labs India Pvt Ltd iCloudEMS,https://cutshort.io/job/Node-js-Developer-React-Native-CNV-Labs-India-Pvt-Ltd-iCloudEMS-XnijIU1R,failed,no application confirmation on Cutshort
2026-07-25,Cutshort,React Native Developer,Wissen Technology,https://cutshort.io/job/React-Native-Developer-Bengaluru-Bangalore-Wissen-Technology-KuTiRX07,failed,no application confirmation on Cutshort
2026-07-25,Cutshort,React Native Developer,Deqode,https://cutshort.io/job/React-Native-Developer-Pune-Bhopal-Jaipur-Gurugram-Delhi-Bengaluru-Bangalore-Chennai-Deqode-O4C6m2sf,failed,no application confirmation on Cutshort
2026-07-25,Cutshort,Full Stack Engineer,TECHNAVITAS INFO INDIA PVT LTD,https://cutshort.io/job/Full-Stack-Engineer-Hyderabad-TECHNAVITAS-INFO-INDIA-PVT-LTD-KscgR23j,skipped,score 10 below threshold
2026-07-25,Cutshort,"Lead II-Software Engineering- React Native, Mobile App Architecture",,https://cutshort.io/job/Lead-II-Software-Engineering-React-Native-Mobile-App-Architecture-Mumbai-Peak-Hire-Solutions-9hNco541,skipped,experience 7 - 9 yrs out of range
2026-07-25,Cutshort,Full Stack Developer (Remote - Support Role),NeoGenCode Technologies Pvt Ltd,https://cutshort.io/job/Full-Stack-Developer-Remote-Support-Role-NeoGenCode-Technologies-Pvt-Ltd-RQcDaOWX,skipped,score 10 below threshold
2026-07-25,Cutshort,Senior Mobile App Developer (Android & iOS),Impacto Digifin Technologies,https://cutshort.io/job/Senior-Mobile-App-Developer-Android-iOS-BROOKFEILD-Impacto-Digifin-Technologies--xHkJTFL7,skipped,score -100 below threshold
2026-07-25,Cutshort,UI Engineer,geniSIGHTS Pvt Ltd,https://cutshort.io/job/UI-Engineer-Chennai-geniSIGHTS-Pvt-Ltd-6rOtlTTw,skipped,score 10 below threshold
2026-07-25,Cutshort,React Native Developer,GD,https://cutshort.io/job/React-Native-Developer-Ahmedabad-GD-hBNysnI4,failed,no application confirmation on Cutshort
2026-07-25,Cutshort,Frontend Developer(React JS),TechnoRishi Consulting Pvt Ltd,https://cutshort.io/job/Frontend-Developer-React-JS-Bengaluru-Bangalore-TechnoRishi-Consulting-Pvt-Ltd-Ks7J7H9d,failed,no application confirmation on Cutshort
2026-07-25,Cutshort,UI Engineer,Orenda,https://cutshort.io/job/UI-Engineer-Ahmedabad-Orenda-kF0eBPir,skipped,score 10 below threshold
2026-07-25,Cutshort,Three js web developer,Valerie Group,https://cutshort.io/job/Three-js-web-developer-Valerie-Group-5acGKnC6,skipped,score 10 below threshold
2026-07-25,Cutshort,SDE Internship (Next Js),PGAGI,https://cutshort.io/job/SDE-Internship-Next-Js-PGAGI-y4NMladl,skipped,score 10 below threshold
2026-07-25,Cutshort,SDE Intern - React Native,PGAGI,https://cutshort.io/job/SDE-Intern-React-Native-PGAGI-2ARnMb5d,failed,no application confirmation on Cutshort
2026-07-25,Cutshort,Frontend UI Developer (React),CK-12 Foundation,https://cutshort.io/job/Frontend-UI-Developer-React-Bengaluru-Bangalore-CK-12-Foundation-UzNAjhAB,failed,no application confirmation on Cutshort
2026-07-25,Cutshort,Web Developer,Event Management,https://cutshort.io/job/Web-Developer-Mumbai-Hunarstreet-Technologies-Pvt-Ltd-NLFAn22x,skipped,score 10 below threshold
2026-07-25,Cutshort,Web Developer - Goregaon - Onsite,Hunarstreet Technologies Pvt Ltd,https://cutshort.io/job/Web-Developer-Goregaon-Onsite-Mumbai-Hunarstreet-Technologies-Pvt-Ltd-nRzNwsoK,skipped,score 10 below threshold
2026-07-25,Cutshort,Flutter Developer,Koladiya Indusrties,https://cutshort.io/job/Flutter-Developer-Surat-Koladiya-Indusrties-pn3ZFHiF,skipped,score 10 below threshold
2026-07-25,Cutshort,React.js Developer,Iitil,https://cutshort.io/job/React-js-Developer-Iitil-SOuTlB1e,failed,no application confirmation on Cutshort
2026-07-25,Cutshort,Angular Developer - Contract-Based - Mumbai,Wama Technology,https://cutshort.io/job/Angular-Developer-Contract-Based-Mumbai-Andheri-Mumbai-Thane-Navi-Mumbai-Wama-Technology-B1m0nUoG,skipped,score 10 below threshold
2026-07-25,Cutshort,Senior Front End,Altinvest Online Platform Pvt Ltd,https://cutshort.io/job/Senior-Front-End-Bengaluru-Bangalore-Altinvest-Online-Platform-Pvt-Ltd-CZTOOkIR,skipped,score -100 below threshold
2026-07-25,Cutshort,Frontend Developer,Timble Technologies,https://cutshort.io/job/Frontend-Developer-Delhi-Gurugram-Noida-Ghaziabad-Faridabad-Timble-Technologies-nSyatns6,skipped,score 10 below threshold
2026-07-25,Cutshort,Frontend Developer intern,MotionGility,https://cutshort.io/job/Frontend-Developer-intern-Indore-MotionGility-obamFnQx,skipped,score 10 below threshold
2026-07-25,Cutshort,Angular Developer,Wissen Technology,https://cutshort.io/job/Angular-Developer-Mumbai-Wissen-Technology-a4nmwrwB,skipped,score 10 below threshold
2026-07-25,Cutshort,Frontend Engineer,Unico Connect Private Limited,https://cutshort.io/job/Frontend-Engineer-Mumbai-Unico-Connect-Private-Limited-L8z41XrU,skipped,score 10 below threshold
2026-07-25,Cutshort,Angular Developer,Wissen Technology,https://cutshort.io/job/Angular-Developer-Mumbai-Wissen-Technology-iJCRYaHK,skipped,score 10 below threshold
2026-07-25,Cutshort,SDE 3 (Frontend),MediBuddy,https://cutshort.io/job/SDE-3-Frontend-Bengaluru-Bangalore-Indore-MediBuddy-nQkmf3q1,skipped,score -100 below threshold
2026-07-25,Cutshort,Teamcenter Developer,TCS,https://cutshort.io/job/Teamcenter-Developer-Bengaluru-Bangalore-Chennai-Hyderabad-Pune-Kolkata-Delhi-Gurugram-Noida-Ghaziabad-Faridabad-HR-Remedy-India-9Jpt7ojn,skipped,score 10 below threshold
2026-07-25,Cutshort,Lead Frontend Engineer/Architect,Shorthills AI,https://cutshort.io/job/Lead-Frontend-Engineer-Architect-Shorthills-AI-fJLgaR9E,skipped,score -100 below threshold
2026-07-25,Cutshort,Software developer Engineer -React,myGate.in,https://cutshort.io/job/Software-developer-Engineer-React-Bengaluru-Bangalore-myGate-in-cjEORTJh,failed,no application confirmation on Cutshort
2026-07-25,Cutshort,AI/ML,Webkul Software PvtLtd,https://cutshort.io/job/AI-ML-Noida-Webkul-Software-PvtLtd-GQqwzc3t,skipped,score 10 below threshold
2026-07-25,Cutshort,Senior/ Lead Frontend Developer - React.js Framework,Trendlyne Technologies,https://cutshort.io/job/Senior-Lead-Frontend-Developer-React-js-Framework-Bengaluru-Bangalore-Trendlyne-Technologies-ESOoCDTp,skipped,score -100 below threshold
2026-07-25,Cutshort,Frontend Developer (React & Expo),Moolya Software Testing Private Limited,https://cutshort.io/job/Frontend-Developer-React-Expo-Bengaluru-Bangalore-Moolya-Software-Testing-Private-Limited-yFelpzca,failed,no application confirmation on Cutshort
2026-07-25,Cutshort,Web Designer,Royal IT Park Services,https://cutshort.io/job/Web-Designer-Hyderabad-Royal-IT-Park-Services-1MC9hOgi,skipped,score 10 below threshold
2026-07-25,Cutshort,VueJS Developer,,https://cutshort.io/job/VueJS-Developer-Chennai-Codemind-Staffing-Solutions-Fsun1BTe,skipped,experience 5 - 10 yrs out of range
2026-07-25,Cutshort,Angular Developer,Wissen Technology,https://cutshort.io/job/Angular-Developer-Bengaluru-Bangalore-Wissen-Technology-TYKQaCEx,skipped,score 10 below threshold
2026-07-25,Cutshort,Software Engineer - Front End,Cglia Solutions LLP,https://cutshort.io/job/Software-Engineer-Front-End-Hyderabad-Cglia-Solutions-LLP--8YcgwsdS,skipped,score 10 below threshold
2026-07-25,Cutshort,JAVA DEVELOPER,Staffnixcom,https://cutshort.io/job/JAVA-DEVELOPER-Staffnixcom-WKkUW9yn,skipped,score -100 below threshold
2026-07-25,Cutshort,Frontend Developer Intern (Next.js),Rupeestop LLP,https://cutshort.io/job/Frontend-Developer-Intern-Next-js-Jaipur-Rupeestop-LLP-3dcLMi4y,skipped,score 10 below threshold
2026-07-25,Cutshort,PLC programmer,Next Kraft Parking Technologies,https://cutshort.io/job/PLC-programmer-Mumbai-Next-Kraft-Parking-Technologies-UhGT74Wd,skipped,score 10 below threshold
2026-07-25,Cutshort,Wordpress Developer,Arcitech,https://cutshort.io/job/Wordpress-Developer-Navi-Mumbai-Arcitech-4cKngDl4,skipped,score 10 below threshold
2026-07-25,Cutshort,UI/UX Engineer,Timble Technologies,https://cutshort.io/job/UI-UX-Engineer-Delhi-Gurugram-Noida-Timble-Technologies-h2lojjgt,skipped,score 10 below threshold
2026-07-25,Cutshort,UI Engineering Lead,MeltPlan,https://cutshort.io/job/UI-Engineering-Lead-Bengaluru-Bangalore-MeltPlan-rHeZo5br,skipped,score -100 below threshold
2026-07-25,Cutshort,Jr React Developer,1HResource Solutions,https://cutshort.io/job/Jr-React-Developer-Bengaluru-Bangalore-1HResource-Solutions-zaYl2eGn,failed,no application confirmation on Cutshort
2026-07-25,Cutshort,Staff Frontend Engineer - AI Agents (React + AI Coding Tools),,https://cutshort.io/job/Staff-Frontend-Engineer-AI-Agents-React-AI-Coding-Tools-Recruiting-Bond-lWiesefg,skipped,experience 7 - 10 yrs out of range
2026-07-25,Cutshort,Assistant Manager | Angular Developer - 1 year Contract,Hunarstreet Technologies Pvt Ltd,https://cutshort.io/job/Assistant-Manager-Angular-Developer-1-year-Contract-Bengaluru-Bangalore-Delhi-Gurugram-Noida-Ghaziabad-Faridabad-Hyderabad-RxJS-NgRx-Hunarstreet-Technologies-Pvt-Ltd-37a5fAFf,skipped,score 10 below threshold
2026-07-25,Cutshort,Senior Frontend Engineer (Full-Stack Capabilities),MeltPlan,https://cutshort.io/job/Senior-Frontend-Engineer-Full-Stack-Capabilities-Bengaluru-Bangalore-MeltPlan-FpsuaK3O,skipped,score -100 below threshold
2026-07-25,Cutshort,Junior Software Engineer,Shipthis Inc,https://cutshort.io/job/Junior-Software-Engineer-Bengaluru-Bangalore-Shipthis-Inc-St2mEukS,skipped,score 10 below threshold
2026-07-25,Cutshort,"WordPress Developer with HTML, CSS- Kolkata candidates only",Goranggo Solutions Private Limited,https://cutshort.io/job/WordPress-Developer-with-HTML-CSS-Kolkata-candidates-only-Kolkata-Goranggo-Solutions-Private-Limited-OCQSjsQ1,skipped,score 10 below threshold
2026-07-25,Cutshort,Senior Frontend Engineer,Vikgol Technologies,https://cutshort.io/job/Senior-Frontend-Engineer-Bengaluru-Bangalore-Vikgol-Technologies-tyL51pyp,skipped,score -100 below threshold
2026-07-25,Cutshort,Lead-Angular Developer,Hunarstreet Technologies Pvt Ltd,https://cutshort.io/job/Lead-Angular-Developer-Bengaluru-Bangalore-Delhi-Hyderabad-Hunarstreet-Technologies-Pvt-Ltd-Pm2mSN4E,skipped,score -100 below threshold
2026-07-25,Cutshort,Lead Frontend Engineer - React.js (4-6 years),Trendlyne Technologies,https://cutshort.io/job/Lead-Frontend-Engineer-React-js-4-6-years-Bengaluru-Bangalore-Trendlyne-Technologies-buBrp8Tq,skipped,score -100 below threshold
2026-07-25,Cutshort,Fronted Developer,Digital Prospects Consulting,https://cutshort.io/job/Fronted-Developer-Lucknow-Digital-Prospects-Consulting-8TCAhEsw,skipped,score 10 below threshold
2026-07-25,Cutshort,Frontend Developer,Syphoon,https://cutshort.io/job/Frontend-Developer-Syphoon-QOegxGx2,skipped,score 10 below threshold
2026-07-25,Cutshort,.Net Developer,Deqode,https://cutshort.io/job/-Net-Developer-Mumbai-Bengaluru-Bangalore-Deqode-4UlpAdu8,skipped,score -100 below threshold
2026-07-25,Cutshort,UI Developer,NeoGenCode Technologies Pvt Ltd,https://cutshort.io/job/UI-Developer-Pune-Hyderabad-NeoGenCode-Technologies-Pvt-Ltd-enBw3384,skipped,score 10 below threshold
2026-07-25,Cutshort,UI Software Engineer,NeoGenCode Technologies Pvt Ltd,https://cutshort.io/job/UI-Software-Engineer-Pune-Hyderabad-NeoGenCode-Technologies-Pvt-Ltd-Yp32NpXY,skipped,score 10 below threshold
2026-07-25,Cutshort,UI Engineer,geniSIGHTS Pvt Ltd,https://cutshort.io/job/UI-Engineer-Chennai-geniSIGHTS-Pvt-Ltd-6rOtlTTw,skipped,score 10 below threshold
2026-07-25,Cutshort,React Native Developer,GD,https://cutshort.io/job/React-Native-Developer-Ahmedabad-GD-hBNysnI4,failed,no application confirmation on Cutshort
2026-07-25,Cutshort,Frontend Developer(React JS),TechnoRishi Consulting Pvt Ltd,https://cutshort.io/job/Frontend-Developer-React-JS-Bengaluru-Bangalore-TechnoRishi-Consulting-Pvt-Ltd-Ks7J7H9d,failed,no application confirmation on Cutshort
2026-07-25,Cutshort,UI Engineer,Orenda,https://cutshort.io/job/UI-Engineer-Ahmedabad-Orenda-kF0eBPir,skipped,score 10 below threshold
2026-07-25,Cutshort,Three js web developer,Valerie Group,https://cutshort.io/job/Three-js-web-developer-Valerie-Group-5acGKnC6,skipped,score 10 below threshold
2026-07-25,Cutshort,SDE Internship (Next Js),PGAGI,https://cutshort.io/job/SDE-Internship-Next-Js-PGAGI-y4NMladl,skipped,score 10 below threshold
2026-07-25,Cutshort,SDE Intern - React Native,PGAGI,https://cutshort.io/job/SDE-Intern-React-Native-PGAGI-2ARnMb5d,failed,no application confirmation on Cutshort
2026-07-25,Cutshort,Frontend UI Developer (React),CK-12 Foundation,https://cutshort.io/job/Frontend-UI-Developer-React-Bengaluru-Bangalore-CK-12-Foundation-UzNAjhAB,failed,no application confirmation on Cutshort
2026-07-25,Cutshort,Web Developer,Event Management,https://cutshort.io/job/Web-Developer-Mumbai-Hunarstreet-Technologies-Pvt-Ltd-NLFAn22x,skipped,score 10 below threshold
2026-07-25,Cutshort,Web Developer - Goregaon - Onsite,Hunarstreet Technologies Pvt Ltd,https://cutshort.io/job/Web-Developer-Goregaon-Onsite-Mumbai-Hunarstreet-Technologies-Pvt-Ltd-nRzNwsoK,skipped,score 10 below threshold
2026-07-25,Cutshort,Flutter Developer,Koladiya Indusrties,https://cutshort.io/job/Flutter-Developer-Surat-Koladiya-Indusrties-pn3ZFHiF,skipped,score 10 below threshold
2026-07-25,Cutshort,React.js Developer,Iitil,https://cutshort.io/job/React-js-Developer-Iitil-SOuTlB1e,failed,no application confirmation on Cutshort
2026-07-25,Cutshort,Angular Developer - Contract-Based - Mumbai,Wama Technology,https://cutshort.io/job/Angular-Developer-Contract-Based-Mumbai-Andheri-Mumbai-Thane-Navi-Mumbai-Wama-Technology-B1m0nUoG,skipped,score 10 below threshold
2026-07-25,Cutshort,Senior Front End,Altinvest Online Platform Pvt Ltd,https://cutshort.io/job/Senior-Front-End-Bengaluru-Bangalore-Altinvest-Online-Platform-Pvt-Ltd-CZTOOkIR,skipped,score -100 below threshold
2026-07-25,Cutshort,Frontend Developer,Timble Technologies,https://cutshort.io/job/Frontend-Developer-Delhi-Gurugram-Noida-Ghaziabad-Faridabad-Timble-Technologies-nSyatns6,skipped,score 10 below threshold
2026-07-25,Cutshort,Frontend Developer intern,MotionGility,https://cutshort.io/job/Frontend-Developer-intern-Indore-MotionGility-obamFnQx,skipped,score 10 below threshold
2026-07-25,Cutshort,Angular Developer,Wissen Technology,https://cutshort.io/job/Angular-Developer-Mumbai-Wissen-Technology-a4nmwrwB,skipped,score 10 below threshold
2026-07-25,Cutshort,Frontend Engineer,Unico Connect Private Limited,https://cutshort.io/job/Frontend-Engineer-Mumbai-Unico-Connect-Private-Limited-L8z41XrU,skipped,score 10 below threshold
2026-07-25,Cutshort,Angular Developer,Wissen Technology,https://cutshort.io/job/Angular-Developer-Mumbai-Wissen-Technology-iJCRYaHK,skipped,score 10 below threshold
2026-07-25,Cutshort,SDE 3 (Frontend),MediBuddy,https://cutshort.io/job/SDE-3-Frontend-Bengaluru-Bangalore-Indore-MediBuddy-nQkmf3q1,skipped,score -100 below threshold
2026-07-25,Cutshort,Teamcenter Developer,TCS,https://cutshort.io/job/Teamcenter-Developer-Bengaluru-Bangalore-Chennai-Hyderabad-Pune-Kolkata-Delhi-Gurugram-Noida-Ghaziabad-Faridabad-HR-Remedy-India-9Jpt7ojn,skipped,score 10 below threshold
2026-07-25,Cutshort,Lead Frontend Engineer/Architect,Shorthills AI,https://cutshort.io/job/Lead-Frontend-Engineer-Architect-Shorthills-AI-fJLgaR9E,skipped,score -100 below threshold
2026-07-25,Cutshort,Software developer Engineer -React,myGate.in,https://cutshort.io/job/Software-developer-Engineer-React-Bengaluru-Bangalore-myGate-in-cjEORTJh,failed,no application confirmation on Cutshort
2026-07-25,Cutshort,AI/ML,Webkul Software PvtLtd,https://cutshort.io/job/AI-ML-Noida-Webkul-Software-PvtLtd-GQqwzc3t,skipped,score 10 below threshold
2026-07-25,Cutshort,Senior/ Lead Frontend Developer - React.js Framework,Trendlyne Technologies,https://cutshort.io/job/Senior-Lead-Frontend-Developer-React-js-Framework-Bengaluru-Bangalore-Trendlyne-Technologies-ESOoCDTp,skipped,score -100 below threshold
2026-07-25,Cutshort,Frontend Developer (React & Expo),Moolya Software Testing Private Limited,https://cutshort.io/job/Frontend-Developer-React-Expo-Bengaluru-Bangalore-Moolya-Software-Testing-Private-Limited-yFelpzca,failed,no application confirmation on Cutshort
2026-07-25,Cutshort,Web Designer,Royal IT Park Services,https://cutshort.io/job/Web-Designer-Hyderabad-Royal-IT-Park-Services-1MC9hOgi,skipped,score 10 below threshold
2026-07-25,Cutshort,VueJS Developer,,https://cutshort.io/job/VueJS-Developer-Chennai-Codemind-Staffing-Solutions-Fsun1BTe,skipped,experience 5 - 10 yrs out of range
2026-07-25,Cutshort,Angular Developer,Wissen Technology,https://cutshort.io/job/Angular-Developer-Bengaluru-Bangalore-Wissen-Technology-TYKQaCEx,skipped,score 10 below threshold
2026-07-25,Cutshort,Software Engineer - Front End,Cglia Solutions LLP,https://cutshort.io/job/Software-Engineer-Front-End-Hyderabad-Cglia-Solutions-LLP--8YcgwsdS,skipped,score 10 below threshold
2026-07-25,Cutshort,JAVA DEVELOPER,Staffnixcom,https://cutshort.io/job/JAVA-DEVELOPER-Staffnixcom-WKkUW9yn,skipped,score -100 below threshold
2026-07-25,Cutshort,Frontend Developer Intern (Next.js),Rupeestop LLP,https://cutshort.io/job/Frontend-Developer-Intern-Next-js-Jaipur-Rupeestop-LLP-3dcLMi4y,skipped,score 10 below threshold
2026-07-25,Cutshort,PLC programmer,Next Kraft Parking Technologies,https://cutshort.io/job/PLC-programmer-Mumbai-Next-Kraft-Parking-Technologies-UhGT74Wd,skipped,score 10 below threshold
2026-07-25,Cutshort,Wordpress Developer,Arcitech,https://cutshort.io/job/Wordpress-Developer-Navi-Mumbai-Arcitech-4cKngDl4,skipped,score 10 below threshold
2026-07-25,Cutshort,UI/UX Engineer,Timble Technologies,https://cutshort.io/job/UI-UX-Engineer-Delhi-Gurugram-Noida-Timble-Technologies-h2lojjgt,skipped,score 10 below threshold
2026-07-25,Cutshort,UI Engineering Lead,MeltPlan,https://cutshort.io/job/UI-Engineering-Lead-Bengaluru-Bangalore-MeltPlan-rHeZo5br,skipped,score -100 below threshold
2026-07-25,Cutshort,Jr React Developer,1HResource Solutions,https://cutshort.io/job/Jr-React-Developer-Bengaluru-Bangalore-1HResource-Solutions-zaYl2eGn,failed,no application confirmation on Cutshort
2026-07-25,Cutshort,Staff Frontend Engineer - AI Agents (React + AI Coding Tools),,https://cutshort.io/job/Staff-Frontend-Engineer-AI-Agents-React-AI-Coding-Tools-Recruiting-Bond-lWiesefg,skipped,experience 7 - 10 yrs out of range
2026-07-25,Cutshort,Assistant Manager | Angular Developer - 1 year Contract,Hunarstreet Technologies Pvt Ltd,https://cutshort.io/job/Assistant-Manager-Angular-Developer-1-year-Contract-Bengaluru-Bangalore-Delhi-Gurugram-Noida-Ghaziabad-Faridabad-Hyderabad-RxJS-NgRx-Hunarstreet-Technologies-Pvt-Ltd-37a5fAFf,skipped,score 10 below threshold
2026-07-25,Cutshort,Senior Frontend Engineer (Full-Stack Capabilities),MeltPlan,https://cutshort.io/job/Senior-Frontend-Engineer-Full-Stack-Capabilities-Bengaluru-Bangalore-MeltPlan-FpsuaK3O,skipped,score -100 below threshold
2026-07-25,Cutshort,Junior Software Engineer,Shipthis Inc,https://cutshort.io/job/Junior-Software-Engineer-Bengaluru-Bangalore-Shipthis-Inc-St2mEukS,skipped,score 10 below threshold
2026-07-25,Cutshort,"WordPress Developer with HTML, CSS- Kolkata candidates only",Goranggo Solutions Private Limited,https://cutshort.io/job/WordPress-Developer-with-HTML-CSS-Kolkata-candidates-only-Kolkata-Goranggo-Solutions-Private-Limited-OCQSjsQ1,skipped,score 10 below threshold
2026-07-25,Cutshort,Senior Frontend Engineer,Vikgol Technologies,https://cutshort.io/job/Senior-Frontend-Engineer-Bengaluru-Bangalore-Vikgol-Technologies-tyL51pyp,skipped,score -100 below threshold
2026-07-25,Cutshort,Lead-Angular Developer,Hunarstreet Technologies Pvt Ltd,https://cutshort.io/job/Lead-Angular-Developer-Bengaluru-Bangalore-Delhi-Hyderabad-Hunarstreet-Technologies-Pvt-Ltd-Pm2mSN4E,skipped,score -100 below threshold
2026-07-25,Cutshort,Lead Frontend Engineer - React.js (4-6 years),Trendlyne Technologies,https://cutshort.io/job/Lead-Frontend-Engineer-React-js-4-6-years-Bengaluru-Bangalore-Trendlyne-Technologies-buBrp8Tq,skipped,score -100 below threshold
2026-07-25,Cutshort,Fronted Developer,Digital Prospects Consulting,https://cutshort.io/job/Fronted-Developer-Lucknow-Digital-Prospects-Consulting-8TCAhEsw,skipped,score 10 below threshold
2026-07-25,Cutshort,Frontend Developer,Syphoon,https://cutshort.io/job/Frontend-Developer-Syphoon-QOegxGx2,skipped,score 10 below threshold
2026-07-25,Cutshort,.Net Developer,Deqode,https://cutshort.io/job/-Net-Developer-Mumbai-Bengaluru-Bangalore-Deqode-4UlpAdu8,skipped,score -100 below threshold
2026-07-25,Cutshort,UI Developer,NeoGenCode Technologies Pvt Ltd,https://cutshort.io/job/UI-Developer-Pune-Hyderabad-NeoGenCode-Technologies-Pvt-Ltd-enBw3384,skipped,score 10 below threshold
2026-07-25,Cutshort,UI Software Engineer,NeoGenCode Technologies Pvt Ltd,https://cutshort.io/job/UI-Software-Engineer-Pune-Hyderabad-NeoGenCode-Technologies-Pvt-Ltd-Yp32NpXY,skipped,score 10 below threshold
2026-07-25,YourStory,Associate Sales & Partnerships Manager,YourStory Media,https://yourstory.com/jobs/details/22dbd6b0-55aa-11f1-b30b-eb2d7a493eb2,skipped,score 10 below threshold
2026-07-25,YourStory,Senior Reporter,YourStory Media,https://yourstory.com/jobs/details/7f800bf0-55ac-11f1-9892-0791a4cff158,skipped,score -100 below threshold
2026-07-26,Instahyre,KnackLabs - Software Development Engineer,KnackLabs,https://www.instahyre.com/#job/knacklabs/knacklabs-software-development-engineer,skipped,score 30 below threshold
2026-07-26,Naukri,React Native Developer,Santa Browser,https://www.naukri.com/job-listings-react-native-developer-santa-browser-hyderabad-3-to-5-years-240726507223,skipped,skipped — external ATS (apply on company site)
2026-07-26,Naukri,React Native Developer,Techefficio,https://www.naukri.com/job-listings-react-native-developer-techefficio-hyderabad-3-to-5-years-200726503418,skipped,skipped — external ATS (apply on company site)
2026-07-26,Naukri,React Native Developer,Bigziel,https://www.naukri.com/job-listings-react-native-developer-bigziel-chennai-1-to-3-years-311025501360,skipped,skipped — external ATS (apply on company site)
2026-07-26,Naukri,React Native Developer,Technoadviser Technologies,https://www.naukri.com/job-listings-react-native-developer-technoadviser-technologies-pvt-ltd-hyderabad-1-to-5-years-290526503919,failed,Apply button not found — page buttons  [Jobs2 | Recommended jobs | NVites12 New | Application status128 Updates | Saved jobs | Companies | Explore categories | Unicorn | MNC | Startup]
2026-07-26,Naukri,React Native Developer,Pillersoft Technology,https://www.naukri.com/job-listings-react-native-developer-piller-soft-technology-pune-3-to-7-years-210725500684,skipped,skipped — external ATS (apply on company site)
2026-07-26,Naukri,React Native Developer,Digixpro,https://www.naukri.com/job-listings-react-native-developer-digixpro-bengaluru-1-to-5-years-071125501730,skipped,skipped — external ATS (apply on company site)
2026-07-26,Naukri,React Native Developer,Cloud Counselage,https://www.naukri.com/job-listings-react-native-developer-cloud-counselage-pvt-ltd-chennai-3-to-7-years-301225507873,skipped,skipped — external ATS (apply on company site)
2026-07-26,Naukri,React Native Developer - PHP/MySQL,Loyal String International,https://www.naukri.com/job-listings-react-native-developer-php-mysql-loyal-string-international-pune-2-to-3-years-190620501339,skipped,skipped — external ATS (apply on company site)
2026-07-26,Naukri,React Native Developer,Up Market Research,https://www.naukri.com/job-listings-react-native-developer-up-market-research-pune-3-to-7-years-170424500355,skipped,skipped — external ATS (apply on company site)
2026-07-26,Naukri,React Native developer,Analogue It Solutions,https://www.naukri.com/job-listings-react-native-developer-analogue-it-solutions-mobile-application-development-company-hyderabad-1-to-4-years-150125503399,skipped,skipped — external ATS (apply on company site)
2026-07-26,Naukri,React Native Developer,Quanteon Solutions,https://www.naukri.com/job-listings-react-native-developer-quanteon-llc-hyderabad-3-to-8-years-130226502852,skipped,skipped — external ATS (apply on company site)
2026-07-26,Naukri,React Native Mobile Developer,Tech Stalwart Solution,https://www.naukri.com/job-listings-react-native-mobile-developer-tech-stalwart-solution-private-limited-kolkata-mumbai-new-delhi-hyderabad-pune-chennai-bengaluru-3-to-8-years-090925503642,skipped,skipped — external ATS (apply on company site)
2026-07-26,Naukri,React Native Developers | Hyderabad India,Sowedane,https://www.naukri.com/job-listings-react-native-developers-hyderabad-india-sowedane-hyderabad-3-to-8-years-280526503016,failed,Apply button not found — page buttons  [Jobs2 | Recommended jobs | NVites12 New | Application status128 Updates | Saved jobs | Companies | Explore categories | Unicorn | MNC | Startup]
2026-07-26,Naukri,React Native Developer,Chromosis Technologies,https://www.naukri.com/job-listings-react-native-developer-chromosis-technologies-pvt-ltd-bengaluru-1-to-5-years-260326500675,skipped,skipped — external ATS (apply on company site)
2026-07-26,Naukri,React Native Developer,Apex 2000 INC,https://www.naukri.com/job-listings-react-native-developer-apex-2000-inc-bengaluru-3-to-7-years-210526501004,skipped,skipped — external ATS (apply on company site)
2026-07-26,Naukri,React Native Developer Product,Recrosoft,https://www.naukri.com/job-listings-react-native-developer-product-recrosoft-technologies-pvt-ltd-bengaluru-1-to-4-years-140526503556,failed,Apply button not found — page buttons  [Jobs2 | Recommended jobs | NVites12 New | Application status128 Updates | Saved jobs | Companies | Explore categories | Unicorn | MNC | Startup]
2026-07-26,Naukri,React Native Developer,Sthapatya Software,https://www.naukri.com/job-listings-react-native-developer-sthapatya-software-pvt-ltd-pune-3-to-5-years-311225501089,skipped,skipped — external ATS (apply on company site)
2026-07-26,Naukri,React Native Developer,Webpetal Software,https://www.naukri.com/job-listings-react-native-developer-webpetal-software-pvt-ltd-gurugram-0-to-2-years-311025500174,skipped,skipped — external ATS (apply on company site)
2026-07-26,Naukri,React Native Developer,Medpick,https://www.naukri.com/job-listings-react-native-developer-medpick-bengaluru-1-to-5-years-311025500126,skipped,skipped — external ATS (apply on company site)
2026-07-26,Naukri,Mobile Developer,Akra Tech,https://www.naukri.com/job-listings-mobile-developer-akra-tech-chennai-3-to-8-years-200726503725,skipped,skipped — external ATS (apply on company site)
2026-07-26,Naukri,Mobile Developer,Siri Innovations,https://www.naukri.com/job-listings-mobile-developer-siri-innovations-pvt-ltd-hyderabad-2-to-5-years-210726501582,skipped,score 50 below threshold
2026-07-26,Naukri,"Staff Engineer ,Mobile Developer",Nagarro,https://www.naukri.com/job-listings-staff-engineer-mobile-developer-nagarro-software-pvt-ltd-hyderabad-1-to-3-years-291025502366,skipped,score -100 below threshold
2026-07-26,Naukri,Mobile Developer,Couchbase,https://www.naukri.com/job-listings-mobile-developer-couchbase-inc-bengaluru-1-to-3-years-270625501943,skipped,skipped — external ATS (apply on company site)
2026-07-26,Naukri,Mobile Developer (Japan Posting),Mount Talent Consulting,https://www.naukri.com/job-listings-mobile-developer-japan-posting-value-innovation-labs-hyderabad-bengaluru-delhi-ncr-2-to-5-years-260626000136,skipped,score 50 below threshold
2026-07-26,Naukri,Mobile Developer (Japan Posting),Mount Talent Consulting,https://www.naukri.com/job-listings-mobile-developer-japan-posting-value-innovation-labs-noida-hyderabad-chennai-2-to-6-years-260626000133,skipped,score 50 below threshold
2026-07-26,Naukri,Mobile Developer,Cyces Innovation Labs Llp,https://www.naukri.com/job-listings-mobile-developer-cyces-innovation-labs-llp-chennai-2-to-7-years-290526504570,skipped,skipped — external ATS (apply on company site)
2026-07-26,Naukri,Mobile Developer,Giggs Software Labs,https://www.naukri.com/job-listings-mobile-developer-giggs-software-labs-bengaluru-7-to-12-years-250726015377,skipped,experience 7-12 Yrs out of range
2026-07-26,Naukri,Mobile Developer,rigbot.com,https://www.naukri.com/job-listings-mobile-developer-rigbot-com-hyderabad-0-to-8-years-310817503081,skipped,score 50 below threshold
2026-07-26,Naukri,Mobile Developer - Microsoft Certified,Acuity Software Technologies,https://www.naukri.com/job-listings-mobile-developer-microsoft-certified-acuity-software-technologies-hyderabad-3-to-8-years-240517500889,skipped,score -100 below threshold
2026-07-26,Naukri,AI Agent Reliability Engineer - Mobile Developers,Emergent India,https://www.naukri.com/job-listings-ai-agent-reliability-engineer-mobile-developers-emergent-bengaluru-1-to-5-years-300626500430,skipped,score 50 below threshold
2026-07-26,Naukri,Mobile Developer,BNI,https://www.naukri.com/job-listings-mobile-developer-bni-bengaluru-2-to-3-years-150626503249,skipped,score 50 below threshold
2026-07-26,Naukri,Mobile Developer,Shopdeck,https://www.naukri.com/job-listings-mobile-developer-shopdeck-previously-nushop-bengaluru-2-to-4-years-020626502541,skipped,score 50 below threshold
2026-07-26,Naukri,Mobile Developer,Technerds Solutions,https://www.naukri.com/job-listings-mobile-developer-technerds-solutions-pvt-ltd-chennai-2-to-5-years-301025504772,skipped,score 50 below threshold
2026-07-26,Naukri,Maximo Mobile Developer,Capgemini,https://www.naukri.com/job-listings-maximo-mobile-developer-capgemini-technology-services-india-limited-bengaluru-3-to-7-years-290626928453,skipped,score 50 below threshold
2026-07-26,Naukri,Mobile Developer,Logic Planet,https://www.naukri.com/job-listings-mobile-developer-logicplanet-it-services-hubli-mangaluru-mysuru-bengaluru-belgaum-0-to-5-years-240226505078,skipped,score 50 below threshold
2026-07-26,Naukri,Mobile developer,Technologyport Software India,https://www.naukri.com/job-listings-mobile-developer-technologyport-software-india-pvt-ltd-bengaluru-2-to-4-years-231219501376,skipped,score 50 below threshold
2026-07-26,Naukri,Mobile Developer- Visa,Foray Software,https://www.naukri.com/job-listings-mobile-developer-visa-foray-software-pvt-ltd-bengaluru-3-to-7-years-230824501588,skipped,score 50 below threshold
2026-07-26,Naukri,Mobile Developer,Wingz Technologies,https://www.naukri.com/job-listings-mobile-developer-wingz-technologies-chennai-1-to-4-years-220425500929,skipped,score 50 below threshold
2026-07-26,Naukri,Mobile Developer,Photon,https://www.naukri.com/job-listings-mobile-developer-photon-infotech-p-ltd-chennai-3-to-7-years-191124505967,skipped,score 50 below threshold
2026-07-26,Naukri,Frontend Engineer (React & React Native),Y2Z Travel,https://www.naukri.com/job-listings-frontend-engineer-react-react-native-y2z-travel-bengaluru-1-to-5-years-191224503297,skipped,skipped — external ATS (apply on company site)
2026-07-26,Naukri,Frontend Engineer (React / React Native),Prepairo,https://www.naukri.com/job-listings-frontend-engineer-react-react-native-prepairo-bengaluru-2-to-5-years-010626503686,failed,Apply button not found — page buttons  [Jobs2 | Recommended jobs | NVites12 New | Application status128 Updates | Saved jobs | Companies | Explore categories | Unicorn | MNC | Startup]
2026-07-26,Naukri,"Associate Principal Engineer, Frontend React",Nagarro,https://www.naukri.com/job-listings-associate-principal-engineer-frontend-react-nagarro-software-pvt-ltd-bengaluru-0-to-3-years-291025503104,skipped,score -100 below threshold
2026-07-26,Naukri,React Frontend Engineer,Omniful,https://www.naukri.com/job-listings-react-frontend-engineer-omniful-gurugram-3-to-8-years-200525503513,skipped,skipped — external ATS (apply on company site)
2026-07-26,Naukri,Frontend - Engineer,Varaha Systems,https://www.naukri.com/job-listings-frontend-engineer-varaha-systems-inc-bengaluru-3-to-8-years-140726501769,skipped,skipped — external ATS (apply on company site)
2026-07-26,Naukri,"Engineer, Frontend React",Nagarro,https://www.naukri.com/job-listings-engineer-frontend-react-nagarro-software-pvt-ltd-bengaluru-2-to-7-years-291025501402,skipped,skipped — external ATS (apply on company site)
2026-07-26,Naukri,Frontend Engineer (React),Startappss Systems,https://www.naukri.com/job-listings-frontend-engineer-react-startappss-systems-pvt-ltd-indore-3-to-8-years-230726503784,skipped,skipped — external ATS (apply on company site)
2026-07-26,Naukri,Frontend Engineer ( React / Next . js ),Workforce Next,https://www.naukri.com/job-listings-frontend-engineer-react-next-js-workforce-next-noida-2-to-6-years-140526500224,skipped,skipped — external ATS (apply on company site)
2026-07-26,Naukri,Frontend Engineer (React),Technix India Solutions,https://www.naukri.com/job-listings-frontend-engineer-react-technix-technology-patna-0-to-2-years-101125501751,skipped,skipped — external ATS (apply on company site)
2026-07-26,Naukri,Frontend Engineer (React.js / Next.js),Aqilea,https://www.naukri.com/job-listings-frontend-engineer-react-js-next-js-aqilea-formerly-soltia-bengaluru-5-to-9-years-150726500749,skipped,experience 5-9 Yrs out of range
2026-07-26,Naukri,Frontend Engineer,Vowels Of The People Association,https://www.naukri.com/job-listings-frontend-engineer-vopa-pune-3-to-5-years-200726504194,skipped,score 30 below threshold
2026-07-26,Naukri,Frontend Engineer,Apex 2000,https://www.naukri.com/job-listings-frontend-engineer-apex-2000-inc-pune-3-to-7-years-290626503315,skipped,score 10 below threshold
2026-07-26,Naukri,Front end Engineer,Diverse Lynx,https://www.naukri.com/job-listings-front-end-engineer-diverse-lynx-bengaluru-1-to-5-years-230626501437,skipped,skipped — external ATS (apply on company site)
2026-07-26,Naukri,Frontend Engineer - React js,Cloud Nautical Solutions India,https://www.naukri.com/job-listings-frontend-engineer-react-js-cloud-nautical-solutions-india-private-limited-thiruvananthapuram-5-to-10-years-240726503467,skipped,experience 5-10 Yrs out of range
2026-07-26,Naukri,React Frontend Engineer,Leading Client,https://www.naukri.com/job-listings-react-frontend-engineer-contactx-resource-management-pvt-ltd-bengaluru-7-to-10-years-170726918079,skipped,experience 7-10 Yrs out of range
2026-07-26,Naukri,Frontend Engineer,Alaan,https://www.naukri.com/job-listings-frontend-engineer-alaan-bengaluru-2-to-7-years-100726509609,skipped,score 30 below threshold
2026-07-26,Naukri,Frontend Engineer,Diverse Lynx,https://www.naukri.com/job-listings-frontend-engineer-diverse-lynx-bengaluru-2-to-6-years-080825500478,skipped,score 30 below threshold
2026-07-26,Naukri,Front End UI Engineer,Ascendion Engineering,https://www.naukri.com/job-listings-front-end-ui-engineer-ascendion-engineering-bengaluru-7-to-12-years-140726018965,skipped,experience 7-12 Yrs out of range
2026-07-26,Naukri,Frontend Engineer React JS,Einfochips,https://www.naukri.com/job-listings-frontend-engineer-react-js-e-infochips-limited-indore-4-to-12-years-160226505299,skipped,experience 4-12 Yrs out of range
2026-07-26,Naukri,Frontend Engineer React JS,Einfochips,https://www.naukri.com/job-listings-frontend-engineer-react-js-e-infochips-limited-ahmedabad-4-to-12-years-160226505298,skipped,experience 4-12 Yrs out of range
2026-07-26,Naukri,Full Stack Developer (React + Node),Kleistech,https://www.naukri.com/job-listings-full-stack-developer-react-node-kleistech-pune-2-to-7-years-170726504546,skipped,skipped — external ATS (apply on company site)
2026-07-26,Naukri,Full Stack Developer,Leading Client,https://www.naukri.com/job-listings-full-stack-developer-rimpac-hr-services-llp-pune-bengaluru-2-to-6-years-230726933909,skipped,score -100 below threshold
2026-07-26,Naukri,Full Stack Developer (React & Node JD),Vertiscript Global It Services,https://www.naukri.com/job-listings-full-stack-developer-react-node-jd-vertiscript-global-it-solution-hyderabad-3-to-6-years-031225502948,skipped,skipped — external ATS (apply on company site)
2026-07-26,Naukri,React + Node - Full Stack Developer,Paltech Consulting,https://www.naukri.com/job-listings-react-node-full-stack-developer-paltech-consulting-hyderabad-3-to-6-years-070726027633,failed,No apply confirmation detected
2026-07-26,Naukri,Full Stack Developer React + Node,Quanteon Solutions,https://www.naukri.com/job-listings-full-stack-developer-react-node-quanteon-llc-hyderabad-3-to-8-years-130226502853,skipped,skipped — external ATS (apply on company site)
2026-07-26,Naukri,React & Node Full stack Developer,PAL It Tech,https://www.naukri.com/job-listings-react-node-full-stack-developer-pal-it-tech-pvt-ltd-hyderabad-3-to-5-years-090726502862,skipped,skipped — external ATS (apply on company site)
2026-07-26,Naukri,Fullstack Developer(Immediate Joiners only Apply,Empover,https://www.naukri.com/job-listings-fullstack-developer-immediate-joiners-only-apply-empover-hyderabad-3-to-5-years-210726018410,failed,No apply confirmation detected
2026-07-26,Naukri,Fullstack Developer (NodeJS + React),Ixigo,https://www.naukri.com/job-listings-fullstack-developer-nodejs-react-ixigo-gurugram-3-to-8-years-200726505767,skipped,skipped — external ATS (apply on company site)
2026-07-26,Naukri,Fullstack Developer,Deloitte Shared Services India,https://www.naukri.com/job-listings-fullstack-developer-deloitte-shared-services-india-bengaluru-2-to-6-years-120626008685,failed,Apply button not found — page buttons  [Jobs2 | Recommended jobs | NVites12 New | Application status128 Updates | Saved jobs | Companies | Explore categories | Unicorn | MNC | Startup]
2026-07-26,Naukri,Fullstack Developer,Careait Health Services,https://www.naukri.com/job-listings-fullstack-developer-careait-health-services-bengaluru-0-to-3-years-010726028673,failed,No apply confirmation detected
2026-07-26,Naukri,Fullstack Developer,99yellow,https://www.naukri.com/job-listings-fullstack-developer-99yellow-gurugram-3-to-5-years-220726030478,skipped,score -100 below threshold
2026-07-26,Naukri,Full Stack Developer (React with Node),Programming.Com,https://www.naukri.com/job-listings-full-stack-developer-react-with-node-programming-com-bengaluru-2-to-6-years-121224501301,skipped,skipped — external ATS (apply on company site)
2026-07-26,Naukri,Fullstack Developer,MNC,https://www.naukri.com/job-listings-fullstack-developer-tele-infotech-pimpri-chinchwad-pune-0-to-2-years-210726034817,skipped,score 30 below threshold
2026-07-26,Naukri,Full Stack Developer,Triveous,https://www.naukri.com/job-listings-full-stack-developer-triveous-bengaluru-2-to-5-years-230726501099,skipped,score 30 below threshold
2026-07-26,Naukri,Gen AI - Full Stack Developer,Intelizign Lifecycle Services,https://www.naukri.com/job-listings-gen-ai-full-stack-developer-intelizign-lifecycle-services-chennai-3-to-6-years-150726015903,failed,No apply confirmation detected
2026-07-26,Naukri,Fullstack Developer,IFOX CLICKS LLP,https://www.naukri.com/job-listings-fullstack-developer-ifox-clicks-llp-chennai-1-to-3-years-170726030398,failed,No apply confirmation detected
2026-07-26,Naukri,Fullstack Developer,Josh Software,https://www.naukri.com/job-listings-fullstack-developer-josh-software-pvt-ltd-pune-3-to-5-years-150726931620,skipped,score 30 below threshold
2026-07-26,Naukri,Forward Deployed  Engineer- Full stack Developer,Current India,https://www.naukri.com/job-listings-forward-deployed-engineer-full-stack-developer-current-india-hyderabad-3-to-7-years-130726027739,failed,No apply confirmation detected
2026-07-26,Naukri,Full Stack Developer,Bigfix,https://www.naukri.com/job-listings-full-stack-developer-bigfix-gadget-care-chennai-0-to-1-years-100726509581,skipped,experience 0-1 Yrs out of range
2026-07-26,Naukri,Full Stack Developer,Orient Exchange And Financial Services,https://www.naukri.com/job-listings-full-stack-developer-orient-exchange-financial-services-p-ltd-bengaluru-2-to-3-years-130726913642,applied,auto-applied (score 55)
2026-07-26,LinkedIn,React Native Developer,ALIANDO,https://www.linkedin.com/jobs/view/4435165292/,skipped,"no Easy Apply — external ATS, skipped"
2026-07-26,LinkedIn,Fullstack Developer | $80/hr Remote,Crossing Hurdles,https://www.linkedin.com/jobs/view/4430895007/,skipped,score 10 below threshold
2026-07-26,LinkedIn,Software Engineer,Digichorus Technologies Pvt Ltd,https://www.linkedin.com/jobs/view/4442591945/,skipped,score 10 below threshold
2026-07-26,LinkedIn,Remote JavaScript Engineer,Turing,https://www.linkedin.com/jobs/view/4444489087/,skipped,score 30 below threshold
2026-07-26,LinkedIn,Senior React Native Developer,Kosh,https://www.linkedin.com/jobs/view/4442609135/,skipped,score -100 below threshold
2026-07-26,LinkedIn,SDE I (Frontend),Navi,https://www.linkedin.com/jobs/view/4437546096/,skipped,score 10 below threshold
2026-07-26,LinkedIn,Software Engineer,Brooks Brothers,https://www.linkedin.com/jobs/view/4441857529/,skipped,score 10 below threshold
2026-07-26,LinkedIn,Web Developer,ShrinQ Consulting Group Inc,https://www.linkedin.com/jobs/view/4444015670/,skipped,score 10 below threshold
2026-07-26,LinkedIn,React Native Developer,ALIANDO,https://www.linkedin.com/jobs/view/4435165292/,skipped,"no Easy Apply — external ATS, skipped"
2026-07-26,LinkedIn,Software Engineer | Remote,Crossing Hurdles,https://www.linkedin.com/jobs/view/4441198151/,skipped,score 10 below threshold
2026-07-26,LinkedIn,Software Engineer,Digichorus Technologies Pvt Ltd,https://www.linkedin.com/jobs/view/4442591945/,skipped,score 10 below threshold
2026-07-26,LinkedIn,Software Engineer,Brooks Brothers,https://www.linkedin.com/jobs/view/4441857529/,skipped,score 10 below threshold
2026-07-26,LinkedIn,Software Engineer,Lavasion,https://www.linkedin.com/jobs/view/4444931746/,skipped,score 10 below threshold
2026-07-26,LinkedIn,SDE I (Frontend),Navi,https://www.linkedin.com/jobs/view/4437546096/,skipped,score 10 below threshold
2026-07-26,LinkedIn,Web Developer,ShrinQ Consulting Group Inc,https://www.linkedin.com/jobs/view/4444015670/,skipped,score 10 below threshold
2026-07-26,LinkedIn,React Native Developer,ALIANDO,https://www.linkedin.com/jobs/view/4435165292/,skipped,"no Easy Apply — external ATS, skipped"
2026-07-26,LinkedIn,Fullstack Developer | $80/hr Remote,Crossing Hurdles,https://www.linkedin.com/jobs/view/4430895007/,skipped,score 10 below threshold
2026-07-26,LinkedIn,SDE I (Frontend),Navi,https://www.linkedin.com/jobs/view/4437546096/,skipped,score 10 below threshold
2026-07-26,LinkedIn,Software Engineer,Digichorus Technologies Pvt Ltd,https://www.linkedin.com/jobs/view/4442591945/,skipped,score 10 below threshold
2026-07-26,LinkedIn,Software Engineer,Brooks Brothers,https://www.linkedin.com/jobs/view/4441857529/,skipped,score 10 below threshold
2026-07-26,LinkedIn,Software Engineer,Lavasion,https://www.linkedin.com/jobs/view/4444931746/,skipped,score 10 below threshold
2026-07-26,LinkedIn,Web Developer,ShrinQ Consulting Group Inc,https://www.linkedin.com/jobs/view/4444015670/,skipped,score 10 below threshold
2026-07-26,LinkedIn,Fullstack Developer | $80/hr Remote,Crossing Hurdles,https://www.linkedin.com/jobs/view/4430895007/,skipped,score 10 below threshold
2026-07-26,LinkedIn,React Native Developer,ALIANDO,https://www.linkedin.com/jobs/view/4435165292/,skipped,"no Easy Apply — external ATS, skipped"
2026-07-26,LinkedIn,Back End Developer,ZILO,https://www.linkedin.com/jobs/view/4440468434/,skipped,score 10 below threshold
2026-07-26,LinkedIn,Mern Full Stack Developer,Planys Technologies,https://www.linkedin.com/jobs/view/4437977898/,skipped,score 10 below threshold
2026-07-26,LinkedIn,Full Stack Developer,Legal Experts AI,https://www.linkedin.com/jobs/view/4433915695/,skipped,score 10 below threshold
2026-07-26,LinkedIn,Full Stack Developer,Kayana | Ordering & Payment Solutions,https://www.linkedin.com/jobs/view/4442581250/,skipped,score 10 below threshold
2026-07-26,LinkedIn,Web Developer,ShrinQ Consulting Group Inc,https://www.linkedin.com/jobs/view/4444015670/,skipped,score 10 below threshold
2026-07-26,LinkedIn,Fullstack Developer | $80/hr Remote,Crossing Hurdles,https://www.linkedin.com/jobs/view/4430895007/,skipped,score 10 below threshold
2026-07-26,LinkedIn,React Native Developer,ALIANDO,https://www.linkedin.com/jobs/view/4435165292/,skipped,"no Easy Apply — external ATS, skipped"
2026-07-26,LinkedIn,Back End Developer,ZILO,https://www.linkedin.com/jobs/view/4440468434/,skipped,score 10 below threshold
2026-07-26,LinkedIn,Software Engineer,Lavasion,https://www.linkedin.com/jobs/view/4444931746/,skipped,score 10 below threshold
2026-07-26,LinkedIn,Software Engineer,Digichorus Technologies Pvt Ltd,https://www.linkedin.com/jobs/view/4442591945/,skipped,score 10 below threshold
2026-07-26,LinkedIn,Web Developer,NR Consulting,https://www.linkedin.com/jobs/view/4440168638/,skipped,score 10 below threshold
2026-07-26,Cutshort,Full Stack Developer,Envisioned Strategy and Consulting,https://cutshort.io/job/Full-Stack-Developer-Hyderabad-Envisioned-Strategy-and-Consulting-pnKE3yCo,skipped,score 10 below threshold
2026-07-26,Cutshort,React Native Developer – PHP/LARAVEL,CNV AI Labs Inc,https://cutshort.io/job/React-Native-Developer-PHP-LARAVEL-CNV-AI-Labs-Inc-djtssuLz,failed,no application confirmation on Cutshort
2026-07-26,Cutshort,React Native Developer,GD,https://cutshort.io/job/React-Native-Developer-Ahmedabad-GD-hBNysnI4,failed,no application confirmation on Cutshort
2026-07-26,Cutshort,Full Stack Developer (React Native + Integrations),Zan - Zari Group,https://cutshort.io/job/Full-Stack-Developer-React-Native-Integrations-Zan-Zari-Group-SXhKtmRH,failed,no application confirmation on Cutshort
2026-07-26,Cutshort,UI Engineer,Orenda,https://cutshort.io/job/UI-Engineer-Ahmedabad-Orenda-kF0eBPir,skipped,score 10 below threshold
2026-07-26,Cutshort,Android Developer - I,KnackLabs,https://cutshort.io/job/Android-Developer-I-Bengaluru-Bangalore-KnackLabs-C5bwFIee,skipped,score -100 below threshold
2026-07-26,Cutshort,Full Stack Developer - Senior,SwitchKart,https://cutshort.io/job/Full-Stack-Developer-Senior-Bengaluru-Bangalore-SwitchKart-hrCry4pA,skipped,score -100 below threshold
2026-07-26,Cutshort,SDE Intern - React Native,PGAGI,https://cutshort.io/job/SDE-Intern-React-Native-PGAGI-2ARnMb5d,failed,no application confirmation on Cutshort
2026-07-26,Cutshort,"Mobile Developer (React Native) — 3-Month Contract, Remote",Zan - Zari Group,https://cutshort.io/job/Mobile-Developer-React-Native-3-Month-Contract-Remote-Zan-Zari-Group-yNs3ndxI,failed,no application confirmation on Cutshort
2026-07-26,Cutshort,React Native Developer with PHP Developer(Strong backend Knowledge),httpswwwicloudemscom,https://cutshort.io/job/React-Native-Developer-with-PHP-Developer-Strong-backend-Knowledge-httpswwwicloudemscom-oWDoq49q,failed,no application confirmation on Cutshort
2026-07-26,Cutshort,Lead Product Engineer - Pod Captain,Fountane inc,https://cutshort.io/job/Lead-Product-Engineer-Pod-Captain-Fountane-inc-FjqBhstE,skipped,score -100 below threshold
2026-07-26,Cutshort,Senior Software Development Engineer (Payments) Full-time,ZYSYGY,https://cutshort.io/job/Senior-Software-Development-Engineer-Payments-Full-time-ZYSYGY-Gm6TIiDw,skipped,score -100 below threshold
2026-07-26,Cutshort,Fullstack Developer,,https://cutshort.io/job/Fullstack-Developer-Mumbai-Cutshort-Lightning-hm7QSYFD,skipped,experience 1yr out of range
2026-07-26,Cutshort,Engineering Lead,,https://cutshort.io/job/Engineering-Lead-Mumbai-Cutshort-Lightning-OmazFcWW,skipped,experience 7yrs out of range
2026-07-26,Cutshort,Front end developer,Knobee Social India Private Limited,https://cutshort.io/job/Front-end-developer-Noida-Bengaluru-Bangalore-Knobee-Social-India-Private-Limited-0r0IA5Cq,skipped,score 10 below threshold
2026-07-26,Cutshort,Senior React Native Developer,Procedure,https://cutshort.io/job/Senior-React-Native-Developer-Procedure-5nCabdqM,skipped,score -100 below threshold
2026-07-26,Cutshort,React Native Intern,PGAGI,https://cutshort.io/job/React-Native-Intern-Bengaluru-Bangalore-PGAGI-FzasCXYn,failed,no application confirmation on Cutshort
2026-07-26,Cutshort,Mobile App Developer- Intern,Aaizel International Technologies Pvt Ltd,https://cutshort.io/job/Mobile-App-Developer-Intern-Gurugram-Aaizel-International-Technologies-Pvt-Ltd-pCDGS1PB,skipped,score 50 below threshold
2026-07-26,Cutshort,React Native SDE 3,NeoGenCode Technologies Pvt Ltd,https://cutshort.io/job/React-Native-SDE-3-Bengaluru-Bangalore-NeoGenCode-Technologies-Pvt-Ltd-Dfn6pWZy,skipped,score -100 below threshold
2026-07-26,Cutshort,PHP Developer,CNV AI Labs Inc,https://cutshort.io/job/PHP-Developer-CNV-AI-Labs-Inc-aXdDCEUE,skipped,score 10 below threshold
2026-07-26,Cutshort,Senior Product Engineer - Mobile Developer (L3),Fountane inc,https://cutshort.io/job/Senior-Product-Engineer-Mobile-Developer-L3-Fountane-inc-oyJaddR8,skipped,score -100 below threshold
2026-07-26,Cutshort,Staff Mobile Application Developer,RockED,https://cutshort.io/job/Staff-Mobile-Application-Developer-Bengaluru-Bangalore-RockED-8fPkLTUb,skipped,score -100 below threshold
2026-07-26,Cutshort,Lead Mobile Engineer – Android & iOS,,https://cutshort.io/job/Lead-Mobile-Engineer-Android-iOS-Hyderabad-Recruiting-Bond-SGHz97wJ,skipped,experience 5 - 8 yrs out of range
2026-07-26,Cutshort,Senior Backend Developer,Master-O,https://cutshort.io/job/Senior-Backend-Developer-Gurugram-Master-O-ax0pS75g,skipped,score -100 below threshold
2026-07-26,Cutshort,React Native,1HResource Solutions,https://cutshort.io/job/React-Native-Bengaluru-Bangalore-1HResource-Solutions-lpZLOYSw,failed,no application confirmation on Cutshort
2026-07-26,Cutshort,Mobile Application Lead (React Native),Amura Health,https://cutshort.io/job/Mobile-Application-Lead-React-Native-Chennai-Amura-Health-aK3qiR1w,skipped,score -100 below threshold
2026-07-26,Cutshort,Android Developer,Aaizel International Technologies Pvt Ltd,https://cutshort.io/job/Android-Developer-Gurugram-Aaizel-International-Technologies-Pvt-Ltd-XMggixxl,skipped,score -100 below threshold
2026-07-26,Cutshort,Software Development Engineer – Mobile / Full-Stack,PGAGI,https://cutshort.io/job/Software-Development-Engineer-Mobile-Full-Stack-Bengaluru-Bangalore-PGAGI-P5ZXCB6o,skipped,score 10 below threshold
2026-07-26,Cutshort,Job Description – React Native Full Stack Developer,TopGrep Tech Private Limited,https://cutshort.io/job/Job-Description-React-Native-Full-Stack-Developer-Bengaluru-Bangalore-TopGrep-Tech-Private-Limited-b56hFu6d,failed,no application confirmation on Cutshort
2026-07-26,Cutshort,Lead Frontend Engineer - React.js (4-6 years),Trendlyne Technologies,https://cutshort.io/job/Lead-Frontend-Engineer-React-js-4-6-years-Bengaluru-Bangalore-Trendlyne-Technologies-buBrp8Tq,skipped,score -100 below threshold
2026-07-26,Cutshort,Senior React Native Developer,Big Rattle Technologies,https://cutshort.io/job/Senior-React-Native-Developer-Big-Rattle-Technologies-QWXg5Be3,skipped,score -100 below threshold
2026-07-26,Cutshort,Software Engineer,ReThink,https://cutshort.io/job/Software-Engineer-ReThink-thbQzSYt,skipped,score 10 below threshold
2026-07-26,Cutshort,Backend- Developer,WorldRef Technologies,https://cutshort.io/job/Backend-Developer-Noida-63-WorldRef-Technologies-RIwYbka0,skipped,score 10 below threshold
2026-07-26,Cutshort,React Native Developer,Qurilo Technologies LLC,https://cutshort.io/job/React-Native-Developer-Delhi-Gurugram-Noida-Ghaziabad-Faridabad-Qurilo-Technologies-LLC-D1WcobZs,failed,no application confirmation on Cutshort
2026-07-26,Cutshort,Full Stack Developer,Ekostay LLP,https://cutshort.io/job/Full-Stack-Developer-Mumbai-worli-Ekostay-LLP-awSu8gP7,skipped,score 10 below threshold
2026-07-26,Cutshort,React JS/ React Native Developer,Hunarstreet Technologies Pvt Ltd,https://cutshort.io/job/React-JS-React-Native-Developer-Pune-Hunarstreet-Technologies-Pvt-Ltd-EfDtNOIc,failed,no application confirmation on Cutshort
2026-07-26,Cutshort,React Native Engineer | 4+ yrs | Bangalore,sketch brahma,https://cutshort.io/job/React-Native-Engineer-4-yrs-Bangalore-Bengaluru-Bangalore-Hyderabad-Noida-1HResource-Solutions-QpmxoBBb,skipped,experience 4+ yrs out of range
2026-07-26,Cutshort,Senior Full Stack Developer,Gofar Corporate Private Limited,https://cutshort.io/job/Senior-Full-Stack-Developer-Chennai-Gofar-Corporate-Private-Limited-orEtA5sD,skipped,score -100 below threshold
2026-07-26,Cutshort,React Native Developer,Jio Tesseract,https://cutshort.io/job/React-Native-Developer-Navi-Mumbai-Jio-Tesseract-uDTIXZox,failed,no application confirmation on Cutshort
2026-07-26,Cutshort,Consultant-Enterprise Application Developer,VTT Mobility Private Limited,https://cutshort.io/job/Consultant-Enterprise-Application-Developer-Bengaluru-Bangalore-VTT-Mobility-Private-Limited-0Ew5FX8I,skipped,score 10 below threshold
2026-07-26,Cutshort,FULL STACK DEVELOPER,,https://cutshort.io/job/FULL-STACK-DEVELOPER-Bengaluru-Bangalore-Peak-Hire-Solutions-Lf5o0MXW,skipped,score -100 below threshold
2026-07-26,Cutshort,Full Stack Developer,NeoGenCode Technologies Pvt Ltd,https://cutshort.io/job/Full-Stack-Developer-NeoGenCode-Technologies-Pvt-Ltd-eOk7yFQj,skipped,score 10 below threshold
2026-07-26,Cutshort,Software Developer,CNV Labs India Pvt Ltd iCloudEMS,https://cutshort.io/job/Software-Developer-CNV-Labs-India-Pvt-Ltd-iCloudEMS-PCC5XQUa,skipped,score 10 below threshold
2026-07-26,Cutshort,Node.js Developer (React Native),CNV Labs India Pvt Ltd iCloudEMS,https://cutshort.io/job/Node-js-Developer-React-Native-CNV-Labs-India-Pvt-Ltd-iCloudEMS-XnijIU1R,failed,no application confirmation on Cutshort
2026-07-26,Cutshort,React Native Developer,Wissen Technology,https://cutshort.io/job/React-Native-Developer-Bengaluru-Bangalore-Wissen-Technology-KuTiRX07,failed,no application confirmation on Cutshort
2026-07-26,Cutshort,React Native Developer,Deqode,https://cutshort.io/job/React-Native-Developer-Pune-Bhopal-Jaipur-Gurugram-Delhi-Bengaluru-Bangalore-Chennai-Deqode-O4C6m2sf,failed,no application confirmation on Cutshort
2026-07-26,Cutshort,Full Stack Engineer,TECHNAVITAS INFO INDIA PVT LTD,https://cutshort.io/job/Full-Stack-Engineer-Hyderabad-TECHNAVITAS-INFO-INDIA-PVT-LTD-KscgR23j,skipped,score 10 below threshold
2026-07-26,Cutshort,"Lead II-Software Engineering- React Native, Mobile App Architecture",,https://cutshort.io/job/Lead-II-Software-Engineering-React-Native-Mobile-App-Architecture-Mumbai-Peak-Hire-Solutions-9hNco541,skipped,experience 7 - 9 yrs out of range
2026-07-26,Cutshort,Full Stack Developer (Remote - Support Role),NeoGenCode Technologies Pvt Ltd,https://cutshort.io/job/Full-Stack-Developer-Remote-Support-Role-NeoGenCode-Technologies-Pvt-Ltd-RQcDaOWX,skipped,score 10 below threshold
2026-07-26,Cutshort,Senior Mobile App Developer (Android & iOS),Impacto Digifin Technologies,https://cutshort.io/job/Senior-Mobile-App-Developer-Android-iOS-BROOKFEILD-Impacto-Digifin-Technologies--xHkJTFL7,skipped,score -100 below threshold
2026-07-26,Cutshort,UI Engineer,geniSIGHTS Pvt Ltd,https://cutshort.io/job/UI-Engineer-Chennai-geniSIGHTS-Pvt-Ltd-6rOtlTTw,skipped,score 10 below threshold
2026-07-26,Cutshort,React Native Developer,GD,https://cutshort.io/job/React-Native-Developer-Ahmedabad-GD-hBNysnI4,failed,no application confirmation on Cutshort
2026-07-26,Cutshort,Frontend Developer(React JS),TechnoRishi Consulting Pvt Ltd,https://cutshort.io/job/Frontend-Developer-React-JS-Bengaluru-Bangalore-TechnoRishi-Consulting-Pvt-Ltd-Ks7J7H9d,failed,no application confirmation on Cutshort
2026-07-26,Cutshort,UI Engineer,Orenda,https://cutshort.io/job/UI-Engineer-Ahmedabad-Orenda-kF0eBPir,skipped,score 10 below threshold
2026-07-26,Cutshort,Three js web developer,Valerie Group,https://cutshort.io/job/Three-js-web-developer-Valerie-Group-5acGKnC6,skipped,score 10 below threshold
2026-07-26,Cutshort,SDE Internship (Next Js),PGAGI,https://cutshort.io/job/SDE-Internship-Next-Js-PGAGI-y4NMladl,skipped,score 10 below threshold
2026-07-26,Cutshort,SDE Intern - React Native,PGAGI,https://cutshort.io/job/SDE-Intern-React-Native-PGAGI-2ARnMb5d,failed,no application confirmation on Cutshort
2026-07-26,Cutshort,Frontend UI Developer (React),CK-12 Foundation,https://cutshort.io/job/Frontend-UI-Developer-React-Bengaluru-Bangalore-CK-12-Foundation-UzNAjhAB,failed,no application confirmation on Cutshort
2026-07-26,Cutshort,Web Developer,Event Management,https://cutshort.io/job/Web-Developer-Mumbai-Hunarstreet-Technologies-Pvt-Ltd-NLFAn22x,skipped,score 10 below threshold
2026-07-26,Cutshort,Web Developer - Goregaon - Onsite,Hunarstreet Technologies Pvt Ltd,https://cutshort.io/job/Web-Developer-Goregaon-Onsite-Mumbai-Hunarstreet-Technologies-Pvt-Ltd-nRzNwsoK,skipped,score 10 below threshold
2026-07-26,Cutshort,Flutter Developer,Koladiya Indusrties,https://cutshort.io/job/Flutter-Developer-Surat-Koladiya-Indusrties-pn3ZFHiF,skipped,score 10 below threshold
2026-07-26,Cutshort,React.js Developer,Iitil,https://cutshort.io/job/React-js-Developer-Iitil-SOuTlB1e,failed,no application confirmation on Cutshort
2026-07-26,Cutshort,Angular Developer - Contract-Based - Mumbai,Wama Technology,https://cutshort.io/job/Angular-Developer-Contract-Based-Mumbai-Andheri-Mumbai-Thane-Navi-Mumbai-Wama-Technology-B1m0nUoG,skipped,score 10 below threshold
2026-07-26,Cutshort,Senior Front End,Altinvest Online Platform Pvt Ltd,https://cutshort.io/job/Senior-Front-End-Bengaluru-Bangalore-Altinvest-Online-Platform-Pvt-Ltd-CZTOOkIR,skipped,score -100 below threshold
2026-07-26,Cutshort,Frontend Developer,Timble Technologies,https://cutshort.io/job/Frontend-Developer-Delhi-Gurugram-Noida-Ghaziabad-Faridabad-Timble-Technologies-nSyatns6,skipped,score 10 below threshold
2026-07-26,Cutshort,Frontend Developer intern,MotionGility,https://cutshort.io/job/Frontend-Developer-intern-Indore-MotionGility-obamFnQx,skipped,score 10 below threshold
2026-07-26,Cutshort,Angular Developer,Wissen Technology,https://cutshort.io/job/Angular-Developer-Mumbai-Wissen-Technology-a4nmwrwB,skipped,score 10 below threshold
2026-07-26,Cutshort,Frontend Engineer,Unico Connect Private Limited,https://cutshort.io/job/Frontend-Engineer-Mumbai-Unico-Connect-Private-Limited-L8z41XrU,skipped,score 10 below threshold
2026-07-26,Cutshort,Angular Developer,Wissen Technology,https://cutshort.io/job/Angular-Developer-Mumbai-Wissen-Technology-iJCRYaHK,skipped,score 10 below threshold
2026-07-26,Cutshort,SDE 3 (Frontend),MediBuddy,https://cutshort.io/job/SDE-3-Frontend-Bengaluru-Bangalore-Indore-MediBuddy-nQkmf3q1,skipped,score -100 below threshold
2026-07-26,Cutshort,Teamcenter Developer,TCS,https://cutshort.io/job/Teamcenter-Developer-Bengaluru-Bangalore-Chennai-Hyderabad-Pune-Kolkata-Delhi-Gurugram-Noida-Ghaziabad-Faridabad-HR-Remedy-India-9Jpt7ojn,skipped,score 10 below threshold
2026-07-26,Cutshort,Lead Frontend Engineer/Architect,Shorthills AI,https://cutshort.io/job/Lead-Frontend-Engineer-Architect-Shorthills-AI-fJLgaR9E,skipped,score -100 below threshold
2026-07-26,Cutshort,Software developer Engineer -React,myGate.in,https://cutshort.io/job/Software-developer-Engineer-React-Bengaluru-Bangalore-myGate-in-cjEORTJh,failed,no application confirmation on Cutshort
2026-07-26,Cutshort,AI/ML,Webkul Software PvtLtd,https://cutshort.io/job/AI-ML-Noida-Webkul-Software-PvtLtd-GQqwzc3t,skipped,score 10 below threshold
2026-07-26,Cutshort,Senior/ Lead Frontend Developer - React.js Framework,Trendlyne Technologies,https://cutshort.io/job/Senior-Lead-Frontend-Developer-React-js-Framework-Bengaluru-Bangalore-Trendlyne-Technologies-ESOoCDTp,skipped,score -100 below threshold
2026-07-26,Cutshort,Frontend Developer (React & Expo),Moolya Software Testing Private Limited,https://cutshort.io/job/Frontend-Developer-React-Expo-Bengaluru-Bangalore-Moolya-Software-Testing-Private-Limited-yFelpzca,failed,no application confirmation on Cutshort
2026-07-26,Cutshort,Web Designer,Royal IT Park Services,https://cutshort.io/job/Web-Designer-Hyderabad-Royal-IT-Park-Services-1MC9hOgi,skipped,score 10 below threshold
2026-07-26,Cutshort,VueJS Developer,,https://cutshort.io/job/VueJS-Developer-Chennai-Codemind-Staffing-Solutions-Fsun1BTe,skipped,experience 5 - 10 yrs out of range
2026-07-26,Cutshort,Angular Developer,Wissen Technology,https://cutshort.io/job/Angular-Developer-Bengaluru-Bangalore-Wissen-Technology-TYKQaCEx,skipped,score 10 below threshold
2026-07-26,Cutshort,Software Engineer - Front End,Cglia Solutions LLP,https://cutshort.io/job/Software-Engineer-Front-End-Hyderabad-Cglia-Solutions-LLP--8YcgwsdS,skipped,score 10 below threshold
2026-07-26,Cutshort,JAVA DEVELOPER,Staffnixcom,https://cutshort.io/job/JAVA-DEVELOPER-Staffnixcom-WKkUW9yn,skipped,score -100 below threshold
2026-07-26,Cutshort,Frontend Developer Intern (Next.js),Rupeestop LLP,https://cutshort.io/job/Frontend-Developer-Intern-Next-js-Jaipur-Rupeestop-LLP-3dcLMi4y,skipped,score 10 below threshold
2026-07-26,Cutshort,PLC programmer,Next Kraft Parking Technologies,https://cutshort.io/job/PLC-programmer-Mumbai-Next-Kraft-Parking-Technologies-UhGT74Wd,skipped,score 10 below threshold
2026-07-26,Cutshort,Wordpress Developer,Arcitech,https://cutshort.io/job/Wordpress-Developer-Navi-Mumbai-Arcitech-4cKngDl4,skipped,score 10 below threshold
2026-07-26,Cutshort,UI/UX Engineer,Timble Technologies,https://cutshort.io/job/UI-UX-Engineer-Delhi-Gurugram-Noida-Timble-Technologies-h2lojjgt,skipped,score 10 below threshold
2026-07-26,Cutshort,UI Engineering Lead,MeltPlan,https://cutshort.io/job/UI-Engineering-Lead-Bengaluru-Bangalore-MeltPlan-rHeZo5br,skipped,score -100 below threshold
2026-07-26,Cutshort,Jr React Developer,1HResource Solutions,https://cutshort.io/job/Jr-React-Developer-Bengaluru-Bangalore-1HResource-Solutions-zaYl2eGn,failed,no application confirmation on Cutshort
2026-07-26,Cutshort,Staff Frontend Engineer - AI Agents (React + AI Coding Tools),,https://cutshort.io/job/Staff-Frontend-Engineer-AI-Agents-React-AI-Coding-Tools-Recruiting-Bond-lWiesefg,skipped,experience 7 - 10 yrs out of range
2026-07-26,Cutshort,Assistant Manager | Angular Developer - 1 year Contract,Hunarstreet Technologies Pvt Ltd,https://cutshort.io/job/Assistant-Manager-Angular-Developer-1-year-Contract-Bengaluru-Bangalore-Delhi-Gurugram-Noida-Ghaziabad-Faridabad-Hyderabad-RxJS-NgRx-Hunarstreet-Technologies-Pvt-Ltd-37a5fAFf,skipped,score 10 below threshold
2026-07-26,Cutshort,Senior Frontend Engineer (Full-Stack Capabilities),MeltPlan,https://cutshort.io/job/Senior-Frontend-Engineer-Full-Stack-Capabilities-Bengaluru-Bangalore-MeltPlan-FpsuaK3O,skipped,score -100 below threshold
2026-07-26,Cutshort,Junior Software Engineer,Shipthis Inc,https://cutshort.io/job/Junior-Software-Engineer-Bengaluru-Bangalore-Shipthis-Inc-St2mEukS,skipped,score 10 below threshold
2026-07-26,Cutshort,"WordPress Developer with HTML, CSS- Kolkata candidates only",Goranggo Solutions Private Limited,https://cutshort.io/job/WordPress-Developer-with-HTML-CSS-Kolkata-candidates-only-Kolkata-Goranggo-Solutions-Private-Limited-OCQSjsQ1,skipped,score 10 below threshold
2026-07-26,Cutshort,Senior Frontend Engineer,Vikgol Technologies,https://cutshort.io/job/Senior-Frontend-Engineer-Bengaluru-Bangalore-Vikgol-Technologies-tyL51pyp,skipped,score -100 below threshold
2026-07-26,Cutshort,Lead-Angular Developer,Hunarstreet Technologies Pvt Ltd,https://cutshort.io/job/Lead-Angular-Developer-Bengaluru-Bangalore-Delhi-Hyderabad-Hunarstreet-Technologies-Pvt-Ltd-Pm2mSN4E,skipped,score -100 below threshold
2026-07-26,Cutshort,Lead Frontend Engineer - React.js (4-6 years),Trendlyne Technologies,https://cutshort.io/job/Lead-Frontend-Engineer-React-js-4-6-years-Bengaluru-Bangalore-Trendlyne-Technologies-buBrp8Tq,skipped,score -100 below threshold
2026-07-26,Cutshort,Fronted Developer,Digital Prospects Consulting,https://cutshort.io/job/Fronted-Developer-Lucknow-Digital-Prospects-Consulting-8TCAhEsw,skipped,score 10 below threshold
2026-07-26,Cutshort,Frontend Developer,Syphoon,https://cutshort.io/job/Frontend-Developer-Syphoon-QOegxGx2,skipped,score 10 below threshold
2026-07-26,Cutshort,.Net Developer,Deqode,https://cutshort.io/job/-Net-Developer-Mumbai-Bengaluru-Bangalore-Deqode-4UlpAdu8,skipped,score -100 below threshold
2026-07-26,Cutshort,UI Developer,NeoGenCode Technologies Pvt Ltd,https://cutshort.io/job/UI-Developer-Pune-Hyderabad-NeoGenCode-Technologies-Pvt-Ltd-enBw3384,skipped,score 10 below threshold
2026-07-26,Cutshort,UI Software Engineer,NeoGenCode Technologies Pvt Ltd,https://cutshort.io/job/UI-Software-Engineer-Pune-Hyderabad-NeoGenCode-Technologies-Pvt-Ltd-Yp32NpXY,skipped,score 10 below threshold
2026-07-26,Cutshort,UI Engineer,geniSIGHTS Pvt Ltd,https://cutshort.io/job/UI-Engineer-Chennai-geniSIGHTS-Pvt-Ltd-6rOtlTTw,skipped,score 10 below threshold
2026-07-26,Cutshort,React Native Developer,GD,https://cutshort.io/job/React-Native-Developer-Ahmedabad-GD-hBNysnI4,failed,no application confirmation on Cutshort
2026-07-26,Cutshort,Frontend Developer(React JS),TechnoRishi Consulting Pvt Ltd,https://cutshort.io/job/Frontend-Developer-React-JS-Bengaluru-Bangalore-TechnoRishi-Consulting-Pvt-Ltd-Ks7J7H9d,failed,no application confirmation on Cutshort
2026-07-26,Cutshort,UI Engineer,Orenda,https://cutshort.io/job/UI-Engineer-Ahmedabad-Orenda-kF0eBPir,skipped,score 10 below threshold
2026-07-26,Cutshort,Three js web developer,Valerie Group,https://cutshort.io/job/Three-js-web-developer-Valerie-Group-5acGKnC6,skipped,score 10 below threshold
2026-07-26,Cutshort,SDE Internship (Next Js),PGAGI,https://cutshort.io/job/SDE-Internship-Next-Js-PGAGI-y4NMladl,skipped,score 10 below threshold
2026-07-26,Cutshort,SDE Intern - React Native,PGAGI,https://cutshort.io/job/SDE-Intern-React-Native-PGAGI-2ARnMb5d,failed,no application confirmation on Cutshort
2026-07-26,Cutshort,Frontend UI Developer (React),CK-12 Foundation,https://cutshort.io/job/Frontend-UI-Developer-React-Bengaluru-Bangalore-CK-12-Foundation-UzNAjhAB,failed,no application confirmation on Cutshort
2026-07-26,Cutshort,Web Developer,Event Management,https://cutshort.io/job/Web-Developer-Mumbai-Hunarstreet-Technologies-Pvt-Ltd-NLFAn22x,skipped,score 10 below threshold
2026-07-26,Cutshort,Web Developer - Goregaon - Onsite,Hunarstreet Technologies Pvt Ltd,https://cutshort.io/job/Web-Developer-Goregaon-Onsite-Mumbai-Hunarstreet-Technologies-Pvt-Ltd-nRzNwsoK,skipped,score 10 below threshold
2026-07-26,Cutshort,Flutter Developer,Koladiya Indusrties,https://cutshort.io/job/Flutter-Developer-Surat-Koladiya-Indusrties-pn3ZFHiF,skipped,score 10 below threshold
2026-07-26,Cutshort,React.js Developer,Iitil,https://cutshort.io/job/React-js-Developer-Iitil-SOuTlB1e,failed,no application confirmation on Cutshort
2026-07-26,Cutshort,Angular Developer - Contract-Based - Mumbai,Wama Technology,https://cutshort.io/job/Angular-Developer-Contract-Based-Mumbai-Andheri-Mumbai-Thane-Navi-Mumbai-Wama-Technology-B1m0nUoG,skipped,score 10 below threshold
2026-07-26,Cutshort,Senior Front End,Altinvest Online Platform Pvt Ltd,https://cutshort.io/job/Senior-Front-End-Bengaluru-Bangalore-Altinvest-Online-Platform-Pvt-Ltd-CZTOOkIR,skipped,score -100 below threshold
2026-07-26,Cutshort,Frontend Developer,Timble Technologies,https://cutshort.io/job/Frontend-Developer-Delhi-Gurugram-Noida-Ghaziabad-Faridabad-Timble-Technologies-nSyatns6,skipped,score 10 below threshold
2026-07-26,Cutshort,Frontend Developer intern,MotionGility,https://cutshort.io/job/Frontend-Developer-intern-Indore-MotionGility-obamFnQx,skipped,score 10 below threshold
2026-07-26,Cutshort,Angular Developer,Wissen Technology,https://cutshort.io/job/Angular-Developer-Mumbai-Wissen-Technology-a4nmwrwB,skipped,score 10 below threshold
2026-07-26,Cutshort,Frontend Engineer,Unico Connect Private Limited,https://cutshort.io/job/Frontend-Engineer-Mumbai-Unico-Connect-Private-Limited-L8z41XrU,skipped,score 10 below threshold
2026-07-26,Cutshort,Angular Developer,Wissen Technology,https://cutshort.io/job/Angular-Developer-Mumbai-Wissen-Technology-iJCRYaHK,skipped,score 10 below threshold
2026-07-26,Cutshort,SDE 3 (Frontend),MediBuddy,https://cutshort.io/job/SDE-3-Frontend-Bengaluru-Bangalore-Indore-MediBuddy-nQkmf3q1,skipped,score -100 below threshold
2026-07-26,Cutshort,Teamcenter Developer,TCS,https://cutshort.io/job/Teamcenter-Developer-Bengaluru-Bangalore-Chennai-Hyderabad-Pune-Kolkata-Delhi-Gurugram-Noida-Ghaziabad-Faridabad-HR-Remedy-India-9Jpt7ojn,skipped,score 10 below threshold
2026-07-26,Cutshort,Lead Frontend Engineer/Architect,Shorthills AI,https://cutshort.io/job/Lead-Frontend-Engineer-Architect-Shorthills-AI-fJLgaR9E,skipped,score -100 below threshold
2026-07-26,Cutshort,Software developer Engineer -React,myGate.in,https://cutshort.io/job/Software-developer-Engineer-React-Bengaluru-Bangalore-myGate-in-cjEORTJh,failed,no application confirmation on Cutshort
2026-07-26,Cutshort,AI/ML,Webkul Software PvtLtd,https://cutshort.io/job/AI-ML-Noida-Webkul-Software-PvtLtd-GQqwzc3t,skipped,score 10 below threshold
2026-07-26,Cutshort,Senior/ Lead Frontend Developer - React.js Framework,Trendlyne Technologies,https://cutshort.io/job/Senior-Lead-Frontend-Developer-React-js-Framework-Bengaluru-Bangalore-Trendlyne-Technologies-ESOoCDTp,skipped,score -100 below threshold
2026-07-26,Cutshort,Frontend Developer (React & Expo),Moolya Software Testing Private Limited,https://cutshort.io/job/Frontend-Developer-React-Expo-Bengaluru-Bangalore-Moolya-Software-Testing-Private-Limited-yFelpzca,failed,no application confirmation on Cutshort
2026-07-26,Cutshort,Web Designer,Royal IT Park Services,https://cutshort.io/job/Web-Designer-Hyderabad-Royal-IT-Park-Services-1MC9hOgi,skipped,score 10 below threshold
2026-07-26,Cutshort,VueJS Developer,,https://cutshort.io/job/VueJS-Developer-Chennai-Codemind-Staffing-Solutions-Fsun1BTe,skipped,experience 5 - 10 yrs out of range
2026-07-26,Cutshort,Angular Developer,Wissen Technology,https://cutshort.io/job/Angular-Developer-Bengaluru-Bangalore-Wissen-Technology-TYKQaCEx,skipped,score 10 below threshold
2026-07-26,Cutshort,Software Engineer - Front End,Cglia Solutions LLP,https://cutshort.io/job/Software-Engineer-Front-End-Hyderabad-Cglia-Solutions-LLP--8YcgwsdS,skipped,score 10 below threshold
2026-07-26,Cutshort,JAVA DEVELOPER,Staffnixcom,https://cutshort.io/job/JAVA-DEVELOPER-Staffnixcom-WKkUW9yn,skipped,score -100 below threshold
2026-07-26,Cutshort,Frontend Developer Intern (Next.js),Rupeestop LLP,https://cutshort.io/job/Frontend-Developer-Intern-Next-js-Jaipur-Rupeestop-LLP-3dcLMi4y,skipped,score 10 below threshold
2026-07-26,Cutshort,PLC programmer,Next Kraft Parking Technologies,https://cutshort.io/job/PLC-programmer-Mumbai-Next-Kraft-Parking-Technologies-UhGT74Wd,skipped,score 10 below threshold
2026-07-26,Cutshort,Wordpress Developer,Arcitech,https://cutshort.io/job/Wordpress-Developer-Navi-Mumbai-Arcitech-4cKngDl4,skipped,score 10 below threshold
2026-07-26,Cutshort,UI/UX Engineer,Timble Technologies,https://cutshort.io/job/UI-UX-Engineer-Delhi-Gurugram-Noida-Timble-Technologies-h2lojjgt,skipped,score 10 below threshold
2026-07-26,Cutshort,UI Engineering Lead,MeltPlan,https://cutshort.io/job/UI-Engineering-Lead-Bengaluru-Bangalore-MeltPlan-rHeZo5br,skipped,score -100 below threshold
2026-07-26,Cutshort,Jr React Developer,1HResource Solutions,https://cutshort.io/job/Jr-React-Developer-Bengaluru-Bangalore-1HResource-Solutions-zaYl2eGn,failed,no application confirmation on Cutshort
2026-07-26,Cutshort,Staff Frontend Engineer - AI Agents (React + AI Coding Tools),,https://cutshort.io/job/Staff-Frontend-Engineer-AI-Agents-React-AI-Coding-Tools-Recruiting-Bond-lWiesefg,skipped,experience 7 - 10 yrs out of range
2026-07-26,Cutshort,Assistant Manager | Angular Developer - 1 year Contract,Hunarstreet Technologies Pvt Ltd,https://cutshort.io/job/Assistant-Manager-Angular-Developer-1-year-Contract-Bengaluru-Bangalore-Delhi-Gurugram-Noida-Ghaziabad-Faridabad-Hyderabad-RxJS-NgRx-Hunarstreet-Technologies-Pvt-Ltd-37a5fAFf,skipped,score 10 below threshold
2026-07-26,Cutshort,Senior Frontend Engineer (Full-Stack Capabilities),MeltPlan,https://cutshort.io/job/Senior-Frontend-Engineer-Full-Stack-Capabilities-Bengaluru-Bangalore-MeltPlan-FpsuaK3O,skipped,score -100 below threshold
2026-07-26,Cutshort,Junior Software Engineer,Shipthis Inc,https://cutshort.io/job/Junior-Software-Engineer-Bengaluru-Bangalore-Shipthis-Inc-St2mEukS,skipped,score 10 below threshold
2026-07-26,Cutshort,"WordPress Developer with HTML, CSS- Kolkata candidates only",Goranggo Solutions Private Limited,https://cutshort.io/job/WordPress-Developer-with-HTML-CSS-Kolkata-candidates-only-Kolkata-Goranggo-Solutions-Private-Limited-OCQSjsQ1,skipped,score 10 below threshold
2026-07-26,Cutshort,Senior Frontend Engineer,Vikgol Technologies,https://cutshort.io/job/Senior-Frontend-Engineer-Bengaluru-Bangalore-Vikgol-Technologies-tyL51pyp,skipped,score -100 below threshold
2026-07-26,Cutshort,Lead-Angular Developer,Hunarstreet Technologies Pvt Ltd,https://cutshort.io/job/Lead-Angular-Developer-Bengaluru-Bangalore-Delhi-Hyderabad-Hunarstreet-Technologies-Pvt-Ltd-Pm2mSN4E,skipped,score -100 below threshold
2026-07-26,Cutshort,Lead Frontend Engineer - React.js (4-6 years),Trendlyne Technologies,https://cutshort.io/job/Lead-Frontend-Engineer-React-js-4-6-years-Bengaluru-Bangalore-Trendlyne-Technologies-buBrp8Tq,skipped,score -100 below threshold
2026-07-26,Cutshort,Fronted Developer,Digital Prospects Consulting,https://cutshort.io/job/Fronted-Developer-Lucknow-Digital-Prospects-Consulting-8TCAhEsw,skipped,score 10 below threshold
2026-07-26,Cutshort,Frontend Developer,Syphoon,https://cutshort.io/job/Frontend-Developer-Syphoon-QOegxGx2,skipped,score 10 below threshold
2026-07-26,Cutshort,.Net Developer,Deqode,https://cutshort.io/job/-Net-Developer-Mumbai-Bengaluru-Bangalore-Deqode-4UlpAdu8,skipped,score -100 below threshold
2026-07-26,Cutshort,UI Developer,NeoGenCode Technologies Pvt Ltd,https://cutshort.io/job/UI-Developer-Pune-Hyderabad-NeoGenCode-Technologies-Pvt-Ltd-enBw3384,skipped,score 10 below threshold
2026-07-26,Cutshort,UI Software Engineer,NeoGenCode Technologies Pvt Ltd,https://cutshort.io/job/UI-Software-Engineer-Pune-Hyderabad-NeoGenCode-Technologies-Pvt-Ltd-Yp32NpXY,skipped,score 10 below threshold
2026-07-26,YourStory,Associate Sales & Partnerships Manager,YourStory Media,https://yourstory.com/jobs/details/22dbd6b0-55aa-11f1-b30b-eb2d7a493eb2,skipped,score 10 below threshold
2026-07-26,YourStory,Senior Reporter,YourStory Media,https://yourstory.com/jobs/details/7f800bf0-55ac-11f1-9892-0791a4cff158,skipped,score -100 below threshold
2026-07-26,Instahyre,KnackLabs - Software Development Engineer,KnackLabs,https://www.instahyre.com/#job/knacklabs/knacklabs-software-development-engineer,skipped,score 30 below threshold
2026-07-26,Naukri,React Native Developer,Santa Browser,https://www.naukri.com/job-listings-react-native-developer-santa-browser-hyderabad-3-to-5-years-240726507223,skipped,skipped — external ATS (apply on company site)
2026-07-26,Naukri,React Native Developer,Techefficio,https://www.naukri.com/job-listings-react-native-developer-techefficio-hyderabad-3-to-5-years-200726503418,skipped,skipped — external ATS (apply on company site)
2026-07-26,Naukri,React Native Developer,Bigziel,https://www.naukri.com/job-listings-react-native-developer-bigziel-chennai-1-to-3-years-311025501360,skipped,skipped — external ATS (apply on company site)
2026-07-26,Naukri,React Native Developer,Technoadviser Technologies,https://www.naukri.com/job-listings-react-native-developer-technoadviser-technologies-pvt-ltd-hyderabad-1-to-5-years-290526503919,failed,Apply button not found — page buttons  [Jobs2 | Recommended jobs | NVites12 New | Application status129 Updates | Saved jobs | Companies | Explore categories | Unicorn | MNC | Startup]
2026-07-26,Naukri,React Native Developer,Pillersoft Technology,https://www.naukri.com/job-listings-react-native-developer-piller-soft-technology-pune-3-to-7-years-210725500684,skipped,skipped — external ATS (apply on company site)
2026-07-26,Naukri,React Native Developer,Digixpro,https://www.naukri.com/job-listings-react-native-developer-digixpro-bengaluru-1-to-5-years-071125501730,skipped,skipped — external ATS (apply on company site)
2026-07-26,Naukri,React Native Developer,Cloud Counselage,https://www.naukri.com/job-listings-react-native-developer-cloud-counselage-pvt-ltd-chennai-3-to-7-years-301225507873,skipped,skipped — external ATS (apply on company site)
2026-07-26,Naukri,React Native Developer - PHP/MySQL,Loyal String International,https://www.naukri.com/job-listings-react-native-developer-php-mysql-loyal-string-international-pune-2-to-3-years-190620501339,skipped,skipped — external ATS (apply on company site)
2026-07-26,Naukri,React Native Developer,Up Market Research,https://www.naukri.com/job-listings-react-native-developer-up-market-research-pune-3-to-7-years-170424500355,skipped,skipped — external ATS (apply on company site)
2026-07-26,Naukri,React Native developer,Analogue It Solutions,https://www.naukri.com/job-listings-react-native-developer-analogue-it-solutions-mobile-application-development-company-hyderabad-1-to-4-years-150125503399,skipped,skipped — external ATS (apply on company site)
2026-07-26,Naukri,React Native Developer,Quanteon Solutions,https://www.naukri.com/job-listings-react-native-developer-quanteon-llc-hyderabad-3-to-8-years-130226502852,skipped,skipped — external ATS (apply on company site)
2026-07-26,Naukri,React Native Mobile Developer,Tech Stalwart Solution,https://www.naukri.com/job-listings-react-native-mobile-developer-tech-stalwart-solution-private-limited-kolkata-mumbai-new-delhi-hyderabad-pune-chennai-bengaluru-3-to-8-years-090925503642,skipped,skipped — external ATS (apply on company site)
2026-07-26,Naukri,React Native Developers | Hyderabad India,Sowedane,https://www.naukri.com/job-listings-react-native-developers-hyderabad-india-sowedane-hyderabad-3-to-8-years-280526503016,failed,Apply button not found — page buttons  [Jobs2 | Recommended jobs | NVites12 New | Application status129 Updates | Saved jobs | Companies | Explore categories | Unicorn | MNC | Startup]
2026-07-26,Naukri,React Native Developer,Chromosis Technologies,https://www.naukri.com/job-listings-react-native-developer-chromosis-technologies-pvt-ltd-bengaluru-1-to-5-years-260326500675,skipped,skipped — external ATS (apply on company site)
2026-07-26,Naukri,React Native Developer,Apex 2000 INC,https://www.naukri.com/job-listings-react-native-developer-apex-2000-inc-bengaluru-3-to-7-years-210526501004,skipped,skipped — external ATS (apply on company site)
2026-07-26,Naukri,React Native Developer Product,Recrosoft,https://www.naukri.com/job-listings-react-native-developer-product-recrosoft-technologies-pvt-ltd-bengaluru-1-to-4-years-140526503556,failed,Apply button not found — page buttons  [Jobs2 | Recommended jobs | NVites12 New | Application status129 Updates | Saved jobs | Companies | Explore categories | Unicorn | MNC | Startup]
2026-07-26,Naukri,React Native Developer,Sthapatya Software,https://www.naukri.com/job-listings-react-native-developer-sthapatya-software-pvt-ltd-pune-3-to-5-years-311225501089,skipped,skipped — external ATS (apply on company site)
2026-07-26,Naukri,React Native Developer,Webpetal Software,https://www.naukri.com/job-listings-react-native-developer-webpetal-software-pvt-ltd-gurugram-0-to-2-years-311025500174,skipped,skipped — external ATS (apply on company site)
2026-07-26,Naukri,React Native Developer,Medpick,https://www.naukri.com/job-listings-react-native-developer-medpick-bengaluru-1-to-5-years-311025500126,skipped,skipped — external ATS (apply on company site)
2026-07-26,Naukri,Mobile Developer,Akra Tech,https://www.naukri.com/job-listings-mobile-developer-akra-tech-chennai-3-to-8-years-200726503725,skipped,skipped — external ATS (apply on company site)
2026-07-26,Naukri,Mobile Developer,Siri Innovations,https://www.naukri.com/job-listings-mobile-developer-siri-innovations-pvt-ltd-hyderabad-2-to-5-years-210726501582,skipped,score 50 below threshold
2026-07-26,Naukri,"Staff Engineer ,Mobile Developer",Nagarro,https://www.naukri.com/job-listings-staff-engineer-mobile-developer-nagarro-software-pvt-ltd-hyderabad-1-to-3-years-291025502366,skipped,score -100 below threshold
2026-07-26,Naukri,Mobile Developer,Couchbase,https://www.naukri.com/job-listings-mobile-developer-couchbase-inc-bengaluru-1-to-3-years-270625501943,skipped,skipped — external ATS (apply on company site)
2026-07-26,Naukri,Mobile Developer (Japan Posting),Mount Talent Consulting,https://www.naukri.com/job-listings-mobile-developer-japan-posting-value-innovation-labs-hyderabad-bengaluru-delhi-ncr-2-to-5-years-260626000136,skipped,score 50 below threshold
2026-07-26,Naukri,Mobile Developer (Japan Posting),Mount Talent Consulting,https://www.naukri.com/job-listings-mobile-developer-japan-posting-value-innovation-labs-noida-hyderabad-chennai-2-to-6-years-260626000133,skipped,score 50 below threshold
2026-07-26,Naukri,Mobile Developer,Cyces Innovation Labs Llp,https://www.naukri.com/job-listings-mobile-developer-cyces-innovation-labs-llp-chennai-2-to-7-years-290526504570,skipped,skipped — external ATS (apply on company site)
2026-07-26,Naukri,Mobile Developer,Giggs Software Labs,https://www.naukri.com/job-listings-mobile-developer-giggs-software-labs-bengaluru-7-to-12-years-250726015377,skipped,experience 7-12 Yrs out of range
2026-07-26,Naukri,Mobile Developer,rigbot.com,https://www.naukri.com/job-listings-mobile-developer-rigbot-com-hyderabad-0-to-8-years-310817503081,skipped,score 50 below threshold
2026-07-26,Naukri,Mobile Developer - Microsoft Certified,Acuity Software Technologies,https://www.naukri.com/job-listings-mobile-developer-microsoft-certified-acuity-software-technologies-hyderabad-3-to-8-years-240517500889,skipped,score -100 below threshold
2026-07-26,Naukri,AI Agent Reliability Engineer - Mobile Developers,Emergent India,https://www.naukri.com/job-listings-ai-agent-reliability-engineer-mobile-developers-emergent-bengaluru-1-to-5-years-300626500430,skipped,score 50 below threshold
2026-07-26,Naukri,Mobile Developer,BNI,https://www.naukri.com/job-listings-mobile-developer-bni-bengaluru-2-to-3-years-150626503249,skipped,score 50 below threshold
2026-07-26,Naukri,Mobile Developer,Shopdeck,https://www.naukri.com/job-listings-mobile-developer-shopdeck-previously-nushop-bengaluru-2-to-4-years-020626502541,skipped,score 50 below threshold
2026-07-26,Naukri,Mobile Developer,Technerds Solutions,https://www.naukri.com/job-listings-mobile-developer-technerds-solutions-pvt-ltd-chennai-2-to-5-years-301025504772,skipped,score 50 below threshold
2026-07-26,Naukri,Maximo Mobile Developer,Capgemini,https://www.naukri.com/job-listings-maximo-mobile-developer-capgemini-technology-services-india-limited-bengaluru-3-to-7-years-290626928453,skipped,score 50 below threshold
2026-07-26,Naukri,Mobile Developer,Logic Planet,https://www.naukri.com/job-listings-mobile-developer-logicplanet-it-services-hubli-mangaluru-mysuru-bengaluru-belgaum-0-to-5-years-240226505078,skipped,score 50 below threshold
2026-07-26,Naukri,Mobile developer,Technologyport Software India,https://www.naukri.com/job-listings-mobile-developer-technologyport-software-india-pvt-ltd-bengaluru-2-to-4-years-231219501376,skipped,score 50 below threshold
2026-07-26,Naukri,Mobile Developer- Visa,Foray Software,https://www.naukri.com/job-listings-mobile-developer-visa-foray-software-pvt-ltd-bengaluru-3-to-7-years-230824501588,skipped,score 50 below threshold
2026-07-26,Naukri,Mobile Developer,Wingz Technologies,https://www.naukri.com/job-listings-mobile-developer-wingz-technologies-chennai-1-to-4-years-220425500929,skipped,score 50 below threshold
2026-07-26,Naukri,Mobile Developer,Photon,https://www.naukri.com/job-listings-mobile-developer-photon-infotech-p-ltd-chennai-3-to-7-years-191124505967,skipped,score 50 below threshold
2026-07-26,Naukri,Frontend Engineer (React & React Native),Y2Z Travel,https://www.naukri.com/job-listings-frontend-engineer-react-react-native-y2z-travel-bengaluru-1-to-5-years-191224503297,skipped,skipped — external ATS (apply on company site)
2026-07-26,Naukri,Frontend Engineer (React / React Native),Prepairo,https://www.naukri.com/job-listings-frontend-engineer-react-react-native-prepairo-bengaluru-2-to-5-years-010626503686,failed,Apply button not found — page buttons  [Jobs2 | Recommended jobs | NVites12 New | Application status129 Updates | Saved jobs | Companies | Explore categories | Unicorn | MNC | Startup]
2026-07-26,Naukri,"Associate Principal Engineer, Frontend React",Nagarro,https://www.naukri.com/job-listings-associate-principal-engineer-frontend-react-nagarro-software-pvt-ltd-bengaluru-0-to-3-years-291025503104,skipped,score -100 below threshold
2026-07-26,Naukri,React Frontend Engineer,Omniful,https://www.naukri.com/job-listings-react-frontend-engineer-omniful-gurugram-3-to-8-years-200525503513,skipped,skipped — external ATS (apply on company site)
2026-07-26,Naukri,Frontend - Engineer,Varaha Systems,https://www.naukri.com/job-listings-frontend-engineer-varaha-systems-inc-bengaluru-3-to-8-years-140726501769,skipped,skipped — external ATS (apply on company site)
2026-07-26,Naukri,"Engineer, Frontend React",Nagarro,https://www.naukri.com/job-listings-engineer-frontend-react-nagarro-software-pvt-ltd-bengaluru-2-to-7-years-291025501402,skipped,skipped — external ATS (apply on company site)
2026-07-26,Naukri,Frontend Engineer (React),Startappss Systems,https://www.naukri.com/job-listings-frontend-engineer-react-startappss-systems-pvt-ltd-indore-3-to-8-years-230726503784,skipped,skipped — external ATS (apply on company site)
2026-07-26,Naukri,Frontend Engineer ( React / Next . js ),Workforce Next,https://www.naukri.com/job-listings-frontend-engineer-react-next-js-workforce-next-noida-2-to-6-years-140526500224,skipped,skipped — external ATS (apply on company site)
2026-07-26,Naukri,Frontend Engineer (React),Technix India Solutions,https://www.naukri.com/job-listings-frontend-engineer-react-technix-technology-patna-0-to-2-years-101125501751,skipped,skipped — external ATS (apply on company site)
2026-07-26,Naukri,Frontend Engineer (React.js / Next.js),Aqilea,https://www.naukri.com/job-listings-frontend-engineer-react-js-next-js-aqilea-formerly-soltia-bengaluru-5-to-9-years-150726500749,skipped,experience 5-9 Yrs out of range
2026-07-26,Naukri,Frontend Engineer,Vowels Of The People Association,https://www.naukri.com/job-listings-frontend-engineer-vopa-pune-3-to-5-years-200726504194,skipped,score 30 below threshold
2026-07-26,Naukri,Frontend Engineer,Apex 2000,https://www.naukri.com/job-listings-frontend-engineer-apex-2000-inc-pune-3-to-7-years-290626503315,skipped,score 10 below threshold
2026-07-26,Naukri,Front end Engineer,Diverse Lynx,https://www.naukri.com/job-listings-front-end-engineer-diverse-lynx-bengaluru-1-to-5-years-230626501437,skipped,skipped — external ATS (apply on company site)
2026-07-26,Naukri,Frontend Engineer - React js,Cloud Nautical Solutions India,https://www.naukri.com/job-listings-frontend-engineer-react-js-cloud-nautical-solutions-india-private-limited-thiruvananthapuram-5-to-10-years-240726503467,skipped,experience 5-10 Yrs out of range
2026-07-26,Naukri,React Frontend Engineer,Leading Client,https://www.naukri.com/job-listings-react-frontend-engineer-contactx-resource-management-pvt-ltd-bengaluru-7-to-10-years-170726918079,skipped,experience 7-10 Yrs out of range
2026-07-26,Naukri,Frontend Engineer,Diverse Lynx,https://www.naukri.com/job-listings-frontend-engineer-diverse-lynx-bengaluru-2-to-6-years-080825500478,skipped,score 30 below threshold
2026-07-26,Naukri,Front End UI Engineer,Ascendion Engineering,https://www.naukri.com/job-listings-front-end-ui-engineer-ascendion-engineering-bengaluru-7-to-12-years-140726018965,skipped,experience 7-12 Yrs out of range
2026-07-26,Naukri,Frontend Engineer React JS,Einfochips,https://www.naukri.com/job-listings-frontend-engineer-react-js-e-infochips-limited-indore-4-to-12-years-160226505299,skipped,experience 4-12 Yrs out of range
2026-07-26,Naukri,Frontend Engineer React JS,Einfochips,https://www.naukri.com/job-listings-frontend-engineer-react-js-e-infochips-limited-ahmedabad-4-to-12-years-160226505298,skipped,experience 4-12 Yrs out of range
2026-07-26,Naukri,Frontend Engineer React JS,Einfochips,https://www.naukri.com/job-listings-frontend-engineer-react-js-e-infochips-limited-vijaynagar-4-to-12-years-160226505297,skipped,experience 4-12 Yrs out of range
2026-07-26,LinkedIn,React Native Developer,ALIANDO,https://www.linkedin.com/jobs/view/4435165292/,skipped,"no Easy Apply — external ATS, skipped"
2026-07-26,LinkedIn,Web Developer,ShrinQ Consulting Group Inc,https://www.linkedin.com/jobs/view/4444015670/,skipped,score 10 below threshold
2026-07-26,LinkedIn,Fullstack Developer | $80/hr Remote,Crossing Hurdles,https://www.linkedin.com/jobs/view/4430895007/,skipped,score 10 below threshold
2026-07-26,LinkedIn,Software Engineer,Digichorus Technologies Pvt Ltd,https://www.linkedin.com/jobs/view/4442591945/,skipped,score 10 below threshold
2026-07-26,LinkedIn,Back End Developer,ZILO,https://www.linkedin.com/jobs/view/4440468434/,skipped,score 10 below threshold
2026-07-26,LinkedIn,React Developer,Data Eminence,https://www.linkedin.com/jobs/view/4442026039/,applied,Easy Apply (score 55)
2026-07-26,LinkedIn,Software Engineer,Brooks Brothers,https://www.linkedin.com/jobs/view/4441857529/,skipped,score 10 below threshold
2026-07-26,LinkedIn,Web Developer,ShrinQ Consulting Group Inc,https://www.linkedin.com/jobs/view/4444015670/,skipped,score 10 below threshold
2026-07-26,LinkedIn,React Native Developer,ALIANDO,https://www.linkedin.com/jobs/view/4435165292/,skipped,"no Easy Apply — external ATS, skipped"
2026-07-26,LinkedIn,Software Engineer | Remote,Crossing Hurdles,https://www.linkedin.com/jobs/view/4441198151/,skipped,score 10 below threshold
2026-07-26,LinkedIn,Software Engineer,Digichorus Technologies Pvt Ltd,https://www.linkedin.com/jobs/view/4442591945/,skipped,score 10 below threshold
2026-07-26,LinkedIn,Mobile Application Developer,Boson Systems,https://www.linkedin.com/jobs/view/4411147217/,skipped,score 10 below threshold
2026-07-26,LinkedIn,Software Engineer,Brooks Brothers,https://www.linkedin.com/jobs/view/4441857529/,skipped,score 10 below threshold
2026-07-26,LinkedIn,Software Engineer,Lavasion,https://www.linkedin.com/jobs/view/4444931746/,skipped,score 10 below threshold
2026-07-26,LinkedIn,React Native Developer,ALIANDO,https://www.linkedin.com/jobs/view/4435165292/,skipped,"no Easy Apply — external ATS, skipped"
2026-07-26,LinkedIn,Web Developer,ShrinQ Consulting Group Inc,https://www.linkedin.com/jobs/view/4444015670/,skipped,score 10 below threshold
2026-07-26,LinkedIn,Fullstack Developer | $80/hr Remote,Crossing Hurdles,https://www.linkedin.com/jobs/view/4430895007/,skipped,score 10 below threshold
2026-07-26,LinkedIn,Back End Developer,ZILO,https://www.linkedin.com/jobs/view/4440468434/,skipped,score 10 below threshold
2026-07-26,LinkedIn,SDE I (Frontend),Navi,https://www.linkedin.com/jobs/view/4437546096/,skipped,score 10 below threshold
2026-07-26,LinkedIn,Software Engineer,Digichorus Technologies Pvt Ltd,https://www.linkedin.com/jobs/view/4442591945/,skipped,score 10 below threshold
2026-07-26,LinkedIn,Web Developer,ShrinQ Consulting Group Inc,https://www.linkedin.com/jobs/view/4444015670/,skipped,score 10 below threshold
2026-07-26,LinkedIn,Back End Developer,ZILO,https://www.linkedin.com/jobs/view/4440468434/,skipped,score 10 below threshold
2026-07-26,LinkedIn,Fullstack Developer | $80/hr Remote,Crossing Hurdles,https://www.linkedin.com/jobs/view/4430895007/,skipped,score 10 below threshold
2026-07-26,LinkedIn,React Native Developer,ALIANDO,https://www.linkedin.com/jobs/view/4435165292/,skipped,"no Easy Apply — external ATS, skipped"
2026-07-26,LinkedIn,Mern Full Stack Developer,Planys Technologies,https://www.linkedin.com/jobs/view/4437977898/,skipped,score 10 below threshold
2026-07-26,LinkedIn,Full Stack Developer,Legal Experts AI,https://www.linkedin.com/jobs/view/4433915695/,skipped,score 10 below threshold
2026-07-26,LinkedIn,Software Engineer,Lavasion,https://www.linkedin.com/jobs/view/4444931746/,skipped,score 10 below threshold
2026-07-26,LinkedIn,Back End Developer,ZILO,https://www.linkedin.com/jobs/view/4440468434/,skipped,score 10 below threshold
2026-07-26,LinkedIn,Web Developer,ShrinQ Consulting Group Inc,https://www.linkedin.com/jobs/view/4444015670/,skipped,score 10 below threshold
2026-07-26,LinkedIn,React Native Developer,ALIANDO,https://www.linkedin.com/jobs/view/4435165292/,skipped,"no Easy Apply — external ATS, skipped"
2026-07-26,LinkedIn,Fullstack Developer | $80/hr Remote,Crossing Hurdles,https://www.linkedin.com/jobs/view/4430895007/,skipped,score 10 below threshold
2026-07-26,LinkedIn,Software Engineer,Lavasion,https://www.linkedin.com/jobs/view/4444931746/,skipped,score 10 below threshold
2026-07-26,LinkedIn,Software Engineer,Digichorus Technologies Pvt Ltd,https://www.linkedin.com/jobs/view/4442591945/,skipped,score 10 below threshold
2026-07-26,LinkedIn,Software Engineer,Brooks Brothers,https://www.linkedin.com/jobs/view/4441857529/,skipped,score 10 below threshold
2026-07-26,Cutshort,Full Stack Developer,Envisioned Strategy and Consulting,https://cutshort.io/job/Full-Stack-Developer-Hyderabad-Envisioned-Strategy-and-Consulting-pnKE3yCo,skipped,score 10 below threshold
2026-07-26,Cutshort,React Native Developer – PHP/LARAVEL,CNV AI Labs Inc,https://cutshort.io/job/React-Native-Developer-PHP-LARAVEL-CNV-AI-Labs-Inc-djtssuLz,failed,no application confirmation on Cutshort
2026-07-26,Cutshort,React Native Developer,GD,https://cutshort.io/job/React-Native-Developer-Ahmedabad-GD-hBNysnI4,failed,no application confirmation on Cutshort
2026-07-26,Cutshort,Full Stack Developer (React Native + Integrations),Zan - Zari Group,https://cutshort.io/job/Full-Stack-Developer-React-Native-Integrations-Zan-Zari-Group-SXhKtmRH,failed,no application confirmation on Cutshort
2026-07-26,Cutshort,UI Engineer,Orenda,https://cutshort.io/job/UI-Engineer-Ahmedabad-Orenda-kF0eBPir,skipped,score 10 below threshold
2026-07-26,Cutshort,Android Developer - I,KnackLabs,https://cutshort.io/job/Android-Developer-I-Bengaluru-Bangalore-KnackLabs-C5bwFIee,skipped,score -100 below threshold
2026-07-26,Cutshort,Full Stack Developer - Senior,SwitchKart,https://cutshort.io/job/Full-Stack-Developer-Senior-Bengaluru-Bangalore-SwitchKart-hrCry4pA,skipped,score -100 below threshold
2026-07-26,Cutshort,SDE Intern - React Native,PGAGI,https://cutshort.io/job/SDE-Intern-React-Native-PGAGI-2ARnMb5d,failed,no application confirmation on Cutshort
2026-07-26,Cutshort,"Mobile Developer (React Native) — 3-Month Contract, Remote",Zan - Zari Group,https://cutshort.io/job/Mobile-Developer-React-Native-3-Month-Contract-Remote-Zan-Zari-Group-yNs3ndxI,failed,no application confirmation on Cutshort
2026-07-26,Cutshort,React Native Developer with PHP Developer(Strong backend Knowledge),httpswwwicloudemscom,https://cutshort.io/job/React-Native-Developer-with-PHP-Developer-Strong-backend-Knowledge-httpswwwicloudemscom-oWDoq49q,failed,no application confirmation on Cutshort
2026-07-26,Cutshort,Lead Product Engineer - Pod Captain,Fountane inc,https://cutshort.io/job/Lead-Product-Engineer-Pod-Captain-Fountane-inc-FjqBhstE,skipped,score -100 below threshold
2026-07-26,Cutshort,Senior Software Development Engineer (Payments) Full-time,ZYSYGY,https://cutshort.io/job/Senior-Software-Development-Engineer-Payments-Full-time-ZYSYGY-Gm6TIiDw,skipped,score -100 below threshold
2026-07-26,Cutshort,Fullstack Developer,,https://cutshort.io/job/Fullstack-Developer-Mumbai-Cutshort-Lightning-hm7QSYFD,skipped,experience 1yr out of range
2026-07-26,Cutshort,Engineering Lead,,https://cutshort.io/job/Engineering-Lead-Mumbai-Cutshort-Lightning-OmazFcWW,skipped,experience 7yrs out of range
2026-07-26,Cutshort,Front end developer,Knobee Social India Private Limited,https://cutshort.io/job/Front-end-developer-Noida-Bengaluru-Bangalore-Knobee-Social-India-Private-Limited-0r0IA5Cq,skipped,score 10 below threshold
2026-07-26,Cutshort,Senior React Native Developer,Procedure,https://cutshort.io/job/Senior-React-Native-Developer-Procedure-5nCabdqM,skipped,score -100 below threshold
2026-07-26,Instahyre,KnackLabs - Software Development Engineer,KnackLabs,https://www.instahyre.com/#job/knacklabs/knacklabs-software-development-engineer,skipped,score 30 below threshold
2026-07-26,Naukri,React Native Developer,Santa Browser,https://www.naukri.com/job-listings-react-native-developer-santa-browser-hyderabad-3-to-5-years-240726507223,skipped,skipped — external ATS (apply on company site)
2026-07-26,Naukri,React Native Developer,Techefficio,https://www.naukri.com/job-listings-react-native-developer-techefficio-hyderabad-3-to-5-years-200726503418,skipped,skipped — external ATS (apply on company site)
2026-07-26,Naukri,React Native Developer,Bigziel,https://www.naukri.com/job-listings-react-native-developer-bigziel-chennai-1-to-3-years-311025501360,skipped,skipped — external ATS (apply on company site)
2026-07-26,Naukri,React Native Developer,Technoadviser Technologies,https://www.naukri.com/job-listings-react-native-developer-technoadviser-technologies-pvt-ltd-hyderabad-1-to-5-years-290526503919,failed,Apply button not found — page buttons  [Jobs2 | Recommended jobs | NVites12 New | Application status129 Updates | Saved jobs | Companies | Explore categories | Unicorn | MNC | Startup]
2026-07-26,Naukri,React Native Developer,Pillersoft Technology,https://www.naukri.com/job-listings-react-native-developer-piller-soft-technology-pune-3-to-7-years-210725500684,skipped,skipped — external ATS (apply on company site)
2026-07-26,Naukri,React Native Developer,Digixpro,https://www.naukri.com/job-listings-react-native-developer-digixpro-bengaluru-1-to-5-years-071125501730,skipped,skipped — external ATS (apply on company site)
2026-07-26,Naukri,React Native Developer,Cloud Counselage,https://www.naukri.com/job-listings-react-native-developer-cloud-counselage-pvt-ltd-chennai-3-to-7-years-301225507873,skipped,skipped — external ATS (apply on company site)
2026-07-26,Naukri,React Native Developer - PHP/MySQL,Loyal String International,https://www.naukri.com/job-listings-react-native-developer-php-mysql-loyal-string-international-pune-2-to-3-years-190620501339,skipped,skipped — external ATS (apply on company site)
2026-07-26,Naukri,React Native Developer,Up Market Research,https://www.naukri.com/job-listings-react-native-developer-up-market-research-pune-3-to-7-years-170424500355,skipped,skipped — external ATS (apply on company site)
2026-07-26,Naukri,React Native developer,Analogue It Solutions,https://www.naukri.com/job-listings-react-native-developer-analogue-it-solutions-mobile-application-development-company-hyderabad-1-to-4-years-150125503399,skipped,skipped — external ATS (apply on company site)
2026-07-26,Naukri,React Native Developer,Quanteon Solutions,https://www.naukri.com/job-listings-react-native-developer-quanteon-llc-hyderabad-3-to-8-years-130226502852,skipped,skipped — external ATS (apply on company site)
2026-07-26,Naukri,React Native Mobile Developer,Tech Stalwart Solution,https://www.naukri.com/job-listings-react-native-mobile-developer-tech-stalwart-solution-private-limited-kolkata-mumbai-new-delhi-hyderabad-pune-chennai-bengaluru-3-to-8-years-090925503642,skipped,skipped — external ATS (apply on company site)
2026-07-26,Naukri,React Native Developers | Hyderabad India,Sowedane,https://www.naukri.com/job-listings-react-native-developers-hyderabad-india-sowedane-hyderabad-3-to-8-years-280526503016,failed,Apply button not found — page buttons  [Jobs2 | Recommended jobs | NVites12 New | Application status129 Updates | Saved jobs | Companies | Explore categories | Unicorn | MNC | Startup]
2026-07-26,Naukri,React Native Developer,Chromosis Technologies,https://www.naukri.com/job-listings-react-native-developer-chromosis-technologies-pvt-ltd-bengaluru-1-to-5-years-260326500675,skipped,skipped — external ATS (apply on company site)
2026-07-26,Naukri,React Native Developer,Apex 2000 INC,https://www.naukri.com/job-listings-react-native-developer-apex-2000-inc-bengaluru-3-to-7-years-210526501004,skipped,skipped — external ATS (apply on company site)
2026-07-26,Naukri,React Native Developer Product,Recrosoft,https://www.naukri.com/job-listings-react-native-developer-product-recrosoft-technologies-pvt-ltd-bengaluru-1-to-4-years-140526503556,failed,Apply button not found — page buttons  [Jobs2 | Recommended jobs | NVites12 New | Application status129 Updates | Saved jobs | Companies | Explore categories | Unicorn | MNC | Startup]
2026-07-26,Naukri,React Native Developer,Sthapatya Software,https://www.naukri.com/job-listings-react-native-developer-sthapatya-software-pvt-ltd-pune-3-to-5-years-311225501089,skipped,skipped — external ATS (apply on company site)
2026-07-26,Naukri,React Native Developer,Webpetal Software,https://www.naukri.com/job-listings-react-native-developer-webpetal-software-pvt-ltd-gurugram-0-to-2-years-311025500174,skipped,skipped — external ATS (apply on company site)
2026-07-26,Naukri,React Native Developer,Medpick,https://www.naukri.com/job-listings-react-native-developer-medpick-bengaluru-1-to-5-years-311025500126,skipped,skipped — external ATS (apply on company site)
2026-07-26,Naukri,Mobile Developer,Akra Tech,https://www.naukri.com/job-listings-mobile-developer-akra-tech-chennai-3-to-8-years-200726503725,skipped,skipped — external ATS (apply on company site)
2026-07-26,Naukri,Mobile Developer,Siri Innovations,https://www.naukri.com/job-listings-mobile-developer-siri-innovations-pvt-ltd-hyderabad-2-to-5-years-210726501582,skipped,score 50 below threshold
2026-07-26,Naukri,"Staff Engineer ,Mobile Developer",Nagarro,https://www.naukri.com/job-listings-staff-engineer-mobile-developer-nagarro-software-pvt-ltd-hyderabad-1-to-3-years-291025502366,skipped,score -100 below threshold
2026-07-26,Naukri,Mobile Developer,Couchbase,https://www.naukri.com/job-listings-mobile-developer-couchbase-inc-bengaluru-1-to-3-years-270625501943,skipped,skipped — external ATS (apply on company site)
2026-07-26,Naukri,Mobile Developer (Japan Posting),Mount Talent Consulting,https://www.naukri.com/job-listings-mobile-developer-japan-posting-value-innovation-labs-hyderabad-bengaluru-delhi-ncr-2-to-5-years-260626000136,skipped,score 50 below threshold
2026-07-26,Naukri,Mobile Developer (Japan Posting),Mount Talent Consulting,https://www.naukri.com/job-listings-mobile-developer-japan-posting-value-innovation-labs-noida-hyderabad-chennai-2-to-6-years-260626000133,skipped,score 50 below threshold
2026-07-26,Naukri,Mobile Developer,Cyces Innovation Labs Llp,https://www.naukri.com/job-listings-mobile-developer-cyces-innovation-labs-llp-chennai-2-to-7-years-290526504570,skipped,skipped — external ATS (apply on company site)
2026-07-26,Naukri,Mobile Developer,Giggs Software Labs,https://www.naukri.com/job-listings-mobile-developer-giggs-software-labs-bengaluru-7-to-12-years-250726015377,skipped,experience 7-12 Yrs out of range
2026-07-26,Naukri,Mobile Developer,rigbot.com,https://www.naukri.com/job-listings-mobile-developer-rigbot-com-hyderabad-0-to-8-years-310817503081,skipped,score 50 below threshold
2026-07-26,Naukri,Mobile Developer - Microsoft Certified,Acuity Software Technologies,https://www.naukri.com/job-listings-mobile-developer-microsoft-certified-acuity-software-technologies-hyderabad-3-to-8-years-240517500889,skipped,score -100 below threshold
2026-07-26,Naukri,AI Agent Reliability Engineer - Mobile Developers,Emergent India,https://www.naukri.com/job-listings-ai-agent-reliability-engineer-mobile-developers-emergent-bengaluru-1-to-5-years-300626500430,skipped,score 50 below threshold
2026-07-26,Naukri,Mobile Developer,BNI,https://www.naukri.com/job-listings-mobile-developer-bni-bengaluru-2-to-3-years-150626503249,skipped,score 50 below threshold
2026-07-26,Naukri,Mobile Developer,Shopdeck,https://www.naukri.com/job-listings-mobile-developer-shopdeck-previously-nushop-bengaluru-2-to-4-years-020626502541,skipped,score 50 below threshold
2026-07-26,Naukri,Mobile Developer,Technerds Solutions,https://www.naukri.com/job-listings-mobile-developer-technerds-solutions-pvt-ltd-chennai-2-to-5-years-301025504772,skipped,score 50 below threshold
2026-07-26,Naukri,Maximo Mobile Developer,Capgemini,https://www.naukri.com/job-listings-maximo-mobile-developer-capgemini-technology-services-india-limited-bengaluru-3-to-7-years-290626928453,skipped,score 50 below threshold
2026-07-26,Naukri,Mobile Developer,Logic Planet,https://www.naukri.com/job-listings-mobile-developer-logicplanet-it-services-hubli-mangaluru-mysuru-bengaluru-belgaum-0-to-5-years-240226505078,skipped,score 50 below threshold
2026-07-26,Naukri,Mobile developer,Technologyport Software India,https://www.naukri.com/job-listings-mobile-developer-technologyport-software-india-pvt-ltd-bengaluru-2-to-4-years-231219501376,skipped,score 50 below threshold
2026-07-26,Naukri,Mobile Developer- Visa,Foray Software,https://www.naukri.com/job-listings-mobile-developer-visa-foray-software-pvt-ltd-bengaluru-3-to-7-years-230824501588,skipped,score 50 below threshold
2026-07-26,Naukri,Mobile Developer,Wingz Technologies,https://www.naukri.com/job-listings-mobile-developer-wingz-technologies-chennai-1-to-4-years-220425500929,skipped,score 50 below threshold
2026-07-26,Naukri,Mobile Developer,Photon,https://www.naukri.com/job-listings-mobile-developer-photon-infotech-p-ltd-chennai-3-to-7-years-191124505967,skipped,score 50 below threshold
2026-07-26,Naukri,Frontend Engineer (React & React Native),Y2Z Travel,https://www.naukri.com/job-listings-frontend-engineer-react-react-native-y2z-travel-bengaluru-1-to-5-years-191224503297,skipped,skipped — external ATS (apply on company site)
2026-07-26,Naukri,Frontend Engineer (React / React Native),Prepairo,https://www.naukri.com/job-listings-frontend-engineer-react-react-native-prepairo-bengaluru-2-to-5-years-010626503686,failed,Apply button not found — page buttons  [Jobs2 | Recommended jobs | NVites12 New | Application status129 Updates | Saved jobs | Companies | Explore categories | Unicorn | MNC | Startup]
2026-07-26,Naukri,"Associate Principal Engineer, Frontend React",Nagarro,https://www.naukri.com/job-listings-associate-principal-engineer-frontend-react-nagarro-software-pvt-ltd-bengaluru-0-to-3-years-291025503104,skipped,score -100 below threshold
2026-07-26,Naukri,React Frontend Engineer,Omniful,https://www.naukri.com/job-listings-react-frontend-engineer-omniful-gurugram-3-to-8-years-200525503513,skipped,skipped — external ATS (apply on company site)
2026-07-26,Naukri,Frontend - Engineer,Varaha Systems,https://www.naukri.com/job-listings-frontend-engineer-varaha-systems-inc-bengaluru-3-to-8-years-140726501769,skipped,skipped — external ATS (apply on company site)
2026-07-26,Naukri,"Engineer, Frontend React",Nagarro,https://www.naukri.com/job-listings-engineer-frontend-react-nagarro-software-pvt-ltd-bengaluru-2-to-7-years-291025501402,skipped,skipped — external ATS (apply on company site)
2026-07-26,Naukri,Frontend Engineer (React),Startappss Systems,https://www.naukri.com/job-listings-frontend-engineer-react-startappss-systems-pvt-ltd-indore-3-to-8-years-230726503784,skipped,skipped — external ATS (apply on company site)
2026-07-26,Naukri,Frontend Engineer ( React / Next . js ),Workforce Next,https://www.naukri.com/job-listings-frontend-engineer-react-next-js-workforce-next-noida-2-to-6-years-140526500224,skipped,skipped — external ATS (apply on company site)
2026-07-26,Naukri,Frontend Engineer (React),Technix India Solutions,https://www.naukri.com/job-listings-frontend-engineer-react-technix-technology-patna-0-to-2-years-101125501751,skipped,skipped — external ATS (apply on company site)
2026-07-26,Naukri,Frontend Engineer (React.js / Next.js),Aqilea,https://www.naukri.com/job-listings-frontend-engineer-react-js-next-js-aqilea-formerly-soltia-bengaluru-5-to-9-years-150726500749,skipped,experience 5-9 Yrs out of range
2026-07-26,Naukri,Frontend Engineer,Vowels Of The People Association,https://www.naukri.com/job-listings-frontend-engineer-vopa-pune-3-to-5-years-200726504194,skipped,score 30 below threshold
2026-07-26,Naukri,Frontend Engineer,Apex 2000,https://www.naukri.com/job-listings-frontend-engineer-apex-2000-inc-pune-3-to-7-years-290626503315,skipped,score 10 below threshold
2026-07-26,Naukri,Front end Engineer,Diverse Lynx,https://www.naukri.com/job-listings-front-end-engineer-diverse-lynx-bengaluru-1-to-5-years-230626501437,skipped,skipped — external ATS (apply on company site)
2026-07-26,Naukri,Frontend Engineer - React js,Cloud Nautical Solutions India,https://www.naukri.com/job-listings-frontend-engineer-react-js-cloud-nautical-solutions-india-private-limited-thiruvananthapuram-5-to-10-years-240726503467,skipped,experience 5-10 Yrs out of range
2026-07-26,Naukri,React Frontend Engineer,Leading Client,https://www.naukri.com/job-listings-react-frontend-engineer-contactx-resource-management-pvt-ltd-bengaluru-7-to-10-years-170726918079,skipped,experience 7-10 Yrs out of range
2026-07-26,Naukri,Frontend Engineer,Diverse Lynx,https://www.naukri.com/job-listings-frontend-engineer-diverse-lynx-bengaluru-2-to-6-years-080825500478,skipped,score 30 below threshold
2026-07-26,Naukri,Front End UI Engineer,Ascendion Engineering,https://www.naukri.com/job-listings-front-end-ui-engineer-ascendion-engineering-bengaluru-7-to-12-years-140726018965,skipped,experience 7-12 Yrs out of range
2026-07-26,Naukri,Frontend Engineer React JS,Einfochips,https://www.naukri.com/job-listings-frontend-engineer-react-js-e-infochips-limited-indore-4-to-12-years-160226505299,skipped,experience 4-12 Yrs out of range
2026-07-26,Naukri,Frontend Engineer React JS,Einfochips,https://www.naukri.com/job-listings-frontend-engineer-react-js-e-infochips-limited-ahmedabad-4-to-12-years-160226505298,skipped,experience 4-12 Yrs out of range
2026-07-26,Naukri,Frontend Engineer React JS,Einfochips,https://www.naukri.com/job-listings-frontend-engineer-react-js-e-infochips-limited-vijaynagar-4-to-12-years-160226505297,skipped,experience 4-12 Yrs out of range
2026-07-26,Naukri,Full Stack Developer (React + Node),Kleistech,https://www.naukri.com/job-listings-full-stack-developer-react-node-kleistech-pune-2-to-7-years-170726504546,skipped,skipped — external ATS (apply on company site)
2026-07-26,Naukri,Full Stack Developer (React & Node JD),Vertiscript Global It Services,https://www.naukri.com/job-listings-full-stack-developer-react-node-jd-vertiscript-global-it-solution-hyderabad-3-to-6-years-031225502948,skipped,skipped — external ATS (apply on company site)
2026-07-26,Naukri,React + Node - Full Stack Developer,Paltech Consulting,https://www.naukri.com/job-listings-react-node-full-stack-developer-paltech-consulting-hyderabad-3-to-6-years-070726027633,failed,No apply confirmation detected
2026-07-26,Naukri,Full Stack Developer React + Node,Quanteon Solutions,https://www.naukri.com/job-listings-full-stack-developer-react-node-quanteon-llc-hyderabad-3-to-8-years-130226502853,skipped,skipped — external ATS (apply on company site)
2026-07-26,Naukri,React & Node Full stack Developer,PAL It Tech,https://www.naukri.com/job-listings-react-node-full-stack-developer-pal-it-tech-pvt-ltd-hyderabad-3-to-5-years-090726502862,skipped,skipped — external ATS (apply on company site)
2026-07-26,Naukri,Fullstack Developer(Immediate Joiners only Apply,Empover,https://www.naukri.com/job-listings-fullstack-developer-immediate-joiners-only-apply-empover-hyderabad-3-to-5-years-210726018410,failed,No apply confirmation detected
2026-07-26,Naukri,Fullstack Developer (NodeJS + React),Ixigo,https://www.naukri.com/job-listings-fullstack-developer-nodejs-react-ixigo-gurugram-3-to-8-years-200726505767,skipped,skipped — external ATS (apply on company site)
2026-07-26,Naukri,Fullstack Developer,Deloitte Shared Services India,https://www.naukri.com/job-listings-fullstack-developer-deloitte-shared-services-india-bengaluru-2-to-6-years-120626008685,failed,Apply button not found — page buttons  [Jobs2 | Recommended jobs | NVites12 New | Application status129 Updates | Saved jobs | Companies | Explore categories | Unicorn | MNC | Startup]
2026-07-26,Naukri,Fullstack Developer,Careait Health Services,https://www.naukri.com/job-listings-fullstack-developer-careait-health-services-bengaluru-0-to-3-years-010726028673,failed,No apply confirmation detected
2026-07-26,Naukri,Full Stack Developer,Leading Client,https://www.naukri.com/job-listings-full-stack-developer-rimpac-hr-services-llp-pune-bengaluru-2-to-6-years-230726933909,skipped,score -100 below threshold
2026-07-26,Naukri,Fullstack Developer,99yellow,https://www.naukri.com/job-listings-fullstack-developer-99yellow-gurugram-3-to-5-years-220726030478,skipped,score -100 below threshold
2026-07-26,Naukri,Full Stack Developer (React with Node),Programming.Com,https://www.naukri.com/job-listings-full-stack-developer-react-with-node-programming-com-bengaluru-2-to-6-years-121224501301,skipped,skipped — external ATS (apply on company site)
2026-07-26,Naukri,Fullstack Developer,MNC,https://www.naukri.com/job-listings-fullstack-developer-tele-infotech-pimpri-chinchwad-pune-0-to-2-years-210726034817,skipped,score 30 below threshold
2026-07-26,Naukri,Gen AI - Full Stack Developer,Intelizign Lifecycle Services,https://www.naukri.com/job-listings-gen-ai-full-stack-developer-intelizign-lifecycle-services-chennai-3-to-6-years-150726015903,failed,No apply confirmation detected
2026-07-26,Naukri,Fullstack Developer,IFOX CLICKS LLP,https://www.naukri.com/job-listings-fullstack-developer-ifox-clicks-llp-chennai-1-to-3-years-170726030398,failed,No apply confirmation detected
2026-07-26,Naukri,Fullstack Developer,Josh Software,https://www.naukri.com/job-listings-fullstack-developer-josh-software-pvt-ltd-pune-3-to-5-years-150726931620,skipped,score 30 below threshold
2026-07-26,Naukri,Forward Deployed  Engineer- Full stack Developer,Current India,https://www.naukri.com/job-listings-forward-deployed-engineer-full-stack-developer-current-india-hyderabad-3-to-7-years-130726027739,failed,No apply confirmation detected
2026-07-26,Naukri,Fullstack Developer,Wagons Learning,https://www.naukri.com/job-listings-fullstack-developer-wagons-learning-pune-3-to-4-years-200625013404,applied,auto-applied (score 55)
2026-07-26,Naukri,Full Stack Developer,Zonolith Technologies,https://www.naukri.com/job-listings-full-stack-developer-zonolith-technologies-bengaluru-2-to-7-years-170726503047,skipped,skipped — external ATS (apply on company site)
2026-07-26,Naukri,Fullstack Developer,Tata Technologies,https://www.naukri.com/job-listings-fullstack-developer-tata-technologies-pune-2-to-5-years-140726022134,skipped,score -100 below threshold
2026-07-26,LinkedIn,React Native Developer,ALIANDO,https://www.linkedin.com/jobs/view/4435165292/,skipped,"no Easy Apply — external ATS, skipped"
2026-07-26,LinkedIn,Web Developer,ShrinQ Consulting Group Inc,https://www.linkedin.com/jobs/view/4444015670/,skipped,score 10 below threshold
2026-07-26,LinkedIn,Fullstack Developer | $80/hr Remote,Crossing Hurdles,https://www.linkedin.com/jobs/view/4430895007/,skipped,score 10 below threshold
2026-07-26,LinkedIn,Senior React Native Developer,Kosh,https://www.linkedin.com/jobs/view/4442609135/,skipped,score -100 below threshold
2026-07-26,LinkedIn,Software Engineer,Digichorus Technologies Pvt Ltd,https://www.linkedin.com/jobs/view/4442591945/,skipped,score 10 below threshold
2026-07-26,LinkedIn,Software Engineer,Brooks Brothers,https://www.linkedin.com/jobs/view/4441857529/,skipped,score 10 below threshold
2026-07-26,LinkedIn,SDE I (Frontend),Navi,https://www.linkedin.com/jobs/view/4437546096/,skipped,score 10 below threshold
2026-07-26,LinkedIn,Web Developer,ShrinQ Consulting Group Inc,https://www.linkedin.com/jobs/view/4444015670/,skipped,score 10 below threshold
2026-07-26,LinkedIn,React Native Developer,ALIANDO,https://www.linkedin.com/jobs/view/4435165292/,skipped,"no Easy Apply — external ATS, skipped"
2026-07-26,LinkedIn,Software Engineer | Remote,Crossing Hurdles,https://www.linkedin.com/jobs/view/4441198151/,skipped,score 10 below threshold
2026-07-26,LinkedIn,Software Engineer,Digichorus Technologies Pvt Ltd,https://www.linkedin.com/jobs/view/4442591945/,skipped,score 10 below threshold
2026-07-26,LinkedIn,Software Engineer,Brooks Brothers,https://www.linkedin.com/jobs/view/4441857529/,skipped,score 10 below threshold
2026-07-26,LinkedIn,SDE I (Frontend),Navi,https://www.linkedin.com/jobs/view/4437546096/,skipped,score 10 below threshold
2026-07-26,LinkedIn,Web Developer,NR Consulting,https://www.linkedin.com/jobs/view/4440168638/,skipped,score 10 below threshold
2026-07-26,LinkedIn,React Native Developer,ALIANDO,https://www.linkedin.com/jobs/view/4435165292/,skipped,"no Easy Apply — external ATS, skipped"
2026-07-26,LinkedIn,Web Developer,ShrinQ Consulting Group Inc,https://www.linkedin.com/jobs/view/4444015670/,skipped,score 10 below threshold
2026-07-26,LinkedIn,Fullstack Developer | $80/hr Remote,Crossing Hurdles,https://www.linkedin.com/jobs/view/4430895007/,skipped,score 10 below threshold
2026-07-26,LinkedIn,SDE I (Frontend),Navi,https://www.linkedin.com/jobs/view/4437546096/,skipped,score 10 below threshold
2026-07-26,LinkedIn,Software Engineer,Digichorus Technologies Pvt Ltd,https://www.linkedin.com/jobs/view/4442591945/,skipped,score 10 below threshold
2026-07-26,LinkedIn,Software Engineer,Brooks Brothers,https://www.linkedin.com/jobs/view/4441857529/,skipped,score 10 below threshold
2026-07-26,LinkedIn,Web Developer,ShrinQ Consulting Group Inc,https://www.linkedin.com/jobs/view/4444015670/,skipped,score 10 below threshold
2026-07-26,LinkedIn,Fullstack Developer | $80/hr Remote,Crossing Hurdles,https://www.linkedin.com/jobs/view/4430895007/,skipped,score 10 below threshold
2026-07-26,LinkedIn,React Native Developer,ALIANDO,https://www.linkedin.com/jobs/view/4435165292/,skipped,"no Easy Apply — external ATS, skipped"
2026-07-26,LinkedIn,Mern Full Stack Developer,Planys Technologies,https://www.linkedin.com/jobs/view/4437977898/,skipped,score 10 below threshold
2026-07-26,LinkedIn,Full Stack Developer,Legal Experts AI,https://www.linkedin.com/jobs/view/4433915695/,skipped,score 10 below threshold
2026-07-26,LinkedIn,Software Engineer,Brooks Brothers,https://www.linkedin.com/jobs/view/4441857529/,skipped,score 10 below threshold
2026-07-26,LinkedIn,UI Developer,Data Eminence,https://www.linkedin.com/jobs/view/4444691169/,skipped,score 10 below threshold
2026-07-26,LinkedIn,Web Developer,ShrinQ Consulting Group Inc,https://www.linkedin.com/jobs/view/4444015670/,skipped,score 10 below threshold
2026-07-26,LinkedIn,React Native Developer,ALIANDO,https://www.linkedin.com/jobs/view/4435165292/,skipped,"no Easy Apply — external ATS, skipped"
2026-07-26,LinkedIn,Fullstack Developer | $80/hr Remote,Crossing Hurdles,https://www.linkedin.com/jobs/view/4430895007/,skipped,score 10 below threshold
2026-07-26,LinkedIn,Software Engineer,Brooks Brothers,https://www.linkedin.com/jobs/view/4441857529/,skipped,score 10 below threshold
2026-07-26,LinkedIn,Mern Full Stack Developer,Planys Technologies,https://www.linkedin.com/jobs/view/4437977898/,skipped,score 10 below threshold
2026-07-26,LinkedIn,SDE I (Frontend),Navi,https://www.linkedin.com/jobs/view/4437546096/,skipped,score 10 below threshold
2026-07-26,LinkedIn,Web Developer,NR Consulting,https://www.linkedin.com/jobs/view/4440168638/,skipped,score 10 below threshold
2026-07-26,Wellfound,React Native Developer,HyprForge,https://wellfound.com/jobs/3930379,skipped,no Easy Apply / Apply Now — external or missing apply
2026-07-26,Wellfound,React Native Developer,Kraftbase,https://wellfound.com/jobs/3235840,skipped,no Easy Apply / Apply Now — external or missing apply
2026-07-26,Cutshort,Full Stack Developer,Envisioned Strategy and Consulting,https://cutshort.io/job/Full-Stack-Developer-Hyderabad-Envisioned-Strategy-and-Consulting-pnKE3yCo,skipped,score 10 below threshold
2026-07-26,Cutshort,React Native Developer – PHP/LARAVEL,CNV AI Labs Inc,https://cutshort.io/job/React-Native-Developer-PHP-LARAVEL-CNV-AI-Labs-Inc-djtssuLz,failed,no application confirmation on Cutshort
2026-07-26,Cutshort,React Native Developer,GD,https://cutshort.io/job/React-Native-Developer-Ahmedabad-GD-hBNysnI4,failed,no application confirmation on Cutshort
2026-07-26,Cutshort,Full Stack Developer (React Native + Integrations),Zan - Zari Group,https://cutshort.io/job/Full-Stack-Developer-React-Native-Integrations-Zan-Zari-Group-SXhKtmRH,failed,no application confirmation on Cutshort
2026-07-26,Cutshort,UI Engineer,Orenda,https://cutshort.io/job/UI-Engineer-Ahmedabad-Orenda-kF0eBPir,skipped,score 10 below threshold
2026-07-26,Cutshort,Android Developer - I,KnackLabs,https://cutshort.io/job/Android-Developer-I-Bengaluru-Bangalore-KnackLabs-C5bwFIee,skipped,score -100 below threshold
2026-07-26,Cutshort,Full Stack Developer - Senior,SwitchKart,https://cutshort.io/job/Full-Stack-Developer-Senior-Bengaluru-Bangalore-SwitchKart-hrCry4pA,skipped,score -100 below threshold
2026-07-26,Cutshort,SDE Intern - React Native,PGAGI,https://cutshort.io/job/SDE-Intern-React-Native-PGAGI-2ARnMb5d,failed,no application confirmation on Cutshort
2026-07-26,Cutshort,"Mobile Developer (React Native) — 3-Month Contract, Remote",Zan - Zari Group,https://cutshort.io/job/Mobile-Developer-React-Native-3-Month-Contract-Remote-Zan-Zari-Group-yNs3ndxI,failed,no application confirmation on Cutshort
2026-07-26,Cutshort,React Native Developer with PHP Developer(Strong backend Knowledge),httpswwwicloudemscom,https://cutshort.io/job/React-Native-Developer-with-PHP-Developer-Strong-backend-Knowledge-httpswwwicloudemscom-oWDoq49q,failed,no application confirmation on Cutshort
2026-07-26,Cutshort,Lead Product Engineer - Pod Captain,Fountane inc,https://cutshort.io/job/Lead-Product-Engineer-Pod-Captain-Fountane-inc-FjqBhstE,skipped,score -100 below threshold
2026-07-26,Cutshort,Senior Software Development Engineer (Payments) Full-time,ZYSYGY,https://cutshort.io/job/Senior-Software-Development-Engineer-Payments-Full-time-ZYSYGY-Gm6TIiDw,skipped,score -100 below threshold
2026-07-26,Cutshort,Fullstack Developer,,https://cutshort.io/job/Fullstack-Developer-Mumbai-Cutshort-Lightning-hm7QSYFD,skipped,experience 1yr out of range
2026-07-26,Cutshort,Engineering Lead,,https://cutshort.io/job/Engineering-Lead-Mumbai-Cutshort-Lightning-OmazFcWW,skipped,experience 7yrs out of range
2026-07-26,Cutshort,Front end developer,Knobee Social India Private Limited,https://cutshort.io/job/Front-end-developer-Noida-Bengaluru-Bangalore-Knobee-Social-India-Private-Limited-0r0IA5Cq,skipped,score 10 below threshold
2026-07-26,Cutshort,Senior React Native Developer,Procedure,https://cutshort.io/job/Senior-React-Native-Developer-Procedure-5nCabdqM,skipped,score -100 below threshold
2026-07-26,Cutshort,React Native Intern,PGAGI,https://cutshort.io/job/React-Native-Intern-Bengaluru-Bangalore-PGAGI-FzasCXYn,failed,no application confirmation on Cutshort
2026-07-26,Cutshort,Mobile App Developer- Intern,Aaizel International Technologies Pvt Ltd,https://cutshort.io/job/Mobile-App-Developer-Intern-Gurugram-Aaizel-International-Technologies-Pvt-Ltd-pCDGS1PB,skipped,score 50 below threshold
2026-07-26,Cutshort,React Native SDE 3,NeoGenCode Technologies Pvt Ltd,https://cutshort.io/job/React-Native-SDE-3-Bengaluru-Bangalore-NeoGenCode-Technologies-Pvt-Ltd-Dfn6pWZy,skipped,score -100 below threshold
2026-07-26,Cutshort,PHP Developer,CNV AI Labs Inc,https://cutshort.io/job/PHP-Developer-CNV-AI-Labs-Inc-aXdDCEUE,skipped,score 10 below threshold
2026-07-26,Cutshort,Senior Product Engineer - Mobile Developer (L3),Fountane inc,https://cutshort.io/job/Senior-Product-Engineer-Mobile-Developer-L3-Fountane-inc-oyJaddR8,skipped,score -100 below threshold
2026-07-26,Cutshort,Staff Mobile Application Developer,RockED,https://cutshort.io/job/Staff-Mobile-Application-Developer-Bengaluru-Bangalore-RockED-8fPkLTUb,skipped,score -100 below threshold
2026-07-26,Cutshort,Lead Mobile Engineer – Android & iOS,,https://cutshort.io/job/Lead-Mobile-Engineer-Android-iOS-Hyderabad-Recruiting-Bond-SGHz97wJ,skipped,experience 5 - 8 yrs out of range
2026-07-26,Cutshort,Senior Backend Developer,Master-O,https://cutshort.io/job/Senior-Backend-Developer-Gurugram-Master-O-ax0pS75g,skipped,score -100 below threshold
2026-07-26,Cutshort,React Native,1HResource Solutions,https://cutshort.io/job/React-Native-Bengaluru-Bangalore-1HResource-Solutions-lpZLOYSw,failed,no application confirmation on Cutshort
2026-07-26,Cutshort,Mobile Application Lead (React Native),Amura Health,https://cutshort.io/job/Mobile-Application-Lead-React-Native-Chennai-Amura-Health-aK3qiR1w,skipped,score -100 below threshold
2026-07-26,Cutshort,Android Developer,Aaizel International Technologies Pvt Ltd,https://cutshort.io/job/Android-Developer-Gurugram-Aaizel-International-Technologies-Pvt-Ltd-XMggixxl,skipped,score -100 below threshold
2026-07-26,Cutshort,Software Development Engineer – Mobile / Full-Stack,PGAGI,https://cutshort.io/job/Software-Development-Engineer-Mobile-Full-Stack-Bengaluru-Bangalore-PGAGI-P5ZXCB6o,skipped,score 10 below threshold
2026-07-26,Cutshort,Job Description – React Native Full Stack Developer,TopGrep Tech Private Limited,https://cutshort.io/job/Job-Description-React-Native-Full-Stack-Developer-Bengaluru-Bangalore-TopGrep-Tech-Private-Limited-b56hFu6d,failed,no application confirmation on Cutshort
2026-07-26,Cutshort,Lead Frontend Engineer - React.js (4-6 years),Trendlyne Technologies,https://cutshort.io/job/Lead-Frontend-Engineer-React-js-4-6-years-Bengaluru-Bangalore-Trendlyne-Technologies-buBrp8Tq,skipped,score -100 below threshold
2026-07-26,Cutshort,Senior React Native Developer,Big Rattle Technologies,https://cutshort.io/job/Senior-React-Native-Developer-Big-Rattle-Technologies-QWXg5Be3,skipped,score -100 below threshold
2026-07-26,Cutshort,Software Engineer,ReThink,https://cutshort.io/job/Software-Engineer-ReThink-thbQzSYt,skipped,score 10 below threshold
2026-07-26,Cutshort,Backend- Developer,WorldRef Technologies,https://cutshort.io/job/Backend-Developer-Noida-63-WorldRef-Technologies-RIwYbka0,skipped,score 10 below threshold
2026-07-26,Cutshort,React Native Developer,Qurilo Technologies LLC,https://cutshort.io/job/React-Native-Developer-Delhi-Gurugram-Noida-Ghaziabad-Faridabad-Qurilo-Technologies-LLC-D1WcobZs,failed,no application confirmation on Cutshort
2026-07-26,Cutshort,Full Stack Developer,Ekostay LLP,https://cutshort.io/job/Full-Stack-Developer-Mumbai-worli-Ekostay-LLP-awSu8gP7,skipped,score 10 below threshold
2026-07-26,Cutshort,React JS/ React Native Developer,Hunarstreet Technologies Pvt Ltd,https://cutshort.io/job/React-JS-React-Native-Developer-Pune-Hunarstreet-Technologies-Pvt-Ltd-EfDtNOIc,failed,no application confirmation on Cutshort
2026-07-26,Cutshort,React Native Engineer | 4+ yrs | Bangalore,sketch brahma,https://cutshort.io/job/React-Native-Engineer-4-yrs-Bangalore-Bengaluru-Bangalore-Hyderabad-Noida-1HResource-Solutions-QpmxoBBb,skipped,experience 4+ yrs out of range
2026-07-26,Cutshort,Senior Full Stack Developer,Gofar Corporate Private Limited,https://cutshort.io/job/Senior-Full-Stack-Developer-Chennai-Gofar-Corporate-Private-Limited-orEtA5sD,skipped,score -100 below threshold
2026-07-26,Cutshort,React Native Developer,Jio Tesseract,https://cutshort.io/job/React-Native-Developer-Navi-Mumbai-Jio-Tesseract-uDTIXZox,failed,no application confirmation on Cutshort
2026-07-26,Cutshort,Consultant-Enterprise Application Developer,VTT Mobility Private Limited,https://cutshort.io/job/Consultant-Enterprise-Application-Developer-Bengaluru-Bangalore-VTT-Mobility-Private-Limited-0Ew5FX8I,skipped,score 10 below threshold
2026-07-26,Cutshort,FULL STACK DEVELOPER,,https://cutshort.io/job/FULL-STACK-DEVELOPER-Bengaluru-Bangalore-Peak-Hire-Solutions-Lf5o0MXW,skipped,score -100 below threshold
2026-07-26,Cutshort,Full Stack Developer,NeoGenCode Technologies Pvt Ltd,https://cutshort.io/job/Full-Stack-Developer-NeoGenCode-Technologies-Pvt-Ltd-eOk7yFQj,skipped,score 10 below threshold
2026-07-26,Cutshort,Software Developer,CNV Labs India Pvt Ltd iCloudEMS,https://cutshort.io/job/Software-Developer-CNV-Labs-India-Pvt-Ltd-iCloudEMS-PCC5XQUa,skipped,score 10 below threshold
2026-07-26,Cutshort,Node.js Developer (React Native),CNV Labs India Pvt Ltd iCloudEMS,https://cutshort.io/job/Node-js-Developer-React-Native-CNV-Labs-India-Pvt-Ltd-iCloudEMS-XnijIU1R,failed,no application confirmation on Cutshort
2026-07-26,Cutshort,React Native Developer,Wissen Technology,https://cutshort.io/job/React-Native-Developer-Bengaluru-Bangalore-Wissen-Technology-KuTiRX07,failed,no application confirmation on Cutshort
2026-07-26,Cutshort,React Native Developer,Deqode,https://cutshort.io/job/React-Native-Developer-Pune-Bhopal-Jaipur-Gurugram-Delhi-Bengaluru-Bangalore-Chennai-Deqode-O4C6m2sf,failed,no application confirmation on Cutshort
2026-07-26,Cutshort,Full Stack Engineer,TECHNAVITAS INFO INDIA PVT LTD,https://cutshort.io/job/Full-Stack-Engineer-Hyderabad-TECHNAVITAS-INFO-INDIA-PVT-LTD-KscgR23j,skipped,score 10 below threshold
2026-07-26,Cutshort,"Lead II-Software Engineering- React Native, Mobile App Architecture",,https://cutshort.io/job/Lead-II-Software-Engineering-React-Native-Mobile-App-Architecture-Mumbai-Peak-Hire-Solutions-9hNco541,skipped,experience 7 - 9 yrs out of range
2026-07-26,Cutshort,Full Stack Developer (Remote - Support Role),NeoGenCode Technologies Pvt Ltd,https://cutshort.io/job/Full-Stack-Developer-Remote-Support-Role-NeoGenCode-Technologies-Pvt-Ltd-RQcDaOWX,skipped,score 10 below threshold
2026-07-26,Cutshort,Senior Mobile App Developer (Android & iOS),Impacto Digifin Technologies,https://cutshort.io/job/Senior-Mobile-App-Developer-Android-iOS-BROOKFEILD-Impacto-Digifin-Technologies--xHkJTFL7,skipped,score -100 below threshold
2026-07-26,Cutshort,UI Engineer,geniSIGHTS Pvt Ltd,https://cutshort.io/job/UI-Engineer-Chennai-geniSIGHTS-Pvt-Ltd-6rOtlTTw,skipped,score 10 below threshold
2026-07-26,Cutshort,React Native Developer,GD,https://cutshort.io/job/React-Native-Developer-Ahmedabad-GD-hBNysnI4,failed,no application confirmation on Cutshort
2026-07-26,Cutshort,Frontend Developer(React JS),TechnoRishi Consulting Pvt Ltd,https://cutshort.io/job/Frontend-Developer-React-JS-Bengaluru-Bangalore-TechnoRishi-Consulting-Pvt-Ltd-Ks7J7H9d,failed,no application confirmation on Cutshort
2026-07-26,Cutshort,UI Engineer,Orenda,https://cutshort.io/job/UI-Engineer-Ahmedabad-Orenda-kF0eBPir,skipped,score 10 below threshold
2026-07-26,Cutshort,Three js web developer,Valerie Group,https://cutshort.io/job/Three-js-web-developer-Valerie-Group-5acGKnC6,skipped,score 10 below threshold
2026-07-26,Cutshort,SDE Internship (Next Js),PGAGI,https://cutshort.io/job/SDE-Internship-Next-Js-PGAGI-y4NMladl,skipped,score 10 below threshold
2026-07-26,Cutshort,SDE Intern - React Native,PGAGI,https://cutshort.io/job/SDE-Intern-React-Native-PGAGI-2ARnMb5d,failed,no application confirmation on Cutshort
2026-07-26,Cutshort,Frontend UI Developer (React),CK-12 Foundation,https://cutshort.io/job/Frontend-UI-Developer-React-Bengaluru-Bangalore-CK-12-Foundation-UzNAjhAB,failed,no application confirmation on Cutshort
2026-07-26,Cutshort,Web Developer,Event Management,https://cutshort.io/job/Web-Developer-Mumbai-Hunarstreet-Technologies-Pvt-Ltd-NLFAn22x,skipped,score 10 below threshold
2026-07-26,Cutshort,Web Developer - Goregaon - Onsite,Hunarstreet Technologies Pvt Ltd,https://cutshort.io/job/Web-Developer-Goregaon-Onsite-Mumbai-Hunarstreet-Technologies-Pvt-Ltd-nRzNwsoK,skipped,score 10 below threshold
2026-07-26,Cutshort,Flutter Developer,Koladiya Indusrties,https://cutshort.io/job/Flutter-Developer-Surat-Koladiya-Indusrties-pn3ZFHiF,skipped,score 10 below threshold
2026-07-26,Cutshort,React.js Developer,Iitil,https://cutshort.io/job/React-js-Developer-Iitil-SOuTlB1e,failed,no application confirmation on Cutshort
2026-07-26,Cutshort,Angular Developer - Contract-Based - Mumbai,Wama Technology,https://cutshort.io/job/Angular-Developer-Contract-Based-Mumbai-Andheri-Mumbai-Thane-Navi-Mumbai-Wama-Technology-B1m0nUoG,skipped,score 10 below threshold
2026-07-26,Cutshort,Senior Front End,Altinvest Online Platform Pvt Ltd,https://cutshort.io/job/Senior-Front-End-Bengaluru-Bangalore-Altinvest-Online-Platform-Pvt-Ltd-CZTOOkIR,skipped,score -100 below threshold
2026-07-26,Cutshort,Frontend Developer,Timble Technologies,https://cutshort.io/job/Frontend-Developer-Delhi-Gurugram-Noida-Ghaziabad-Faridabad-Timble-Technologies-nSyatns6,skipped,score 10 below threshold
2026-07-26,Cutshort,Frontend Developer intern,MotionGility,https://cutshort.io/job/Frontend-Developer-intern-Indore-MotionGility-obamFnQx,skipped,score 10 below threshold
2026-07-26,Cutshort,Angular Developer,Wissen Technology,https://cutshort.io/job/Angular-Developer-Mumbai-Wissen-Technology-a4nmwrwB,skipped,score 10 below threshold
2026-07-26,Cutshort,Frontend Engineer,Unico Connect Private Limited,https://cutshort.io/job/Frontend-Engineer-Mumbai-Unico-Connect-Private-Limited-L8z41XrU,skipped,score 10 below threshold
2026-07-26,Cutshort,Angular Developer,Wissen Technology,https://cutshort.io/job/Angular-Developer-Mumbai-Wissen-Technology-iJCRYaHK,skipped,score 10 below threshold
2026-07-26,Cutshort,SDE 3 (Frontend),MediBuddy,https://cutshort.io/job/SDE-3-Frontend-Bengaluru-Bangalore-Indore-MediBuddy-nQkmf3q1,skipped,score -100 below threshold
2026-07-26,Cutshort,Teamcenter Developer,TCS,https://cutshort.io/job/Teamcenter-Developer-Bengaluru-Bangalore-Chennai-Hyderabad-Pune-Kolkata-Delhi-Gurugram-Noida-Ghaziabad-Faridabad-HR-Remedy-India-9Jpt7ojn,skipped,score 10 below threshold
2026-07-26,Cutshort,Lead Frontend Engineer/Architect,Shorthills AI,https://cutshort.io/job/Lead-Frontend-Engineer-Architect-Shorthills-AI-fJLgaR9E,skipped,score -100 below threshold
2026-07-26,Cutshort,Software developer Engineer -React,myGate.in,https://cutshort.io/job/Software-developer-Engineer-React-Bengaluru-Bangalore-myGate-in-cjEORTJh,failed,no application confirmation on Cutshort
2026-07-26,Cutshort,AI/ML,Webkul Software PvtLtd,https://cutshort.io/job/AI-ML-Noida-Webkul-Software-PvtLtd-GQqwzc3t,skipped,score 10 below threshold
2026-07-26,Cutshort,Senior/ Lead Frontend Developer - React.js Framework,Trendlyne Technologies,https://cutshort.io/job/Senior-Lead-Frontend-Developer-React-js-Framework-Bengaluru-Bangalore-Trendlyne-Technologies-ESOoCDTp,skipped,score -100 below threshold
2026-07-26,Cutshort,Frontend Developer (React & Expo),Moolya Software Testing Private Limited,https://cutshort.io/job/Frontend-Developer-React-Expo-Bengaluru-Bangalore-Moolya-Software-Testing-Private-Limited-yFelpzca,failed,no application confirmation on Cutshort
2026-07-26,Cutshort,Web Designer,Royal IT Park Services,https://cutshort.io/job/Web-Designer-Hyderabad-Royal-IT-Park-Services-1MC9hOgi,skipped,score 10 below threshold
2026-07-26,Cutshort,VueJS Developer,,https://cutshort.io/job/VueJS-Developer-Chennai-Codemind-Staffing-Solutions-Fsun1BTe,skipped,experience 5 - 10 yrs out of range
2026-07-26,Cutshort,Angular Developer,Wissen Technology,https://cutshort.io/job/Angular-Developer-Bengaluru-Bangalore-Wissen-Technology-TYKQaCEx,skipped,score 10 below threshold
2026-07-26,Cutshort,Software Engineer - Front End,Cglia Solutions LLP,https://cutshort.io/job/Software-Engineer-Front-End-Hyderabad-Cglia-Solutions-LLP--8YcgwsdS,skipped,score 10 below threshold
2026-07-26,Cutshort,JAVA DEVELOPER,Staffnixcom,https://cutshort.io/job/JAVA-DEVELOPER-Staffnixcom-WKkUW9yn,skipped,score -100 below threshold
2026-07-26,Cutshort,Frontend Developer Intern (Next.js),Rupeestop LLP,https://cutshort.io/job/Frontend-Developer-Intern-Next-js-Jaipur-Rupeestop-LLP-3dcLMi4y,skipped,score 10 below threshold
2026-07-26,Cutshort,PLC programmer,Next Kraft Parking Technologies,https://cutshort.io/job/PLC-programmer-Mumbai-Next-Kraft-Parking-Technologies-UhGT74Wd,skipped,score 10 below threshold
2026-07-26,Cutshort,Wordpress Developer,Arcitech,https://cutshort.io/job/Wordpress-Developer-Navi-Mumbai-Arcitech-4cKngDl4,skipped,score 10 below threshold
2026-07-26,Cutshort,UI/UX Engineer,Timble Technologies,https://cutshort.io/job/UI-UX-Engineer-Delhi-Gurugram-Noida-Timble-Technologies-h2lojjgt,skipped,score 10 below threshold
2026-07-26,Cutshort,UI Engineering Lead,MeltPlan,https://cutshort.io/job/UI-Engineering-Lead-Bengaluru-Bangalore-MeltPlan-rHeZo5br,skipped,score -100 below threshold
2026-07-26,Cutshort,Jr React Developer,1HResource Solutions,https://cutshort.io/job/Jr-React-Developer-Bengaluru-Bangalore-1HResource-Solutions-zaYl2eGn,failed,no application confirmation on Cutshort
2026-07-26,Cutshort,Staff Frontend Engineer - AI Agents (React + AI Coding Tools),,https://cutshort.io/job/Staff-Frontend-Engineer-AI-Agents-React-AI-Coding-Tools-Recruiting-Bond-lWiesefg,skipped,experience 7 - 10 yrs out of range
2026-07-26,Cutshort,Assistant Manager | Angular Developer - 1 year Contract,Hunarstreet Technologies Pvt Ltd,https://cutshort.io/job/Assistant-Manager-Angular-Developer-1-year-Contract-Bengaluru-Bangalore-Delhi-Gurugram-Noida-Ghaziabad-Faridabad-Hyderabad-RxJS-NgRx-Hunarstreet-Technologies-Pvt-Ltd-37a5fAFf,skipped,score 10 below threshold
2026-07-26,Cutshort,Senior Frontend Engineer (Full-Stack Capabilities),MeltPlan,https://cutshort.io/job/Senior-Frontend-Engineer-Full-Stack-Capabilities-Bengaluru-Bangalore-MeltPlan-FpsuaK3O,skipped,score -100 below threshold
2026-07-26,Cutshort,Junior Software Engineer,Shipthis Inc,https://cutshort.io/job/Junior-Software-Engineer-Bengaluru-Bangalore-Shipthis-Inc-St2mEukS,skipped,score 10 below threshold
2026-07-26,Cutshort,"WordPress Developer with HTML, CSS- Kolkata candidates only",Goranggo Solutions Private Limited,https://cutshort.io/job/WordPress-Developer-with-HTML-CSS-Kolkata-candidates-only-Kolkata-Goranggo-Solutions-Private-Limited-OCQSjsQ1,skipped,score 10 below threshold
2026-07-26,Cutshort,Senior Frontend Engineer,Vikgol Technologies,https://cutshort.io/job/Senior-Frontend-Engineer-Bengaluru-Bangalore-Vikgol-Technologies-tyL51pyp,skipped,score -100 below threshold
2026-07-26,Cutshort,Lead-Angular Developer,Hunarstreet Technologies Pvt Ltd,https://cutshort.io/job/Lead-Angular-Developer-Bengaluru-Bangalore-Delhi-Hyderabad-Hunarstreet-Technologies-Pvt-Ltd-Pm2mSN4E,skipped,score -100 below threshold
2026-07-26,Cutshort,Lead Frontend Engineer - React.js (4-6 years),Trendlyne Technologies,https://cutshort.io/job/Lead-Frontend-Engineer-React-js-4-6-years-Bengaluru-Bangalore-Trendlyne-Technologies-buBrp8Tq,skipped,score -100 below threshold
2026-07-26,Cutshort,Fronted Developer,Digital Prospects Consulting,https://cutshort.io/job/Fronted-Developer-Lucknow-Digital-Prospects-Consulting-8TCAhEsw,skipped,score 10 below threshold
2026-07-26,Cutshort,Frontend Developer,Syphoon,https://cutshort.io/job/Frontend-Developer-Syphoon-QOegxGx2,skipped,score 10 below threshold
2026-07-26,Cutshort,.Net Developer,Deqode,https://cutshort.io/job/-Net-Developer-Mumbai-Bengaluru-Bangalore-Deqode-4UlpAdu8,skipped,score -100 below threshold
2026-07-26,Cutshort,UI Developer,NeoGenCode Technologies Pvt Ltd,https://cutshort.io/job/UI-Developer-Pune-Hyderabad-NeoGenCode-Technologies-Pvt-Ltd-enBw3384,skipped,score 10 below threshold
2026-07-26,Cutshort,UI Software Engineer,NeoGenCode Technologies Pvt Ltd,https://cutshort.io/job/UI-Software-Engineer-Pune-Hyderabad-NeoGenCode-Technologies-Pvt-Ltd-Yp32NpXY,skipped,score 10 below threshold
2026-07-26,Cutshort,UI Engineer,geniSIGHTS Pvt Ltd,https://cutshort.io/job/UI-Engineer-Chennai-geniSIGHTS-Pvt-Ltd-6rOtlTTw,skipped,score 10 below threshold
2026-07-26,Cutshort,React Native Developer,GD,https://cutshort.io/job/React-Native-Developer-Ahmedabad-GD-hBNysnI4,failed,no application confirmation on Cutshort
2026-07-26,Cutshort,Frontend Developer(React JS),TechnoRishi Consulting Pvt Ltd,https://cutshort.io/job/Frontend-Developer-React-JS-Bengaluru-Bangalore-TechnoRishi-Consulting-Pvt-Ltd-Ks7J7H9d,failed,no application confirmation on Cutshort
2026-07-26,Cutshort,UI Engineer,Orenda,https://cutshort.io/job/UI-Engineer-Ahmedabad-Orenda-kF0eBPir,skipped,score 10 below threshold
2026-07-26,Cutshort,Three js web developer,Valerie Group,https://cutshort.io/job/Three-js-web-developer-Valerie-Group-5acGKnC6,skipped,score 10 below threshold
2026-07-26,Cutshort,SDE Internship (Next Js),PGAGI,https://cutshort.io/job/SDE-Internship-Next-Js-PGAGI-y4NMladl,skipped,score 10 below threshold
2026-07-26,Cutshort,SDE Intern - React Native,PGAGI,https://cutshort.io/job/SDE-Intern-React-Native-PGAGI-2ARnMb5d,failed,no application confirmation on Cutshort
2026-07-26,Cutshort,Frontend UI Developer (React),CK-12 Foundation,https://cutshort.io/job/Frontend-UI-Developer-React-Bengaluru-Bangalore-CK-12-Foundation-UzNAjhAB,failed,no application confirmation on Cutshort
2026-07-26,Cutshort,Web Developer,Event Management,https://cutshort.io/job/Web-Developer-Mumbai-Hunarstreet-Technologies-Pvt-Ltd-NLFAn22x,skipped,score 10 below threshold
2026-07-26,Cutshort,Web Developer - Goregaon - Onsite,Hunarstreet Technologies Pvt Ltd,https://cutshort.io/job/Web-Developer-Goregaon-Onsite-Mumbai-Hunarstreet-Technologies-Pvt-Ltd-nRzNwsoK,skipped,score 10 below threshold
2026-07-26,Cutshort,Flutter Developer,Koladiya Indusrties,https://cutshort.io/job/Flutter-Developer-Surat-Koladiya-Indusrties-pn3ZFHiF,skipped,score 10 below threshold
2026-07-27,Instahyre,KnackLabs - Software Development Engineer,KnackLabs,https://www.instahyre.com/#job/knacklabs/knacklabs-software-development-engineer,skipped,score 30 below threshold
2026-07-27,Naukri,React Native Developer,Techefficio,https://www.naukri.com/job-listings-react-native-developer-techefficio-hyderabad-3-to-5-years-200726503418,skipped,skipped — external ATS (apply on company site)
2026-07-27,Naukri,React Native Developer,Santa Browser,https://www.naukri.com/job-listings-react-native-developer-santa-browser-hyderabad-3-to-5-years-240726507223,skipped,skipped — external ATS (apply on company site)
2026-07-27,Naukri,React Native Developer,Bigziel,https://www.naukri.com/job-listings-react-native-developer-bigziel-chennai-1-to-3-years-311025501360,skipped,skipped — external ATS (apply on company site)
2026-07-27,Naukri,React Native Developer,Technoadviser Technologies,https://www.naukri.com/job-listings-react-native-developer-technoadviser-technologies-pvt-ltd-hyderabad-1-to-5-years-290526503919,failed,Apply button not found — page buttons  [Jobs2 | Recommended jobs | NVites12 New | Application status130 Updates | Saved jobs | Companies | Explore categories | Unicorn | MNC | Startup]
2026-07-27,Naukri,React Native Developer,Pillersoft Technology,https://www.naukri.com/job-listings-react-native-developer-piller-soft-technology-pune-3-to-7-years-210725500684,skipped,skipped — external ATS (apply on company site)
2026-07-27,Naukri,React Native Developer,Digixpro,https://www.naukri.com/job-listings-react-native-developer-digixpro-bengaluru-1-to-5-years-071125501730,skipped,skipped — external ATS (apply on company site)
2026-07-27,Naukri,React Native Developer,Cloud Counselage,https://www.naukri.com/job-listings-react-native-developer-cloud-counselage-pvt-ltd-chennai-3-to-7-years-301225507873,skipped,skipped — external ATS (apply on company site)
2026-07-27,Naukri,React Native Developer - PHP/MySQL,Loyal String International,https://www.naukri.com/job-listings-react-native-developer-php-mysql-loyal-string-international-pune-2-to-3-years-190620501339,skipped,skipped — external ATS (apply on company site)
2026-07-27,Naukri,React Native Developer,Up Market Research,https://www.naukri.com/job-listings-react-native-developer-up-market-research-pune-3-to-7-years-170424500355,skipped,skipped — external ATS (apply on company site)
2026-07-27,Naukri,React Native developer,Analogue It Solutions,https://www.naukri.com/job-listings-react-native-developer-analogue-it-solutions-mobile-application-development-company-hyderabad-1-to-4-years-150125503399,skipped,skipped — external ATS (apply on company site)
2026-07-27,Naukri,React Native Developer,Quanteon Solutions,https://www.naukri.com/job-listings-react-native-developer-quanteon-llc-hyderabad-3-to-8-years-130226502852,skipped,skipped — external ATS (apply on company site)
2026-07-27,Naukri,React Native Mobile Developer,Tech Stalwart Solution,https://www.naukri.com/job-listings-react-native-mobile-developer-tech-stalwart-solution-private-limited-kolkata-mumbai-new-delhi-hyderabad-pune-chennai-bengaluru-3-to-8-years-090925503642,skipped,skipped — external ATS (apply on company site)
2026-07-27,Naukri,React Native Developers | Hyderabad India,Sowedane,https://www.naukri.com/job-listings-react-native-developers-hyderabad-india-sowedane-hyderabad-3-to-8-years-280526503016,failed,Apply button not found — page buttons  [Jobs2 | Recommended jobs | NVites12 New | Application status130 Updates | Saved jobs | Companies | Explore categories | Unicorn | MNC | Startup]
2026-07-27,Naukri,React Native Developer,Chromosis Technologies,https://www.naukri.com/job-listings-react-native-developer-chromosis-technologies-pvt-ltd-bengaluru-1-to-5-years-260326500675,skipped,skipped — external ATS (apply on company site)
2026-07-27,Naukri,React Native Developer,Apex 2000 INC,https://www.naukri.com/job-listings-react-native-developer-apex-2000-inc-bengaluru-3-to-7-years-210526501004,skipped,skipped — external ATS (apply on company site)
2026-07-27,Naukri,React Native Developer Product,Recrosoft,https://www.naukri.com/job-listings-react-native-developer-product-recrosoft-technologies-pvt-ltd-bengaluru-1-to-4-years-140526503556,failed,Apply button not found — page buttons  [Jobs2 | Recommended jobs | NVites12 New | Application status130 Updates | Saved jobs | Companies | Explore categories | Unicorn | MNC | Startup]
2026-07-27,Naukri,React Native Developer,Sthapatya Software,https://www.naukri.com/job-listings-react-native-developer-sthapatya-software-pvt-ltd-pune-3-to-5-years-311225501089,skipped,skipped — external ATS (apply on company site)
2026-07-27,Naukri,React Native Developer,Webpetal Software,https://www.naukri.com/job-listings-react-native-developer-webpetal-software-pvt-ltd-gurugram-0-to-2-years-311025500174,skipped,skipped — external ATS (apply on company site)
2026-07-27,Naukri,React Native Developer,Medpick,https://www.naukri.com/job-listings-react-native-developer-medpick-bengaluru-1-to-5-years-311025500126,skipped,skipped — external ATS (apply on company site)
2026-07-27,Naukri,Mobile Developer,Akra Tech,https://www.naukri.com/job-listings-mobile-developer-akra-tech-chennai-3-to-8-years-200726503725,skipped,skipped — external ATS (apply on company site)
2026-07-27,Naukri,Mobile Developer,Siri Innovations,https://www.naukri.com/job-listings-mobile-developer-siri-innovations-pvt-ltd-hyderabad-2-to-5-years-210726501582,skipped,score 50 below threshold
2026-07-27,Naukri,"Staff Engineer ,Mobile Developer",Nagarro,https://www.naukri.com/job-listings-staff-engineer-mobile-developer-nagarro-software-pvt-ltd-hyderabad-1-to-3-years-291025502366,skipped,score -100 below threshold
2026-07-27,Naukri,Mobile Developer,Couchbase,https://www.naukri.com/job-listings-mobile-developer-couchbase-inc-bengaluru-1-to-3-years-270625501943,skipped,skipped — external ATS (apply on company site)
2026-07-27,Naukri,Mobile Developer (Japan Posting),Mount Talent Consulting,https://www.naukri.com/job-listings-mobile-developer-japan-posting-value-innovation-labs-hyderabad-bengaluru-delhi-ncr-2-to-5-years-260626000136,skipped,score 50 below threshold
2026-07-27,Naukri,Mobile Developer (Japan Posting),Mount Talent Consulting,https://www.naukri.com/job-listings-mobile-developer-japan-posting-value-innovation-labs-noida-hyderabad-chennai-2-to-6-years-260626000133,skipped,score 50 below threshold
2026-07-27,Naukri,Mobile Developer,Giggs Software Labs,https://www.naukri.com/job-listings-mobile-developer-giggs-software-labs-bengaluru-7-to-12-years-250726015377,skipped,experience 7-12 Yrs out of range
2026-07-27,Naukri,Mobile Developer,Cyces Innovation Labs Llp,https://www.naukri.com/job-listings-mobile-developer-cyces-innovation-labs-llp-chennai-2-to-7-years-290526504570,skipped,skipped — external ATS (apply on company site)
2026-07-27,Naukri,Mobile Developer,rigbot.com,https://www.naukri.com/job-listings-mobile-developer-rigbot-com-hyderabad-0-to-8-years-310817503081,skipped,score 50 below threshold
2026-07-27,Naukri,Mobile Developer - Microsoft Certified,Acuity Software Technologies,https://www.naukri.com/job-listings-mobile-developer-microsoft-certified-acuity-software-technologies-hyderabad-3-to-8-years-240517500889,skipped,score -100 below threshold
2026-07-27,Naukri,AI Agent Reliability Engineer - Mobile Developers,Emergent India,https://www.naukri.com/job-listings-ai-agent-reliability-engineer-mobile-developers-emergent-bengaluru-1-to-5-years-300626500430,skipped,score 50 below threshold
2026-07-27,Naukri,Mobile Developer,BNI,https://www.naukri.com/job-listings-mobile-developer-bni-bengaluru-2-to-3-years-150626503249,skipped,score 50 below threshold
2026-07-27,Naukri,Mobile Developer,Shopdeck,https://www.naukri.com/job-listings-mobile-developer-shopdeck-previously-nushop-bengaluru-2-to-4-years-020626502541,skipped,score 50 below threshold
2026-07-27,Naukri,Mobile Developer,Technerds Solutions,https://www.naukri.com/job-listings-mobile-developer-technerds-solutions-pvt-ltd-chennai-2-to-5-years-301025504772,skipped,score 50 below threshold
2026-07-27,Naukri,Maximo Mobile Developer,Capgemini,https://www.naukri.com/job-listings-maximo-mobile-developer-capgemini-technology-services-india-limited-bengaluru-3-to-7-years-290626928453,skipped,score 50 below threshold
2026-07-27,Naukri,Mobile Developer,Logic Planet,https://www.naukri.com/job-listings-mobile-developer-logicplanet-it-services-hubli-mangaluru-mysuru-bengaluru-belgaum-0-to-5-years-240226505078,skipped,score 50 below threshold
2026-07-27,Naukri,Mobile developer,Technologyport Software India,https://www.naukri.com/job-listings-mobile-developer-technologyport-software-india-pvt-ltd-bengaluru-2-to-4-years-231219501376,skipped,score 50 below threshold
2026-07-27,Naukri,Mobile Developer- Visa,Foray Software,https://www.naukri.com/job-listings-mobile-developer-visa-foray-software-pvt-ltd-bengaluru-3-to-7-years-230824501588,skipped,score 50 below threshold
2026-07-27,Naukri,Mobile Developer,Wingz Technologies,https://www.naukri.com/job-listings-mobile-developer-wingz-technologies-chennai-1-to-4-years-220425500929,skipped,score 50 below threshold
2026-07-27,Naukri,Mobile Developer,Photon,https://www.naukri.com/job-listings-mobile-developer-photon-infotech-p-ltd-chennai-3-to-7-years-191124505967,skipped,score 50 below threshold
2026-07-27,Naukri,Frontend Engineer (React & React Native),Y2Z Travel,https://www.naukri.com/job-listings-frontend-engineer-react-react-native-y2z-travel-bengaluru-1-to-5-years-191224503297,skipped,skipped — external ATS (apply on company site)
2026-07-27,Naukri,Frontend Engineer (React / React Native),Prepairo,https://www.naukri.com/job-listings-frontend-engineer-react-react-native-prepairo-bengaluru-2-to-5-years-010626503686,failed,Apply button not found — page buttons  [Jobs2 | Recommended jobs | NVites12 New | Application status130 Updates | Saved jobs | Companies | Explore categories | Unicorn | MNC | Startup]
2026-07-27,Naukri,"Associate Principal Engineer, Frontend React",Nagarro,https://www.naukri.com/job-listings-associate-principal-engineer-frontend-react-nagarro-software-pvt-ltd-bengaluru-0-to-3-years-291025503104,skipped,score -100 below threshold
2026-07-27,Naukri,React Frontend Engineer,Omniful,https://www.naukri.com/job-listings-react-frontend-engineer-omniful-gurugram-3-to-8-years-200525503513,skipped,skipped — external ATS (apply on company site)
2026-07-27,Naukri,Frontend - Engineer,Varaha Systems,https://www.naukri.com/job-listings-frontend-engineer-varaha-systems-inc-bengaluru-3-to-8-years-140726501769,skipped,skipped — external ATS (apply on company site)
2026-07-27,Naukri,"Engineer, Frontend React",Nagarro,https://www.naukri.com/job-listings-engineer-frontend-react-nagarro-software-pvt-ltd-bengaluru-2-to-7-years-291025501402,skipped,skipped — external ATS (apply on company site)
2026-07-27,Naukri,Frontend Engineer (React),Startappss Systems,https://www.naukri.com/job-listings-frontend-engineer-react-startappss-systems-pvt-ltd-indore-3-to-8-years-230726503784,skipped,skipped — external ATS (apply on company site)
2026-07-27,Naukri,Frontend Engineer ( React / Next . js ),Workforce Next,https://www.naukri.com/job-listings-frontend-engineer-react-next-js-workforce-next-noida-2-to-6-years-140526500224,skipped,skipped — external ATS (apply on company site)
2026-07-27,Naukri,Frontend Engineer (React),Technix India Solutions,https://www.naukri.com/job-listings-frontend-engineer-react-technix-technology-patna-0-to-2-years-101125501751,skipped,skipped — external ATS (apply on company site)
2026-07-27,Naukri,Frontend Engineer (React.js / Next.js),Aqilea,https://www.naukri.com/job-listings-frontend-engineer-react-js-next-js-aqilea-formerly-soltia-bengaluru-5-to-9-years-150726500749,skipped,experience 5-9 Yrs out of range
2026-07-27,Naukri,Frontend Engineer,Vowels Of The People Association,https://www.naukri.com/job-listings-frontend-engineer-vopa-pune-3-to-5-years-200726504194,skipped,score 30 below threshold
2026-07-27,Naukri,Frontend Engineer,Apex 2000,https://www.naukri.com/job-listings-frontend-engineer-apex-2000-inc-pune-3-to-7-years-290626503315,skipped,score 10 below threshold
2026-07-27,Naukri,Front end Engineer,Diverse Lynx,https://www.naukri.com/job-listings-front-end-engineer-diverse-lynx-bengaluru-1-to-5-years-230626501437,skipped,skipped — external ATS (apply on company site)
2026-07-27,Naukri,Frontend Engineer - React js,Cloud Nautical Solutions India,https://www.naukri.com/job-listings-frontend-engineer-react-js-cloud-nautical-solutions-india-private-limited-thiruvananthapuram-5-to-10-years-240726503467,skipped,experience 5-10 Yrs out of range
2026-07-27,Naukri,React Frontend Engineer,Leading Client,https://www.naukri.com/job-listings-react-frontend-engineer-contactx-resource-management-pvt-ltd-bengaluru-7-to-10-years-170726918079,skipped,experience 7-10 Yrs out of range
2026-07-27,Naukri,Frontend Engineer,Diverse Lynx,https://www.naukri.com/job-listings-frontend-engineer-diverse-lynx-bengaluru-2-to-6-years-080825500478,skipped,score 30 below threshold
2026-07-27,Naukri,Front End UI Engineer,Ascendion Engineering,https://www.naukri.com/job-listings-front-end-ui-engineer-ascendion-engineering-bengaluru-7-to-12-years-140726018965,skipped,experience 7-12 Yrs out of range
2026-07-27,Naukri,Frontend Engineer React JS,Einfochips,https://www.naukri.com/job-listings-frontend-engineer-react-js-e-infochips-limited-indore-4-to-12-years-160226505299,skipped,experience 4-12 Yrs out of range
2026-07-27,Naukri,Frontend Engineer React JS,Einfochips,https://www.naukri.com/job-listings-frontend-engineer-react-js-e-infochips-limited-ahmedabad-4-to-12-years-160226505298,skipped,experience 4-12 Yrs out of range
2026-07-27,Naukri,Frontend Engineer React JS,Einfochips,https://www.naukri.com/job-listings-frontend-engineer-react-js-e-infochips-limited-vijaynagar-4-to-12-years-160226505297,skipped,experience 4-12 Yrs out of range
2026-07-27,Naukri,Full Stack Developer (React + Node),Kleistech,https://www.naukri.com/job-listings-full-stack-developer-react-node-kleistech-pune-2-to-7-years-170726504546,skipped,skipped — external ATS (apply on company site)
2026-07-27,Naukri,Full Stack Developer (React & Node JD),Vertiscript Global It Services,https://www.naukri.com/job-listings-full-stack-developer-react-node-jd-vertiscript-global-it-solution-hyderabad-3-to-6-years-031225502948,skipped,skipped — external ATS (apply on company site)
2026-07-27,Naukri,React + Node - Full Stack Developer,Paltech Consulting,https://www.naukri.com/job-listings-react-node-full-stack-developer-paltech-consulting-hyderabad-3-to-6-years-070726027633,failed,No apply confirmation detected
2026-07-27,Naukri,Full Stack Developer React + Node,Quanteon Solutions,https://www.naukri.com/job-listings-full-stack-developer-react-node-quanteon-llc-hyderabad-3-to-8-years-130226502853,skipped,skipped — external ATS (apply on company site)
2026-07-27,Naukri,React & Node Full stack Developer,PAL It Tech,https://www.naukri.com/job-listings-react-node-full-stack-developer-pal-it-tech-pvt-ltd-hyderabad-3-to-5-years-090726502862,skipped,skipped — external ATS (apply on company site)
2026-07-27,Naukri,Fullstack Developer(Immediate Joiners only Apply,Empover,https://www.naukri.com/job-listings-fullstack-developer-immediate-joiners-only-apply-empover-hyderabad-3-to-5-years-210726018410,failed,No apply confirmation detected
2026-07-27,Naukri,Fullstack Developer (NodeJS + React),Ixigo,https://www.naukri.com/job-listings-fullstack-developer-nodejs-react-ixigo-gurugram-3-to-8-years-200726505767,skipped,skipped — external ATS (apply on company site)
2026-07-27,Naukri,Fullstack Developer,Deloitte Shared Services India,https://www.naukri.com/job-listings-fullstack-developer-deloitte-shared-services-india-bengaluru-2-to-6-years-120626008685,failed,Apply button not found — page buttons  [Jobs2 | Recommended jobs | NVites12 New | Application status130 Updates | Saved jobs | Companies | Explore categories | Unicorn | MNC | Startup]
2026-07-27,Naukri,Fullstack Developer,Careait Health Services,https://www.naukri.com/job-listings-fullstack-developer-careait-health-services-bengaluru-0-to-3-years-010726028673,failed,No apply confirmation detected
2026-07-27,Naukri,Full Stack Developer,Leading Client,https://www.naukri.com/job-listings-full-stack-developer-rimpac-hr-services-llp-pune-bengaluru-2-to-6-years-230726933909,skipped,score -100 below threshold
2026-07-27,Naukri,Fullstack Developer,99yellow,https://www.naukri.com/job-listings-fullstack-developer-99yellow-gurugram-3-to-5-years-220726030478,skipped,score -100 below threshold
2026-07-27,Naukri,Full Stack Developer (React with Node),Programming.Com,https://www.naukri.com/job-listings-full-stack-developer-react-with-node-programming-com-bengaluru-2-to-6-years-121224501301,skipped,skipped — external ATS (apply on company site)
2026-07-27,Naukri,Fullstack Developer,MNC,https://www.naukri.com/job-listings-fullstack-developer-tele-infotech-pimpri-chinchwad-pune-0-to-2-years-210726034817,skipped,score 30 below threshold
2026-07-27,Naukri,Gen AI - Full Stack Developer,Intelizign Lifecycle Services,https://www.naukri.com/job-listings-gen-ai-full-stack-developer-intelizign-lifecycle-services-chennai-3-to-6-years-150726015903,failed,No apply confirmation detected
2026-07-27,Naukri,Fullstack Developer,IFOX CLICKS LLP,https://www.naukri.com/job-listings-fullstack-developer-ifox-clicks-llp-chennai-1-to-3-years-170726030398,failed,No apply confirmation detected
2026-07-27,Naukri,Fullstack Developer,Josh Software,https://www.naukri.com/job-listings-fullstack-developer-josh-software-pvt-ltd-pune-3-to-5-years-150726931620,skipped,score 30 below threshold
2026-07-27,Naukri,Forward Deployed  Engineer- Full stack Developer,Current India,https://www.naukri.com/job-listings-forward-deployed-engineer-full-stack-developer-current-india-hyderabad-3-to-7-years-130726027739,failed,No apply confirmation detected
2026-07-27,Naukri,Full Stack Developer,Zonolith Technologies,https://www.naukri.com/job-listings-full-stack-developer-zonolith-technologies-bengaluru-2-to-7-years-170726503047,skipped,skipped — external ATS (apply on company site)
2026-07-27,Naukri,Fullstack Developer,Tata Technologies,https://www.naukri.com/job-listings-fullstack-developer-tata-technologies-pune-2-to-5-years-140726022134,skipped,score -100 below threshold
2026-07-27,Naukri,Full Stack Developer,The Ksquare Group,https://www.naukri.com/job-listings-full-stack-developer-vrksquare-sys-private-limited-hyderabad-3-to-5-years-130726907918,skipped,score 35 below threshold
2026-07-27,LinkedIn,React Native Developer,ALIANDO,https://www.linkedin.com/jobs/view/4435165292/,skipped,"no Easy Apply — external ATS, skipped"
2026-07-27,LinkedIn,Web Developer,ShrinQ Consulting Group Inc,https://www.linkedin.com/jobs/view/4444015670/,skipped,score 10 below threshold
2026-07-27,LinkedIn,Fullstack Developer | $80/hr Remote,Crossing Hurdles,https://www.linkedin.com/jobs/view/4430895007/,skipped,score 10 below threshold
2026-07-27,LinkedIn,React Native Engineer,Copods,https://www.linkedin.com/jobs/view/4413520971/,applied,Easy Apply (score 70)
2026-07-27,LinkedIn,React Native Developer,Datman,https://www.linkedin.com/jobs/view/4439191177/,skipped,unanswered required fields:  How many years of work experience do you have with React Native? 
2026-07-27,LinkedIn,Software Engineer,Brooks Brothers,https://www.linkedin.com/jobs/view/4441857529/,skipped,score 10 below threshold
2026-07-27,LinkedIn,SDE I (Frontend),Navi,https://www.linkedin.com/jobs/view/4437546096/,skipped,score 10 below threshold
2026-07-27,LinkedIn,Web Developer,ShrinQ Consulting Group Inc,https://www.linkedin.com/jobs/view/4444015670/,skipped,score 10 below threshold
2026-07-27,LinkedIn,React Native Developer,ALIANDO,https://www.linkedin.com/jobs/view/4435165292/,skipped,"no Easy Apply — external ATS, skipped"
2026-07-27,LinkedIn,Fullstack Developer | $80/hr Remote,Crossing Hurdles,https://www.linkedin.com/jobs/view/4430895007/,skipped,score 10 below threshold
2026-07-27,LinkedIn,Mobile Application Developer,Boson Systems,https://www.linkedin.com/jobs/view/4411147217/,skipped,score 10 below threshold
2026-07-27,LinkedIn,Software Engineer,Digichorus Technologies Pvt Ltd,https://www.linkedin.com/jobs/view/4442591945/,skipped,score 10 below threshold
2026-07-27,LinkedIn,Software Engineer,Brooks Brothers,https://www.linkedin.com/jobs/view/4441857529/,skipped,score 10 below threshold
2026-07-27,LinkedIn,Jr. Android Developer,PIXSTER STUDIO,https://www.linkedin.com/jobs/view/4432772488/,skipped,score -100 below threshold
2026-07-27,LinkedIn,React Native Developer,ALIANDO,https://www.linkedin.com/jobs/view/4435165292/,skipped,"no Easy Apply — external ATS, skipped"
2026-07-27,LinkedIn,Web Developer,ShrinQ Consulting Group Inc,https://www.linkedin.com/jobs/view/4444015670/,skipped,score 10 below threshold
2026-07-27,LinkedIn,Fullstack Developer | $80/hr Remote,Crossing Hurdles,https://www.linkedin.com/jobs/view/4430895007/,skipped,score 10 below threshold
2026-07-27,LinkedIn,SDE I (Frontend),Navi,https://www.linkedin.com/jobs/view/4437546096/,skipped,score 10 below threshold
2026-07-27,LinkedIn,Software Engineer,Digichorus Technologies Pvt Ltd,https://www.linkedin.com/jobs/view/4442591945/,skipped,score 10 below threshold
2026-07-27,LinkedIn,Software Engineer,Brooks Brothers,https://www.linkedin.com/jobs/view/4441857529/,skipped,score 10 below threshold
2026-07-27,LinkedIn,Front-End Developer – SCG India,SCG,https://www.linkedin.com/jobs/view/4298394472/,skipped,score 10 below threshold
2026-07-27,LinkedIn,Web Developer,ShrinQ Consulting Group Inc,https://www.linkedin.com/jobs/view/4444015670/,skipped,score 10 below threshold
2026-07-27,LinkedIn,React Native Developer,ALIANDO,https://www.linkedin.com/jobs/view/4435165292/,skipped,"no Easy Apply — external ATS, skipped"
2026-07-27,LinkedIn,Fullstack Developer | $80/hr Remote,Crossing Hurdles,https://www.linkedin.com/jobs/view/4430895007/,skipped,score 10 below threshold
2026-07-27,LinkedIn,Back End Developer,ZILO,https://www.linkedin.com/jobs/view/4440468434/,skipped,score 10 below threshold
2026-07-27,LinkedIn,Mern Full Stack Developer,Planys Technologies,https://www.linkedin.com/jobs/view/4437977898/,skipped,score 10 below threshold
2026-07-27,LinkedIn,Full Stack Developer,Kayana | Ordering & Payment Solutions,https://www.linkedin.com/jobs/view/4442581250/,skipped,score 10 below threshold
2026-07-27,LinkedIn,Full Stack Developer,Legal Experts AI,https://www.linkedin.com/jobs/view/4433915695/,skipped,score 10 below threshold
2026-07-27,LinkedIn,Web Developer,ShrinQ Consulting Group Inc,https://www.linkedin.com/jobs/view/4444015670/,skipped,score 10 below threshold
2026-07-27,LinkedIn,React Native Developer,ALIANDO,https://www.linkedin.com/jobs/view/4435165292/,skipped,"no Easy Apply — external ATS, skipped"
2026-07-27,LinkedIn,Fullstack Developer | $80/hr Remote,Crossing Hurdles,https://www.linkedin.com/jobs/view/4430895007/,skipped,score 10 below threshold
2026-07-27,LinkedIn,Back End Developer,ZILO,https://www.linkedin.com/jobs/view/4440468434/,skipped,score 10 below threshold
2026-07-27,LinkedIn,Mern Full Stack Developer,Planys Technologies,https://www.linkedin.com/jobs/view/4437977898/,skipped,score 10 below threshold
2026-07-27,LinkedIn,Junior Node.js Developer,Neuailes Global,https://www.linkedin.com/jobs/view/4433622258/,skipped,score 30 below threshold
2026-07-27,LinkedIn,Software Engineer,Brooks Brothers,https://www.linkedin.com/jobs/view/4441857529/,skipped,score 10 below threshold
2026-07-27,Cutshort,Full Stack Developer,Envisioned Strategy and Consulting,https://cutshort.io/job/Full-Stack-Developer-Hyderabad-Envisioned-Strategy-and-Consulting-pnKE3yCo,skipped,score 10 below threshold
2026-07-27,Cutshort,React Native Developer – PHP/LARAVEL,CNV AI Labs Inc,https://cutshort.io/job/React-Native-Developer-PHP-LARAVEL-CNV-AI-Labs-Inc-djtssuLz,failed,no application confirmation on Cutshort
2026-07-27,Cutshort,React Native Developer,GD,https://cutshort.io/job/React-Native-Developer-Ahmedabad-GD-hBNysnI4,failed,no application confirmation on Cutshort
2026-07-27,Cutshort,Full Stack Developer (React Native + Integrations),Zan - Zari Group,https://cutshort.io/job/Full-Stack-Developer-React-Native-Integrations-Zan-Zari-Group-SXhKtmRH,failed,no application confirmation on Cutshort
2026-07-27,Cutshort,UI Engineer,Orenda,https://cutshort.io/job/UI-Engineer-Ahmedabad-Orenda-kF0eBPir,skipped,score 10 below threshold
2026-07-27,Cutshort,Android Developer - I,KnackLabs,https://cutshort.io/job/Android-Developer-I-Bengaluru-Bangalore-KnackLabs-C5bwFIee,skipped,score -100 below threshold
2026-07-27,Cutshort,Full Stack Developer - Senior,SwitchKart,https://cutshort.io/job/Full-Stack-Developer-Senior-Bengaluru-Bangalore-SwitchKart-hrCry4pA,skipped,score -100 below threshold
2026-07-27,Cutshort,SDE Intern - React Native,PGAGI,https://cutshort.io/job/SDE-Intern-React-Native-PGAGI-2ARnMb5d,failed,no application confirmation on Cutshort
2026-07-27,Cutshort,"Mobile Developer (React Native) — 3-Month Contract, Remote",Zan - Zari Group,https://cutshort.io/job/Mobile-Developer-React-Native-3-Month-Contract-Remote-Zan-Zari-Group-yNs3ndxI,failed,no application confirmation on Cutshort
2026-07-27,Cutshort,React Native Developer with PHP Developer(Strong backend Knowledge),httpswwwicloudemscom,https://cutshort.io/job/React-Native-Developer-with-PHP-Developer-Strong-backend-Knowledge-httpswwwicloudemscom-oWDoq49q,failed,no application confirmation on Cutshort
2026-07-27,Cutshort,Lead Product Engineer - Pod Captain,Fountane inc,https://cutshort.io/job/Lead-Product-Engineer-Pod-Captain-Fountane-inc-FjqBhstE,skipped,score -100 below threshold
2026-07-27,Cutshort,Senior Software Development Engineer (Payments) Full-time,ZYSYGY,https://cutshort.io/job/Senior-Software-Development-Engineer-Payments-Full-time-ZYSYGY-Gm6TIiDw,skipped,score -100 below threshold
2026-07-27,Cutshort,Fullstack Developer,,https://cutshort.io/job/Fullstack-Developer-Mumbai-Cutshort-Lightning-hm7QSYFD,skipped,experience 1yr out of range
2026-07-27,Cutshort,Engineering Lead,,https://cutshort.io/job/Engineering-Lead-Mumbai-Cutshort-Lightning-OmazFcWW,skipped,experience 7yrs out of range
2026-07-27,Cutshort,Front end developer,Knobee Social India Private Limited,https://cutshort.io/job/Front-end-developer-Noida-Bengaluru-Bangalore-Knobee-Social-India-Private-Limited-0r0IA5Cq,skipped,score 10 below threshold
2026-07-27,Cutshort,Senior React Native Developer,Procedure,https://cutshort.io/job/Senior-React-Native-Developer-Procedure-5nCabdqM,skipped,score -100 below threshold
2026-07-27,Cutshort,React Native Intern,PGAGI,https://cutshort.io/job/React-Native-Intern-Bengaluru-Bangalore-PGAGI-FzasCXYn,failed,no application confirmation on Cutshort
2026-07-27,Cutshort,Mobile App Developer- Intern,Aaizel International Technologies Pvt Ltd,https://cutshort.io/job/Mobile-App-Developer-Intern-Gurugram-Aaizel-International-Technologies-Pvt-Ltd-pCDGS1PB,skipped,score 50 below threshold
2026-07-27,Cutshort,React Native SDE 3,NeoGenCode Technologies Pvt Ltd,https://cutshort.io/job/React-Native-SDE-3-Bengaluru-Bangalore-NeoGenCode-Technologies-Pvt-Ltd-Dfn6pWZy,skipped,score -100 below threshold
2026-07-27,Cutshort,PHP Developer,CNV AI Labs Inc,https://cutshort.io/job/PHP-Developer-CNV-AI-Labs-Inc-aXdDCEUE,skipped,score 10 below threshold
2026-07-27,Cutshort,Senior Product Engineer - Mobile Developer (L3),Fountane inc,https://cutshort.io/job/Senior-Product-Engineer-Mobile-Developer-L3-Fountane-inc-oyJaddR8,skipped,score -100 below threshold
2026-07-27,Cutshort,Staff Mobile Application Developer,RockED,https://cutshort.io/job/Staff-Mobile-Application-Developer-Bengaluru-Bangalore-RockED-8fPkLTUb,skipped,score -100 below threshold
2026-07-27,Cutshort,Lead Mobile Engineer – Android & iOS,,https://cutshort.io/job/Lead-Mobile-Engineer-Android-iOS-Hyderabad-Recruiting-Bond-SGHz97wJ,skipped,experience 5 - 8 yrs out of range
2026-07-27,Cutshort,Senior Backend Developer,Master-O,https://cutshort.io/job/Senior-Backend-Developer-Gurugram-Master-O-ax0pS75g,skipped,score -100 below threshold
2026-07-27,Cutshort,React Native,1HResource Solutions,https://cutshort.io/job/React-Native-Bengaluru-Bangalore-1HResource-Solutions-lpZLOYSw,failed,no application confirmation on Cutshort
2026-07-27,Cutshort,Mobile Application Lead (React Native),Amura Health,https://cutshort.io/job/Mobile-Application-Lead-React-Native-Chennai-Amura-Health-aK3qiR1w,skipped,score -100 below threshold
2026-07-27,Cutshort,Android Developer,Aaizel International Technologies Pvt Ltd,https://cutshort.io/job/Android-Developer-Gurugram-Aaizel-International-Technologies-Pvt-Ltd-XMggixxl,skipped,score -100 below threshold
2026-07-27,Cutshort,Software Development Engineer – Mobile / Full-Stack,PGAGI,https://cutshort.io/job/Software-Development-Engineer-Mobile-Full-Stack-Bengaluru-Bangalore-PGAGI-P5ZXCB6o,skipped,score 10 below threshold
2026-07-27,Cutshort,Job Description – React Native Full Stack Developer,TopGrep Tech Private Limited,https://cutshort.io/job/Job-Description-React-Native-Full-Stack-Developer-Bengaluru-Bangalore-TopGrep-Tech-Private-Limited-b56hFu6d,failed,no application confirmation on Cutshort
2026-07-27,Cutshort,Lead Frontend Engineer - React.js (4-6 years),Trendlyne Technologies,https://cutshort.io/job/Lead-Frontend-Engineer-React-js-4-6-years-Bengaluru-Bangalore-Trendlyne-Technologies-buBrp8Tq,skipped,score -100 below threshold
2026-07-27,Cutshort,Senior React Native Developer,Big Rattle Technologies,https://cutshort.io/job/Senior-React-Native-Developer-Big-Rattle-Technologies-QWXg5Be3,skipped,score -100 below threshold
2026-07-27,Cutshort,Software Engineer,ReThink,https://cutshort.io/job/Software-Engineer-ReThink-thbQzSYt,skipped,score 10 below threshold
2026-07-27,Cutshort,Backend- Developer,WorldRef Technologies,https://cutshort.io/job/Backend-Developer-Noida-63-WorldRef-Technologies-RIwYbka0,skipped,score 10 below threshold
2026-07-27,Cutshort,React Native Developer,Qurilo Technologies LLC,https://cutshort.io/job/React-Native-Developer-Delhi-Gurugram-Noida-Ghaziabad-Faridabad-Qurilo-Technologies-LLC-D1WcobZs,failed,no application confirmation on Cutshort
2026-07-27,Cutshort,Full Stack Developer,Ekostay LLP,https://cutshort.io/job/Full-Stack-Developer-Mumbai-worli-Ekostay-LLP-awSu8gP7,skipped,score 10 below threshold
2026-07-27,Cutshort,React JS/ React Native Developer,Hunarstreet Technologies Pvt Ltd,https://cutshort.io/job/React-JS-React-Native-Developer-Pune-Hunarstreet-Technologies-Pvt-Ltd-EfDtNOIc,failed,no application confirmation on Cutshort
2026-07-27,Cutshort,React Native Engineer | 4+ yrs | Bangalore,sketch brahma,https://cutshort.io/job/React-Native-Engineer-4-yrs-Bangalore-Bengaluru-Bangalore-Hyderabad-Noida-1HResource-Solutions-QpmxoBBb,skipped,experience 4+ yrs out of range
2026-07-27,Cutshort,Senior Full Stack Developer,Gofar Corporate Private Limited,https://cutshort.io/job/Senior-Full-Stack-Developer-Chennai-Gofar-Corporate-Private-Limited-orEtA5sD,skipped,score -100 below threshold
2026-07-27,Cutshort,React Native Developer,Jio Tesseract,https://cutshort.io/job/React-Native-Developer-Navi-Mumbai-Jio-Tesseract-uDTIXZox,failed,no application confirmation on Cutshort
2026-07-27,Cutshort,Consultant-Enterprise Application Developer,VTT Mobility Private Limited,https://cutshort.io/job/Consultant-Enterprise-Application-Developer-Bengaluru-Bangalore-VTT-Mobility-Private-Limited-0Ew5FX8I,skipped,score 10 below threshold
2026-07-27,Cutshort,FULL STACK DEVELOPER,,https://cutshort.io/job/FULL-STACK-DEVELOPER-Bengaluru-Bangalore-Peak-Hire-Solutions-Lf5o0MXW,skipped,score -100 below threshold
2026-07-27,Cutshort,Full Stack Developer,NeoGenCode Technologies Pvt Ltd,https://cutshort.io/job/Full-Stack-Developer-NeoGenCode-Technologies-Pvt-Ltd-eOk7yFQj,skipped,score 10 below threshold
2026-07-27,Cutshort,Software Developer,CNV Labs India Pvt Ltd iCloudEMS,https://cutshort.io/job/Software-Developer-CNV-Labs-India-Pvt-Ltd-iCloudEMS-PCC5XQUa,skipped,score 10 below threshold
2026-07-27,Cutshort,Node.js Developer (React Native),CNV Labs India Pvt Ltd iCloudEMS,https://cutshort.io/job/Node-js-Developer-React-Native-CNV-Labs-India-Pvt-Ltd-iCloudEMS-XnijIU1R,failed,no application confirmation on Cutshort
2026-07-27,Cutshort,React Native Developer,Wissen Technology,https://cutshort.io/job/React-Native-Developer-Bengaluru-Bangalore-Wissen-Technology-KuTiRX07,failed,no application confirmation on Cutshort
2026-07-27,Cutshort,React Native Developer,Deqode,https://cutshort.io/job/React-Native-Developer-Pune-Bhopal-Jaipur-Gurugram-Delhi-Bengaluru-Bangalore-Chennai-Deqode-O4C6m2sf,failed,no application confirmation on Cutshort
2026-07-27,Cutshort,Full Stack Engineer,TECHNAVITAS INFO INDIA PVT LTD,https://cutshort.io/job/Full-Stack-Engineer-Hyderabad-TECHNAVITAS-INFO-INDIA-PVT-LTD-KscgR23j,skipped,score 10 below threshold
2026-07-27,Cutshort,"Lead II-Software Engineering- React Native, Mobile App Architecture",,https://cutshort.io/job/Lead-II-Software-Engineering-React-Native-Mobile-App-Architecture-Mumbai-Peak-Hire-Solutions-9hNco541,skipped,experience 7 - 9 yrs out of range
2026-07-27,Cutshort,Full Stack Developer (Remote - Support Role),NeoGenCode Technologies Pvt Ltd,https://cutshort.io/job/Full-Stack-Developer-Remote-Support-Role-NeoGenCode-Technologies-Pvt-Ltd-RQcDaOWX,skipped,score 10 below threshold
2026-07-27,Cutshort,Senior Mobile App Developer (Android & iOS),Impacto Digifin Technologies,https://cutshort.io/job/Senior-Mobile-App-Developer-Android-iOS-BROOKFEILD-Impacto-Digifin-Technologies--xHkJTFL7,skipped,score -100 below threshold
2026-07-27,Cutshort,UI Engineer,geniSIGHTS Pvt Ltd,https://cutshort.io/job/UI-Engineer-Chennai-geniSIGHTS-Pvt-Ltd-6rOtlTTw,skipped,score 10 below threshold
2026-07-27,Cutshort,React Native Developer,GD,https://cutshort.io/job/React-Native-Developer-Ahmedabad-GD-hBNysnI4,failed,no application confirmation on Cutshort
2026-07-27,Cutshort,Frontend Developer(React JS),TechnoRishi Consulting Pvt Ltd,https://cutshort.io/job/Frontend-Developer-React-JS-Bengaluru-Bangalore-TechnoRishi-Consulting-Pvt-Ltd-Ks7J7H9d,failed,no application confirmation on Cutshort
2026-07-27,Cutshort,UI Engineer,Orenda,https://cutshort.io/job/UI-Engineer-Ahmedabad-Orenda-kF0eBPir,skipped,score 10 below threshold
2026-07-27,Cutshort,Three js web developer,Valerie Group,https://cutshort.io/job/Three-js-web-developer-Valerie-Group-5acGKnC6,skipped,score 10 below threshold
2026-07-27,Cutshort,SDE Internship (Next Js),PGAGI,https://cutshort.io/job/SDE-Internship-Next-Js-PGAGI-y4NMladl,skipped,score 10 below threshold
2026-07-27,Cutshort,SDE Intern - React Native,PGAGI,https://cutshort.io/job/SDE-Intern-React-Native-PGAGI-2ARnMb5d,failed,no application confirmation on Cutshort
2026-07-27,Cutshort,Frontend UI Developer (React),CK-12 Foundation,https://cutshort.io/job/Frontend-UI-Developer-React-Bengaluru-Bangalore-CK-12-Foundation-UzNAjhAB,failed,no application confirmation on Cutshort
2026-07-27,Cutshort,Web Developer,Event Management,https://cutshort.io/job/Web-Developer-Mumbai-Hunarstreet-Technologies-Pvt-Ltd-NLFAn22x,skipped,score 10 below threshold
2026-07-27,Cutshort,Web Developer - Goregaon - Onsite,Hunarstreet Technologies Pvt Ltd,https://cutshort.io/job/Web-Developer-Goregaon-Onsite-Mumbai-Hunarstreet-Technologies-Pvt-Ltd-nRzNwsoK,skipped,score 10 below threshold
2026-07-27,Cutshort,Flutter Developer,Koladiya Indusrties,https://cutshort.io/job/Flutter-Developer-Surat-Koladiya-Indusrties-pn3ZFHiF,skipped,score 10 below threshold
2026-07-27,Cutshort,React.js Developer,Iitil,https://cutshort.io/job/React-js-Developer-Iitil-SOuTlB1e,failed,no application confirmation on Cutshort
2026-07-27,Cutshort,Angular Developer - Contract-Based - Mumbai,Wama Technology,https://cutshort.io/job/Angular-Developer-Contract-Based-Mumbai-Andheri-Mumbai-Thane-Navi-Mumbai-Wama-Technology-B1m0nUoG,skipped,score 10 below threshold
2026-07-27,Cutshort,Senior Front End,Altinvest Online Platform Pvt Ltd,https://cutshort.io/job/Senior-Front-End-Bengaluru-Bangalore-Altinvest-Online-Platform-Pvt-Ltd-CZTOOkIR,skipped,score -100 below threshold
2026-07-27,Cutshort,Frontend Developer,Timble Technologies,https://cutshort.io/job/Frontend-Developer-Delhi-Gurugram-Noida-Ghaziabad-Faridabad-Timble-Technologies-nSyatns6,skipped,score 10 below threshold
2026-07-27,Cutshort,Frontend Developer intern,MotionGility,https://cutshort.io/job/Frontend-Developer-intern-Indore-MotionGility-obamFnQx,skipped,score 10 below threshold
2026-07-27,Cutshort,Angular Developer,Wissen Technology,https://cutshort.io/job/Angular-Developer-Mumbai-Wissen-Technology-a4nmwrwB,skipped,score 10 below threshold
2026-07-27,Cutshort,Frontend Engineer,Unico Connect Private Limited,https://cutshort.io/job/Frontend-Engineer-Mumbai-Unico-Connect-Private-Limited-L8z41XrU,skipped,score 10 below threshold
2026-07-27,Cutshort,Angular Developer,Wissen Technology,https://cutshort.io/job/Angular-Developer-Mumbai-Wissen-Technology-iJCRYaHK,skipped,score 10 below threshold
2026-07-27,Cutshort,SDE 3 (Frontend),MediBuddy,https://cutshort.io/job/SDE-3-Frontend-Bengaluru-Bangalore-Indore-MediBuddy-nQkmf3q1,skipped,score -100 below threshold
2026-07-27,Cutshort,Teamcenter Developer,TCS,https://cutshort.io/job/Teamcenter-Developer-Bengaluru-Bangalore-Chennai-Hyderabad-Pune-Kolkata-Delhi-Gurugram-Noida-Ghaziabad-Faridabad-HR-Remedy-India-9Jpt7ojn,skipped,score 10 below threshold
2026-07-27,Cutshort,Lead Frontend Engineer/Architect,Shorthills AI,https://cutshort.io/job/Lead-Frontend-Engineer-Architect-Shorthills-AI-fJLgaR9E,skipped,score -100 below threshold
2026-07-27,Cutshort,Software developer Engineer -React,myGate.in,https://cutshort.io/job/Software-developer-Engineer-React-Bengaluru-Bangalore-myGate-in-cjEORTJh,failed,no application confirmation on Cutshort
2026-07-27,Cutshort,AI/ML,Webkul Software PvtLtd,https://cutshort.io/job/AI-ML-Noida-Webkul-Software-PvtLtd-GQqwzc3t,skipped,score 10 below threshold
2026-07-27,Cutshort,Senior/ Lead Frontend Developer - React.js Framework,Trendlyne Technologies,https://cutshort.io/job/Senior-Lead-Frontend-Developer-React-js-Framework-Bengaluru-Bangalore-Trendlyne-Technologies-ESOoCDTp,skipped,score -100 below threshold
2026-07-27,Cutshort,Frontend Developer (React & Expo),Moolya Software Testing Private Limited,https://cutshort.io/job/Frontend-Developer-React-Expo-Bengaluru-Bangalore-Moolya-Software-Testing-Private-Limited-yFelpzca,failed,no application confirmation on Cutshort
2026-07-27,Cutshort,Web Designer,Royal IT Park Services,https://cutshort.io/job/Web-Designer-Hyderabad-Royal-IT-Park-Services-1MC9hOgi,skipped,score 10 below threshold
2026-07-27,Cutshort,VueJS Developer,,https://cutshort.io/job/VueJS-Developer-Chennai-Codemind-Staffing-Solutions-Fsun1BTe,skipped,experience 5 - 10 yrs out of range
2026-07-27,Cutshort,Angular Developer,Wissen Technology,https://cutshort.io/job/Angular-Developer-Bengaluru-Bangalore-Wissen-Technology-TYKQaCEx,skipped,score 10 below threshold
2026-07-27,Cutshort,Software Engineer - Front End,Cglia Solutions LLP,https://cutshort.io/job/Software-Engineer-Front-End-Hyderabad-Cglia-Solutions-LLP--8YcgwsdS,skipped,score 10 below threshold
2026-07-27,Cutshort,JAVA DEVELOPER,Staffnixcom,https://cutshort.io/job/JAVA-DEVELOPER-Staffnixcom-WKkUW9yn,skipped,score -100 below threshold
2026-07-27,Cutshort,Frontend Developer Intern (Next.js),Rupeestop LLP,https://cutshort.io/job/Frontend-Developer-Intern-Next-js-Jaipur-Rupeestop-LLP-3dcLMi4y,skipped,score 10 below threshold
2026-07-27,Cutshort,PLC programmer,Next Kraft Parking Technologies,https://cutshort.io/job/PLC-programmer-Mumbai-Next-Kraft-Parking-Technologies-UhGT74Wd,skipped,score 10 below threshold
2026-07-27,Cutshort,Wordpress Developer,Arcitech,https://cutshort.io/job/Wordpress-Developer-Navi-Mumbai-Arcitech-4cKngDl4,skipped,score 10 below threshold
2026-07-27,Cutshort,UI/UX Engineer,Timble Technologies,https://cutshort.io/job/UI-UX-Engineer-Delhi-Gurugram-Noida-Timble-Technologies-h2lojjgt,skipped,score 10 below threshold
2026-07-27,Cutshort,UI Engineering Lead,MeltPlan,https://cutshort.io/job/UI-Engineering-Lead-Bengaluru-Bangalore-MeltPlan-rHeZo5br,skipped,score -100 below threshold
2026-07-27,Cutshort,Jr React Developer,1HResource Solutions,https://cutshort.io/job/Jr-React-Developer-Bengaluru-Bangalore-1HResource-Solutions-zaYl2eGn,failed,no application confirmation on Cutshort
2026-07-27,Cutshort,Staff Frontend Engineer - AI Agents (React + AI Coding Tools),,https://cutshort.io/job/Staff-Frontend-Engineer-AI-Agents-React-AI-Coding-Tools-Recruiting-Bond-lWiesefg,skipped,experience 7 - 10 yrs out of range
2026-07-27,Cutshort,Assistant Manager | Angular Developer - 1 year Contract,Hunarstreet Technologies Pvt Ltd,https://cutshort.io/job/Assistant-Manager-Angular-Developer-1-year-Contract-Bengaluru-Bangalore-Delhi-Gurugram-Noida-Ghaziabad-Faridabad-Hyderabad-RxJS-NgRx-Hunarstreet-Technologies-Pvt-Ltd-37a5fAFf,skipped,score 10 below threshold
2026-07-27,Cutshort,Senior Frontend Engineer (Full-Stack Capabilities),MeltPlan,https://cutshort.io/job/Senior-Frontend-Engineer-Full-Stack-Capabilities-Bengaluru-Bangalore-MeltPlan-FpsuaK3O,skipped,score -100 below threshold
2026-07-27,Cutshort,Junior Software Engineer,Shipthis Inc,https://cutshort.io/job/Junior-Software-Engineer-Bengaluru-Bangalore-Shipthis-Inc-St2mEukS,skipped,score 10 below threshold
2026-07-27,Cutshort,"WordPress Developer with HTML, CSS- Kolkata candidates only",Goranggo Solutions Private Limited,https://cutshort.io/job/WordPress-Developer-with-HTML-CSS-Kolkata-candidates-only-Kolkata-Goranggo-Solutions-Private-Limited-OCQSjsQ1,skipped,score 10 below threshold
2026-07-27,Cutshort,Senior Frontend Engineer,Vikgol Technologies,https://cutshort.io/job/Senior-Frontend-Engineer-Bengaluru-Bangalore-Vikgol-Technologies-tyL51pyp,skipped,score -100 below threshold
2026-07-27,Cutshort,Lead-Angular Developer,Hunarstreet Technologies Pvt Ltd,https://cutshort.io/job/Lead-Angular-Developer-Bengaluru-Bangalore-Delhi-Hyderabad-Hunarstreet-Technologies-Pvt-Ltd-Pm2mSN4E,skipped,score -100 below threshold
2026-07-27,Cutshort,Lead Frontend Engineer - React.js (4-6 years),Trendlyne Technologies,https://cutshort.io/job/Lead-Frontend-Engineer-React-js-4-6-years-Bengaluru-Bangalore-Trendlyne-Technologies-buBrp8Tq,skipped,score -100 below threshold
2026-07-27,Cutshort,Fronted Developer,Digital Prospects Consulting,https://cutshort.io/job/Fronted-Developer-Lucknow-Digital-Prospects-Consulting-8TCAhEsw,skipped,score 10 below threshold
2026-07-27,Cutshort,Frontend Developer,Syphoon,https://cutshort.io/job/Frontend-Developer-Syphoon-QOegxGx2,skipped,score 10 below threshold
2026-07-27,Cutshort,.Net Developer,Deqode,https://cutshort.io/job/-Net-Developer-Mumbai-Bengaluru-Bangalore-Deqode-4UlpAdu8,skipped,score -100 below threshold
2026-07-27,Cutshort,UI Developer,NeoGenCode Technologies Pvt Ltd,https://cutshort.io/job/UI-Developer-Pune-Hyderabad-NeoGenCode-Technologies-Pvt-Ltd-enBw3384,skipped,score 10 below threshold
2026-07-27,Cutshort,UI Software Engineer,NeoGenCode Technologies Pvt Ltd,https://cutshort.io/job/UI-Software-Engineer-Pune-Hyderabad-NeoGenCode-Technologies-Pvt-Ltd-Yp32NpXY,skipped,score 10 below threshold
2026-07-27,Cutshort,UI Engineer,geniSIGHTS Pvt Ltd,https://cutshort.io/job/UI-Engineer-Chennai-geniSIGHTS-Pvt-Ltd-6rOtlTTw,skipped,score 10 below threshold
2026-07-27,Cutshort,React Native Developer,GD,https://cutshort.io/job/React-Native-Developer-Ahmedabad-GD-hBNysnI4,failed,no application confirmation on Cutshort
2026-07-27,Cutshort,Frontend Developer(React JS),TechnoRishi Consulting Pvt Ltd,https://cutshort.io/job/Frontend-Developer-React-JS-Bengaluru-Bangalore-TechnoRishi-Consulting-Pvt-Ltd-Ks7J7H9d,failed,no application confirmation on Cutshort
2026-07-27,Cutshort,UI Engineer,Orenda,https://cutshort.io/job/UI-Engineer-Ahmedabad-Orenda-kF0eBPir,skipped,score 10 below threshold
2026-07-27,Cutshort,Three js web developer,Valerie Group,https://cutshort.io/job/Three-js-web-developer-Valerie-Group-5acGKnC6,skipped,score 10 below threshold
2026-07-27,Cutshort,SDE Internship (Next Js),PGAGI,https://cutshort.io/job/SDE-Internship-Next-Js-PGAGI-y4NMladl,skipped,score 10 below threshold
2026-07-27,Cutshort,SDE Intern - React Native,PGAGI,https://cutshort.io/job/SDE-Intern-React-Native-PGAGI-2ARnMb5d,failed,no application confirmation on Cutshort
2026-07-27,Cutshort,Frontend UI Developer (React),CK-12 Foundation,https://cutshort.io/job/Frontend-UI-Developer-React-Bengaluru-Bangalore-CK-12-Foundation-UzNAjhAB,failed,no application confirmation on Cutshort
2026-07-27,Cutshort,Web Developer,Event Management,https://cutshort.io/job/Web-Developer-Mumbai-Hunarstreet-Technologies-Pvt-Ltd-NLFAn22x,skipped,score 10 below threshold
2026-07-27,Cutshort,Web Developer - Goregaon - Onsite,Hunarstreet Technologies Pvt Ltd,https://cutshort.io/job/Web-Developer-Goregaon-Onsite-Mumbai-Hunarstreet-Technologies-Pvt-Ltd-nRzNwsoK,skipped,score 10 below threshold
2026-07-27,Cutshort,Flutter Developer,Koladiya Indusrties,https://cutshort.io/job/Flutter-Developer-Surat-Koladiya-Indusrties-pn3ZFHiF,skipped,score 10 below threshold
2026-07-27,Cutshort,React.js Developer,Iitil,https://cutshort.io/job/React-js-Developer-Iitil-SOuTlB1e,failed,no application confirmation on Cutshort
2026-07-27,Cutshort,Angular Developer - Contract-Based - Mumbai,Wama Technology,https://cutshort.io/job/Angular-Developer-Contract-Based-Mumbai-Andheri-Mumbai-Thane-Navi-Mumbai-Wama-Technology-B1m0nUoG,skipped,score 10 below threshold
2026-07-27,Cutshort,Senior Front End,Altinvest Online Platform Pvt Ltd,https://cutshort.io/job/Senior-Front-End-Bengaluru-Bangalore-Altinvest-Online-Platform-Pvt-Ltd-CZTOOkIR,skipped,score -100 below threshold
2026-07-27,Cutshort,Frontend Developer,Timble Technologies,https://cutshort.io/job/Frontend-Developer-Delhi-Gurugram-Noida-Ghaziabad-Faridabad-Timble-Technologies-nSyatns6,skipped,score 10 below threshold
2026-07-27,Cutshort,Frontend Developer intern,MotionGility,https://cutshort.io/job/Frontend-Developer-intern-Indore-MotionGility-obamFnQx,skipped,score 10 below threshold
2026-07-27,Cutshort,Angular Developer,Wissen Technology,https://cutshort.io/job/Angular-Developer-Mumbai-Wissen-Technology-a4nmwrwB,skipped,score 10 below threshold
2026-07-27,Cutshort,Frontend Engineer,Unico Connect Private Limited,https://cutshort.io/job/Frontend-Engineer-Mumbai-Unico-Connect-Private-Limited-L8z41XrU,skipped,score 10 below threshold
2026-07-27,Cutshort,Angular Developer,Wissen Technology,https://cutshort.io/job/Angular-Developer-Mumbai-Wissen-Technology-iJCRYaHK,skipped,score 10 below threshold
2026-07-27,Cutshort,SDE 3 (Frontend),MediBuddy,https://cutshort.io/job/SDE-3-Frontend-Bengaluru-Bangalore-Indore-MediBuddy-nQkmf3q1,skipped,score -100 below threshold
2026-07-27,Cutshort,Teamcenter Developer,TCS,https://cutshort.io/job/Teamcenter-Developer-Bengaluru-Bangalore-Chennai-Hyderabad-Pune-Kolkata-Delhi-Gurugram-Noida-Ghaziabad-Faridabad-HR-Remedy-India-9Jpt7ojn,skipped,score 10 below threshold
2026-07-27,Cutshort,Lead Frontend Engineer/Architect,Shorthills AI,https://cutshort.io/job/Lead-Frontend-Engineer-Architect-Shorthills-AI-fJLgaR9E,skipped,score -100 below threshold
2026-07-27,Cutshort,Software developer Engineer -React,myGate.in,https://cutshort.io/job/Software-developer-Engineer-React-Bengaluru-Bangalore-myGate-in-cjEORTJh,failed,no application confirmation on Cutshort
2026-07-27,Cutshort,AI/ML,Webkul Software PvtLtd,https://cutshort.io/job/AI-ML-Noida-Webkul-Software-PvtLtd-GQqwzc3t,skipped,score 10 below threshold
2026-07-27,Cutshort,Senior/ Lead Frontend Developer - React.js Framework,Trendlyne Technologies,https://cutshort.io/job/Senior-Lead-Frontend-Developer-React-js-Framework-Bengaluru-Bangalore-Trendlyne-Technologies-ESOoCDTp,skipped,score -100 below threshold
2026-07-27,Cutshort,Frontend Developer (React & Expo),Moolya Software Testing Private Limited,https://cutshort.io/job/Frontend-Developer-React-Expo-Bengaluru-Bangalore-Moolya-Software-Testing-Private-Limited-yFelpzca,failed,no application confirmation on Cutshort
2026-07-27,Cutshort,Web Designer,Royal IT Park Services,https://cutshort.io/job/Web-Designer-Hyderabad-Royal-IT-Park-Services-1MC9hOgi,skipped,score 10 below threshold
2026-07-27,Cutshort,VueJS Developer,,https://cutshort.io/job/VueJS-Developer-Chennai-Codemind-Staffing-Solutions-Fsun1BTe,skipped,experience 5 - 10 yrs out of range
2026-07-27,Cutshort,Angular Developer,Wissen Technology,https://cutshort.io/job/Angular-Developer-Bengaluru-Bangalore-Wissen-Technology-TYKQaCEx,skipped,score 10 below threshold
2026-07-27,Cutshort,Software Engineer - Front End,Cglia Solutions LLP,https://cutshort.io/job/Software-Engineer-Front-End-Hyderabad-Cglia-Solutions-LLP--8YcgwsdS,skipped,score 10 below threshold
2026-07-27,Cutshort,JAVA DEVELOPER,Staffnixcom,https://cutshort.io/job/JAVA-DEVELOPER-Staffnixcom-WKkUW9yn,skipped,score -100 below threshold
2026-07-27,Cutshort,Frontend Developer Intern (Next.js),Rupeestop LLP,https://cutshort.io/job/Frontend-Developer-Intern-Next-js-Jaipur-Rupeestop-LLP-3dcLMi4y,skipped,score 10 below threshold
2026-07-27,Cutshort,PLC programmer,Next Kraft Parking Technologies,https://cutshort.io/job/PLC-programmer-Mumbai-Next-Kraft-Parking-Technologies-UhGT74Wd,skipped,score 10 below threshold
2026-07-27,Cutshort,Wordpress Developer,Arcitech,https://cutshort.io/job/Wordpress-Developer-Navi-Mumbai-Arcitech-4cKngDl4,skipped,score 10 below threshold
2026-07-27,Cutshort,UI/UX Engineer,Timble Technologies,https://cutshort.io/job/UI-UX-Engineer-Delhi-Gurugram-Noida-Timble-Technologies-h2lojjgt,skipped,score 10 below threshold
2026-07-27,Cutshort,UI Engineering Lead,MeltPlan,https://cutshort.io/job/UI-Engineering-Lead-Bengaluru-Bangalore-MeltPlan-rHeZo5br,skipped,score -100 below threshold
2026-07-27,Cutshort,Jr React Developer,1HResource Solutions,https://cutshort.io/job/Jr-React-Developer-Bengaluru-Bangalore-1HResource-Solutions-zaYl2eGn,failed,no application confirmation on Cutshort
2026-07-27,Cutshort,Staff Frontend Engineer - AI Agents (React + AI Coding Tools),,https://cutshort.io/job/Staff-Frontend-Engineer-AI-Agents-React-AI-Coding-Tools-Recruiting-Bond-lWiesefg,skipped,experience 7 - 10 yrs out of range
2026-07-27,Cutshort,Assistant Manager | Angular Developer - 1 year Contract,Hunarstreet Technologies Pvt Ltd,https://cutshort.io/job/Assistant-Manager-Angular-Developer-1-year-Contract-Bengaluru-Bangalore-Delhi-Gurugram-Noida-Ghaziabad-Faridabad-Hyderabad-RxJS-NgRx-Hunarstreet-Technologies-Pvt-Ltd-37a5fAFf,skipped,score 10 below threshold
2026-07-27,Cutshort,Senior Frontend Engineer (Full-Stack Capabilities),MeltPlan,https://cutshort.io/job/Senior-Frontend-Engineer-Full-Stack-Capabilities-Bengaluru-Bangalore-MeltPlan-FpsuaK3O,skipped,score -100 below threshold
2026-07-27,Cutshort,Junior Software Engineer,Shipthis Inc,https://cutshort.io/job/Junior-Software-Engineer-Bengaluru-Bangalore-Shipthis-Inc-St2mEukS,skipped,score 10 below threshold
2026-07-27,Cutshort,"WordPress Developer with HTML, CSS- Kolkata candidates only",Goranggo Solutions Private Limited,https://cutshort.io/job/WordPress-Developer-with-HTML-CSS-Kolkata-candidates-only-Kolkata-Goranggo-Solutions-Private-Limited-OCQSjsQ1,skipped,score 10 below threshold
2026-07-27,Cutshort,Senior Frontend Engineer,Vikgol Technologies,https://cutshort.io/job/Senior-Frontend-Engineer-Bengaluru-Bangalore-Vikgol-Technologies-tyL51pyp,skipped,score -100 below threshold
2026-07-27,Cutshort,Lead-Angular Developer,Hunarstreet Technologies Pvt Ltd,https://cutshort.io/job/Lead-Angular-Developer-Bengaluru-Bangalore-Delhi-Hyderabad-Hunarstreet-Technologies-Pvt-Ltd-Pm2mSN4E,skipped,score -100 below threshold
2026-07-27,Cutshort,Lead Frontend Engineer - React.js (4-6 years),Trendlyne Technologies,https://cutshort.io/job/Lead-Frontend-Engineer-React-js-4-6-years-Bengaluru-Bangalore-Trendlyne-Technologies-buBrp8Tq,skipped,score -100 below threshold
2026-07-27,Cutshort,Fronted Developer,Digital Prospects Consulting,https://cutshort.io/job/Fronted-Developer-Lucknow-Digital-Prospects-Consulting-8TCAhEsw,skipped,score 10 below threshold
2026-07-27,Cutshort,Frontend Developer,Syphoon,https://cutshort.io/job/Frontend-Developer-Syphoon-QOegxGx2,skipped,score 10 below threshold
2026-07-27,Cutshort,.Net Developer,Deqode,https://cutshort.io/job/-Net-Developer-Mumbai-Bengaluru-Bangalore-Deqode-4UlpAdu8,skipped,score -100 below threshold
2026-07-27,Cutshort,UI Developer,NeoGenCode Technologies Pvt Ltd,https://cutshort.io/job/UI-Developer-Pune-Hyderabad-NeoGenCode-Technologies-Pvt-Ltd-enBw3384,skipped,score 10 below threshold
2026-07-27,Cutshort,UI Software Engineer,NeoGenCode Technologies Pvt Ltd,https://cutshort.io/job/UI-Software-Engineer-Pune-Hyderabad-NeoGenCode-Technologies-Pvt-Ltd-Yp32NpXY,skipped,score 10 below threshold
2026-07-27,YourStory,Associate Sales & Partnerships Manager,YourStory Media,https://yourstory.com/jobs/details/22dbd6b0-55aa-11f1-b30b-eb2d7a493eb2,skipped,score 10 below threshold
2026-07-27,YourStory,Senior Reporter,YourStory Media,https://yourstory.com/jobs/details/7f800bf0-55ac-11f1-9892-0791a4cff158,skipped,score -100 below threshold
2026-07-27,Instahyre,KnackLabs - Software Development Engineer,KnackLabs,https://www.instahyre.com/#job/knacklabs/knacklabs-software-development-engineer,skipped,score 30 below threshold
2026-07-27,Naukri,React Native Developer,Techefficio,https://www.naukri.com/job-listings-react-native-developer-techefficio-hyderabad-3-to-5-years-200726503418,skipped,skipped — external ATS (apply on company site)
2026-07-27,Naukri,React Native Developer,Santa Browser,https://www.naukri.com/job-listings-react-native-developer-santa-browser-hyderabad-3-to-5-years-240726507223,skipped,skipped — external ATS (apply on company site)
2026-07-27,Naukri,React Native Developer,Bigziel,https://www.naukri.com/job-listings-react-native-developer-bigziel-chennai-1-to-3-years-311025501360,skipped,skipped — external ATS (apply on company site)
2026-07-27,Naukri,React Native Developer,Technoadviser Technologies,https://www.naukri.com/job-listings-react-native-developer-technoadviser-technologies-pvt-ltd-hyderabad-1-to-5-years-290526503919,failed,Apply button not found — page buttons  [Jobs2 | Recommended jobs | NVites13 New | Application status130 Updates | Saved jobs | Companies | Explore categories | Unicorn | MNC | Startup]
2026-07-27,Naukri,React Native Developer,Pillersoft Technology,https://www.naukri.com/job-listings-react-native-developer-piller-soft-technology-pune-3-to-7-years-210725500684,skipped,skipped — external ATS (apply on company site)
2026-07-27,Naukri,React Native Developer,Digixpro,https://www.naukri.com/job-listings-react-native-developer-digixpro-bengaluru-1-to-5-years-071125501730,skipped,skipped — external ATS (apply on company site)
2026-07-27,Naukri,React Native Developer,Cloud Counselage,https://www.naukri.com/job-listings-react-native-developer-cloud-counselage-pvt-ltd-chennai-3-to-7-years-301225507873,skipped,skipped — external ATS (apply on company site)
2026-07-27,Naukri,React Native Developer - PHP/MySQL,Loyal String International,https://www.naukri.com/job-listings-react-native-developer-php-mysql-loyal-string-international-pune-2-to-3-years-190620501339,skipped,skipped — external ATS (apply on company site)
2026-07-27,Naukri,React Native Developer,Up Market Research,https://www.naukri.com/job-listings-react-native-developer-up-market-research-pune-3-to-7-years-170424500355,skipped,skipped — external ATS (apply on company site)
2026-07-27,Naukri,React Native developer,Analogue It Solutions,https://www.naukri.com/job-listings-react-native-developer-analogue-it-solutions-mobile-application-development-company-hyderabad-1-to-4-years-150125503399,skipped,skipped — external ATS (apply on company site)
2026-07-27,Naukri,React Native Developer,Quanteon Solutions,https://www.naukri.com/job-listings-react-native-developer-quanteon-llc-hyderabad-3-to-8-years-130226502852,skipped,skipped — external ATS (apply on company site)
2026-07-27,Naukri,React Native Mobile Developer,Tech Stalwart Solution,https://www.naukri.com/job-listings-react-native-mobile-developer-tech-stalwart-solution-private-limited-kolkata-mumbai-new-delhi-hyderabad-pune-chennai-bengaluru-3-to-8-years-090925503642,skipped,skipped — external ATS (apply on company site)
2026-07-27,Naukri,React Native Developers | Hyderabad India,Sowedane,https://www.naukri.com/job-listings-react-native-developers-hyderabad-india-sowedane-hyderabad-3-to-8-years-280526503016,failed,Apply button not found — page buttons  [Jobs2 | Recommended jobs | NVites13 New | Application status130 Updates | Saved jobs | Companies | Explore categories | Unicorn | MNC | Startup]
2026-07-27,Naukri,React Native Developer,Chromosis Technologies,https://www.naukri.com/job-listings-react-native-developer-chromosis-technologies-pvt-ltd-bengaluru-1-to-5-years-260326500675,skipped,skipped — external ATS (apply on company site)
2026-07-27,Naukri,React Native Developer,Apex 2000 INC,https://www.naukri.com/job-listings-react-native-developer-apex-2000-inc-bengaluru-3-to-7-years-210526501004,skipped,skipped — external ATS (apply on company site)
2026-07-27,Naukri,React Native Developer Product,Recrosoft,https://www.naukri.com/job-listings-react-native-developer-product-recrosoft-technologies-pvt-ltd-bengaluru-1-to-4-years-140526503556,failed,Apply button not found — page buttons  [Jobs2 | Recommended jobs | NVites13 New | Application status130 Updates | Saved jobs | Companies | Explore categories | Unicorn | MNC | Startup]
2026-07-27,Naukri,React Native Developer,Sthapatya Software,https://www.naukri.com/job-listings-react-native-developer-sthapatya-software-pvt-ltd-pune-3-to-5-years-311225501089,skipped,skipped — external ATS (apply on company site)
2026-07-27,Naukri,React Native Developer,Webpetal Software,https://www.naukri.com/job-listings-react-native-developer-webpetal-software-pvt-ltd-gurugram-0-to-2-years-311025500174,skipped,skipped — external ATS (apply on company site)
2026-07-27,Naukri,React Native Developer,Medpick,https://www.naukri.com/job-listings-react-native-developer-medpick-bengaluru-1-to-5-years-311025500126,skipped,skipped — external ATS (apply on company site)
2026-07-27,Naukri,Mobile Developer,Akra Tech,https://www.naukri.com/job-listings-mobile-developer-akra-tech-chennai-3-to-8-years-200726503725,skipped,skipped — external ATS (apply on company site)
2026-07-27,Naukri,Mobile Developer,Siri Innovations,https://www.naukri.com/job-listings-mobile-developer-siri-innovations-pvt-ltd-hyderabad-2-to-5-years-210726501582,skipped,score 50 below threshold
2026-07-27,Naukri,"Staff Engineer ,Mobile Developer",Nagarro,https://www.naukri.com/job-listings-staff-engineer-mobile-developer-nagarro-software-pvt-ltd-hyderabad-1-to-3-years-291025502366,skipped,score -100 below threshold
2026-07-27,Naukri,Mobile Developer,Couchbase,https://www.naukri.com/job-listings-mobile-developer-couchbase-inc-bengaluru-1-to-3-years-270625501943,skipped,skipped — external ATS (apply on company site)
2026-07-27,Naukri,Mobile Developer (Japan Posting),Mount Talent Consulting,https://www.naukri.com/job-listings-mobile-developer-japan-posting-value-innovation-labs-hyderabad-bengaluru-delhi-ncr-2-to-5-years-260626000136,skipped,score 50 below threshold
2026-07-27,Naukri,Mobile Developer (Japan Posting),Mount Talent Consulting,https://www.naukri.com/job-listings-mobile-developer-japan-posting-value-innovation-labs-noida-hyderabad-chennai-2-to-6-years-260626000133,skipped,score 50 below threshold
2026-07-27,Naukri,Mobile Developer,Giggs Software Labs,https://www.naukri.com/job-listings-mobile-developer-giggs-software-labs-bengaluru-7-to-12-years-250726015377,skipped,experience 7-12 Yrs out of range
2026-07-27,Naukri,Mobile Developer,Cyces Innovation Labs Llp,https://www.naukri.com/job-listings-mobile-developer-cyces-innovation-labs-llp-chennai-2-to-7-years-290526504570,skipped,skipped — external ATS (apply on company site)
2026-07-27,Naukri,Mobile Developer,rigbot.com,https://www.naukri.com/job-listings-mobile-developer-rigbot-com-hyderabad-0-to-8-years-310817503081,skipped,score 50 below threshold
2026-07-27,Naukri,Mobile Developer - Microsoft Certified,Acuity Software Technologies,https://www.naukri.com/job-listings-mobile-developer-microsoft-certified-acuity-software-technologies-hyderabad-3-to-8-years-240517500889,skipped,score -100 below threshold
2026-07-27,Naukri,AI Agent Reliability Engineer - Mobile Developers,Emergent India,https://www.naukri.com/job-listings-ai-agent-reliability-engineer-mobile-developers-emergent-bengaluru-1-to-5-years-300626500430,skipped,score 50 below threshold
2026-07-27,Naukri,Mobile Developer,BNI,https://www.naukri.com/job-listings-mobile-developer-bni-bengaluru-2-to-3-years-150626503249,skipped,score 50 below threshold
2026-07-27,Naukri,Mobile Developer,Shopdeck,https://www.naukri.com/job-listings-mobile-developer-shopdeck-previously-nushop-bengaluru-2-to-4-years-020626502541,skipped,score 50 below threshold
2026-07-27,Naukri,Mobile Developer,Technerds Solutions,https://www.naukri.com/job-listings-mobile-developer-technerds-solutions-pvt-ltd-chennai-2-to-5-years-301025504772,skipped,score 50 below threshold
2026-07-27,Naukri,Maximo Mobile Developer,Capgemini,https://www.naukri.com/job-listings-maximo-mobile-developer-capgemini-technology-services-india-limited-bengaluru-3-to-7-years-290626928453,skipped,score 50 below threshold
2026-07-27,Naukri,Mobile Developer,Logic Planet,https://www.naukri.com/job-listings-mobile-developer-logicplanet-it-services-hubli-mangaluru-mysuru-bengaluru-belgaum-0-to-5-years-240226505078,skipped,score 50 below threshold
2026-07-27,Naukri,Mobile developer,Technologyport Software India,https://www.naukri.com/job-listings-mobile-developer-technologyport-software-india-pvt-ltd-bengaluru-2-to-4-years-231219501376,skipped,score 50 below threshold
2026-07-27,Naukri,Mobile Developer- Visa,Foray Software,https://www.naukri.com/job-listings-mobile-developer-visa-foray-software-pvt-ltd-bengaluru-3-to-7-years-230824501588,skipped,score 50 below threshold
2026-07-27,Naukri,Mobile Developer,Wingz Technologies,https://www.naukri.com/job-listings-mobile-developer-wingz-technologies-chennai-1-to-4-years-220425500929,skipped,score 50 below threshold
2026-07-27,Naukri,Mobile Developer,Photon,https://www.naukri.com/job-listings-mobile-developer-photon-infotech-p-ltd-chennai-3-to-7-years-191124505967,skipped,score 50 below threshold
2026-07-27,Naukri,Frontend Engineer (React & React Native),Y2Z Travel,https://www.naukri.com/job-listings-frontend-engineer-react-react-native-y2z-travel-bengaluru-1-to-5-years-191224503297,skipped,skipped — external ATS (apply on company site)
2026-07-27,Naukri,Frontend Engineer (React / React Native),Prepairo,https://www.naukri.com/job-listings-frontend-engineer-react-react-native-prepairo-bengaluru-2-to-5-years-010626503686,failed,Apply button not found — page buttons  [Jobs2 | Recommended jobs | NVites13 New | Application status130 Updates | Saved jobs | Companies | Explore categories | Unicorn | MNC | Startup]
2026-07-27,Naukri,"Associate Principal Engineer, Frontend React",Nagarro,https://www.naukri.com/job-listings-associate-principal-engineer-frontend-react-nagarro-software-pvt-ltd-bengaluru-0-to-3-years-291025503104,skipped,score -100 below threshold
2026-07-27,Naukri,React Frontend Engineer,Omniful,https://www.naukri.com/job-listings-react-frontend-engineer-omniful-gurugram-3-to-8-years-200525503513,skipped,skipped — external ATS (apply on company site)
2026-07-27,Naukri,Frontend - Engineer,Varaha Systems,https://www.naukri.com/job-listings-frontend-engineer-varaha-systems-inc-bengaluru-3-to-8-years-140726501769,skipped,skipped — external ATS (apply on company site)
2026-07-27,Naukri,"Engineer, Frontend React",Nagarro,https://www.naukri.com/job-listings-engineer-frontend-react-nagarro-software-pvt-ltd-bengaluru-2-to-7-years-291025501402,skipped,skipped — external ATS (apply on company site)
2026-07-27,Naukri,Frontend Engineer (React),Startappss Systems,https://www.naukri.com/job-listings-frontend-engineer-react-startappss-systems-pvt-ltd-indore-3-to-8-years-230726503784,skipped,skipped — external ATS (apply on company site)
2026-07-27,Naukri,Frontend Engineer ( React / Next . js ),Workforce Next,https://www.naukri.com/job-listings-frontend-engineer-react-next-js-workforce-next-noida-2-to-6-years-140526500224,skipped,skipped — external ATS (apply on company site)
2026-07-27,Naukri,Frontend Engineer (React),Technix India Solutions,https://www.naukri.com/job-listings-frontend-engineer-react-technix-technology-patna-0-to-2-years-101125501751,skipped,skipped — external ATS (apply on company site)
2026-07-27,Naukri,Frontend Engineer (React.js / Next.js),Aqilea,https://www.naukri.com/job-listings-frontend-engineer-react-js-next-js-aqilea-formerly-soltia-bengaluru-5-to-9-years-150726500749,skipped,experience 5-9 Yrs out of range
2026-07-27,Naukri,Frontend Engineer,Vowels Of The People Association,https://www.naukri.com/job-listings-frontend-engineer-vopa-pune-3-to-5-years-200726504194,skipped,score 30 below threshold
2026-07-27,Naukri,Frontend Engineer,Apex 2000,https://www.naukri.com/job-listings-frontend-engineer-apex-2000-inc-pune-3-to-7-years-290626503315,skipped,score 10 below threshold
2026-07-27,Naukri,Front end Engineer,Diverse Lynx,https://www.naukri.com/job-listings-front-end-engineer-diverse-lynx-bengaluru-1-to-5-years-230626501437,skipped,skipped — external ATS (apply on company site)
2026-07-27,Naukri,Frontend Engineer - React js,Cloud Nautical Solutions India,https://www.naukri.com/job-listings-frontend-engineer-react-js-cloud-nautical-solutions-india-private-limited-thiruvananthapuram-5-to-10-years-240726503467,skipped,experience 5-10 Yrs out of range
2026-07-27,Naukri,React Frontend Engineer,Leading Client,https://www.naukri.com/job-listings-react-frontend-engineer-contactx-resource-management-pvt-ltd-bengaluru-7-to-10-years-170726918079,skipped,experience 7-10 Yrs out of range
2026-07-27,Naukri,Frontend Engineer,Diverse Lynx,https://www.naukri.com/job-listings-frontend-engineer-diverse-lynx-bengaluru-2-to-6-years-080825500478,skipped,score 30 below threshold
2026-07-27,Naukri,Front End UI Engineer,Ascendion Engineering,https://www.naukri.com/job-listings-front-end-ui-engineer-ascendion-engineering-bengaluru-7-to-12-years-140726018965,skipped,experience 7-12 Yrs out of range
2026-07-27,Naukri,Frontend Engineer React JS,Einfochips,https://www.naukri.com/job-listings-frontend-engineer-react-js-e-infochips-limited-indore-4-to-12-years-160226505299,skipped,experience 4-12 Yrs out of range
2026-07-27,Naukri,Frontend Engineer React JS,Einfochips,https://www.naukri.com/job-listings-frontend-engineer-react-js-e-infochips-limited-ahmedabad-4-to-12-years-160226505298,skipped,experience 4-12 Yrs out of range
2026-07-27,Naukri,Frontend Engineer React JS,Einfochips,https://www.naukri.com/job-listings-frontend-engineer-react-js-e-infochips-limited-vijaynagar-4-to-12-years-160226505297,skipped,experience 4-12 Yrs out of range
2026-07-27,Naukri,Full Stack Developer (React + Node),Kleistech,https://www.naukri.com/job-listings-full-stack-developer-react-node-kleistech-pune-2-to-7-years-170726504546,skipped,skipped — external ATS (apply on company site)
2026-07-27,Naukri,Full Stack Developer (React & Node JD),Vertiscript Global It Services,https://www.naukri.com/job-listings-full-stack-developer-react-node-jd-vertiscript-global-it-solution-hyderabad-3-to-6-years-031225502948,skipped,skipped — external ATS (apply on company site)
2026-07-27,Naukri,React + Node - Full Stack Developer,Paltech Consulting,https://www.naukri.com/job-listings-react-node-full-stack-developer-paltech-consulting-hyderabad-3-to-6-years-070726027633,failed,No apply confirmation detected
2026-07-27,Naukri,Full Stack Developer React + Node,Quanteon Solutions,https://www.naukri.com/job-listings-full-stack-developer-react-node-quanteon-llc-hyderabad-3-to-8-years-130226502853,skipped,skipped — external ATS (apply on company site)
2026-07-27,Naukri,React & Node Full stack Developer,PAL It Tech,https://www.naukri.com/job-listings-react-node-full-stack-developer-pal-it-tech-pvt-ltd-hyderabad-3-to-5-years-090726502862,skipped,skipped — external ATS (apply on company site)
2026-07-27,Naukri,Walk-in || Fullstack Developer(Immediate joiners only),Infiniti Research,https://www.naukri.com/job-listings-fullstack-developer-immediate-joiners-only-infiniti-research-bengaluru-2-to-4-years-270726011014,failed,Apply button not found — page buttons  [Jobs2 | Recommended jobs | NVites13 New | Application status130 Updates | Saved jobs | Companies | Explore categories | Unicorn | MNC | Startup]
2026-07-27,Naukri,Fullstack Developer(Immediate Joiners only Apply,Empover,https://www.naukri.com/job-listings-fullstack-developer-immediate-joiners-only-apply-empover-hyderabad-3-to-5-years-210726018410,failed,No apply confirmation detected
2026-07-27,Naukri,Fullstack Developer (NodeJS + React),Ixigo,https://www.naukri.com/job-listings-fullstack-developer-nodejs-react-ixigo-gurugram-3-to-8-years-200726505767,skipped,skipped — external ATS (apply on company site)
2026-07-27,Naukri,Fullstack Developer,Deloitte Shared Services India,https://www.naukri.com/job-listings-fullstack-developer-deloitte-shared-services-india-bengaluru-2-to-6-years-120626008685,failed,Apply button not found — page buttons  [Jobs2 | Recommended jobs | NVites13 New | Application status130 Updates | Saved jobs | Companies | Explore categories | Unicorn | MNC | Startup]
2026-07-27,Naukri,Fullstack Developer,Careait Health Services,https://www.naukri.com/job-listings-fullstack-developer-careait-health-services-bengaluru-0-to-3-years-010726028673,failed,No apply confirmation detected
2026-07-27,Naukri,Full Stack Developer,Leading Client,https://www.naukri.com/job-listings-full-stack-developer-rimpac-hr-services-llp-pune-bengaluru-2-to-6-years-230726933909,skipped,score -100 below threshold
2026-07-27,Naukri,Fullstack Developer,99yellow,https://www.naukri.com/job-listings-fullstack-developer-99yellow-gurugram-3-to-5-years-220726030478,skipped,score -100 below threshold
2026-07-27,Naukri,Full Stack Developer React/Node/SQL - For a Startup - Mumbai / Thane,An early stage Tech Startup ! Mumbai,https://www.naukri.com/job-listings-full-stack-developer-react-node-sql-for-a-startup-mumbai-thane-zend-consulting-services-thane-mumbai-all-areas-3-to-6-years-270726011219,applied,auto-applied (score 55)
2026-07-27,Naukri,Full Stack Developer (React with Node),Programming.Com,https://www.naukri.com/job-listings-full-stack-developer-react-with-node-programming-com-bengaluru-2-to-6-years-121224501301,skipped,skipped — external ATS (apply on company site)
2026-07-27,Naukri,Fullstack Developer,MNC,https://www.naukri.com/job-listings-fullstack-developer-tele-infotech-pimpri-chinchwad-pune-0-to-2-years-210726034817,skipped,score 30 below threshold
2026-07-27,Naukri,Gen AI - Full Stack Developer,Intelizign Lifecycle Services,https://www.naukri.com/job-listings-gen-ai-full-stack-developer-intelizign-lifecycle-services-chennai-3-to-6-years-150726015903,failed,No apply confirmation detected
2026-07-27,Naukri,Fullstack Developer,IFOX CLICKS LLP,https://www.naukri.com/job-listings-fullstack-developer-ifox-clicks-llp-chennai-1-to-3-years-170726030398,failed,No apply confirmation detected
2026-07-27,Naukri,Fullstack Developer,Josh Software,https://www.naukri.com/job-listings-fullstack-developer-josh-software-pvt-ltd-pune-3-to-5-years-150726931620,skipped,score 30 below threshold
2026-07-27,Naukri,Forward Deployed  Engineer- Full stack Developer,Current India,https://www.naukri.com/job-listings-forward-deployed-engineer-full-stack-developer-current-india-hyderabad-3-to-7-years-130726027739,failed,No apply confirmation detected
2026-07-27,Naukri,Full Stack Developer,Zonolith Technologies,https://www.naukri.com/job-listings-full-stack-developer-zonolith-technologies-bengaluru-2-to-7-years-170726503047,skipped,skipped — external ATS (apply on company site)
2026-07-27,LinkedIn,React Native Developer,ALIANDO,https://www.linkedin.com/jobs/view/4435165292/,skipped,"no Easy Apply — external ATS, skipped"
2026-07-27,LinkedIn,Web Developer,ShrinQ Consulting Group Inc,https://www.linkedin.com/jobs/view/4444015670/,skipped,score 10 below threshold
2026-07-27,LinkedIn,Fullstack Developer | $80/hr Remote,Crossing Hurdles,https://www.linkedin.com/jobs/view/4430895007/,skipped,score 10 below threshold
2026-07-27,LinkedIn,Junior Software Engineer,CareerXperts Consulting,https://www.linkedin.com/jobs/view/4442804256/,skipped,score 10 below threshold
2026-07-27,LinkedIn,Junior Frontend Engineer,Avinyaa Ed Tech Private Limited,https://www.linkedin.com/jobs/view/4442823156/,skipped,score 10 below threshold
2026-07-27,LinkedIn,SDE I (Frontend),Navi,https://www.linkedin.com/jobs/view/4437546096/,skipped,score 10 below threshold
2026-07-27,LinkedIn,Software Engineer,Brooks Brothers,https://www.linkedin.com/jobs/view/4441857529/,skipped,score 10 below threshold
2026-07-27,LinkedIn,Web Developer,ShrinQ Consulting Group Inc,https://www.linkedin.com/jobs/view/4444015670/,skipped,score 10 below threshold
2026-07-27,LinkedIn,React Native Developer,ALIANDO,https://www.linkedin.com/jobs/view/4435165292/,skipped,"no Easy Apply — external ATS, skipped"
2026-07-27,LinkedIn,Software Engineer | Remote,Crossing Hurdles,https://www.linkedin.com/jobs/view/4441198151/,skipped,score 10 below threshold
2026-07-27,LinkedIn,Software Engineer,Brooks Brothers,https://www.linkedin.com/jobs/view/4441857529/,skipped,score 10 below threshold
2026-07-27,LinkedIn,Back End Developer,ZILO,https://www.linkedin.com/jobs/view/4440468434/,skipped,score 10 below threshold
2026-07-27,LinkedIn,SDE I (Frontend),Navi,https://www.linkedin.com/jobs/view/4437546096/,skipped,score 10 below threshold
2026-07-27,LinkedIn,Junior Frontend Engineer,Avinyaa Ed Tech Private Limited,https://www.linkedin.com/jobs/view/4442823156/,skipped,score 10 below threshold
2026-07-27,LinkedIn,React Native Developer,ALIANDO,https://www.linkedin.com/jobs/view/4435165292/,skipped,"no Easy Apply — external ATS, skipped"
2026-07-27,LinkedIn,Web Developer,ShrinQ Consulting Group Inc,https://www.linkedin.com/jobs/view/4444015670/,skipped,score 10 below threshold
2026-07-27,LinkedIn,Fullstack Developer | $80/hr Remote,Crossing Hurdles,https://www.linkedin.com/jobs/view/4430895007/,skipped,score 10 below threshold
2026-07-27,LinkedIn,Junior Frontend Engineer,Avinyaa Ed Tech Private Limited,https://www.linkedin.com/jobs/view/4442823156/,skipped,score 10 below threshold
2026-07-27,LinkedIn,Junior Software Engineer,CareerXperts Consulting,https://www.linkedin.com/jobs/view/4442804256/,skipped,score 10 below threshold
2026-07-27,LinkedIn,SDE I (Frontend),Navi,https://www.linkedin.com/jobs/view/4437546096/,skipped,score 10 below threshold
2026-07-27,LinkedIn,Full Stack Developer,Kayana | Ordering & Payment Solutions,https://www.linkedin.com/jobs/view/4442581250/,skipped,score 10 below threshold
2026-07-27,LinkedIn,Web Developer,ShrinQ Consulting Group Inc,https://www.linkedin.com/jobs/view/4444015670/,skipped,score 10 below threshold
2026-07-27,LinkedIn,Fullstack Developer | $80/hr Remote,Crossing Hurdles,https://www.linkedin.com/jobs/view/4430895007/,skipped,score 10 below threshold
2026-07-27,LinkedIn,React Native Developer,ALIANDO,https://www.linkedin.com/jobs/view/4435165292/,skipped,"no Easy Apply — external ATS, skipped"
2026-07-27,LinkedIn,Back End Developer,ZILO,https://www.linkedin.com/jobs/view/4440468434/,skipped,score 10 below threshold
2026-07-27,LinkedIn,Mern Full Stack Developer,Planys Technologies,https://www.linkedin.com/jobs/view/4437977898/,skipped,score 10 below threshold
2026-07-27,LinkedIn,Junior Software Engineer,CareerXperts Consulting,https://www.linkedin.com/jobs/view/4442804256/,skipped,score 10 below threshold
2026-07-27,LinkedIn,Full Stack Developer,Kayana | Ordering & Payment Solutions,https://www.linkedin.com/jobs/view/4442581250/,skipped,score 10 below threshold
2026-07-27,LinkedIn,Web Developer,ShrinQ Consulting Group Inc,https://www.linkedin.com/jobs/view/4444015670/,skipped,score 10 below threshold
2026-07-27,LinkedIn,React Native Developer,ALIANDO,https://www.linkedin.com/jobs/view/4435165292/,skipped,"no Easy Apply — external ATS, skipped"
2026-07-27,LinkedIn,Fullstack Developer | $80/hr Remote,Crossing Hurdles,https://www.linkedin.com/jobs/view/4430895007/,skipped,score 10 below threshold
2026-07-27,LinkedIn,Back End Developer,ZILO,https://www.linkedin.com/jobs/view/4440468434/,skipped,score 10 below threshold
2026-07-27,LinkedIn,Mern Full Stack Developer,Planys Technologies,https://www.linkedin.com/jobs/view/4437977898/,skipped,score 10 below threshold
2026-07-27,LinkedIn,Junior Software Engineer,CareerXperts Consulting,https://www.linkedin.com/jobs/view/4442804256/,skipped,score 10 below threshold
2026-07-27,LinkedIn,Software Engineer,Brooks Brothers,https://www.linkedin.com/jobs/view/4441857529/,skipped,score 10 below threshold
2026-07-27,Cutshort,Full Stack Developer,Envisioned Strategy and Consulting,https://cutshort.io/job/Full-Stack-Developer-Hyderabad-Envisioned-Strategy-and-Consulting-pnKE3yCo,skipped,score 10 below threshold
2026-07-27,Cutshort,React Native Developer – PHP/LARAVEL,CNV AI Labs Inc,https://cutshort.io/job/React-Native-Developer-PHP-LARAVEL-CNV-AI-Labs-Inc-djtssuLz,failed,no application confirmation on Cutshort
2026-07-27,Cutshort,React Native Developer,GD,https://cutshort.io/job/React-Native-Developer-Ahmedabad-GD-hBNysnI4,failed,no application confirmation on Cutshort
2026-07-27,Cutshort,Full Stack Developer (React Native + Integrations),Zan - Zari Group,https://cutshort.io/job/Full-Stack-Developer-React-Native-Integrations-Zan-Zari-Group-SXhKtmRH,failed,no application confirmation on Cutshort
2026-07-27,Cutshort,UI Engineer,Orenda,https://cutshort.io/job/UI-Engineer-Ahmedabad-Orenda-kF0eBPir,skipped,score 10 below threshold
2026-07-27,Cutshort,Android Developer - I,KnackLabs,https://cutshort.io/job/Android-Developer-I-Bengaluru-Bangalore-KnackLabs-C5bwFIee,skipped,score -100 below threshold
2026-07-27,Cutshort,Full Stack Developer - Senior,SwitchKart,https://cutshort.io/job/Full-Stack-Developer-Senior-Bengaluru-Bangalore-SwitchKart-hrCry4pA,skipped,score -100 below threshold
2026-07-27,Cutshort,SDE Intern - React Native,PGAGI,https://cutshort.io/job/SDE-Intern-React-Native-PGAGI-2ARnMb5d,failed,no application confirmation on Cutshort
2026-07-27,Cutshort,"Mobile Developer (React Native) — 3-Month Contract, Remote",Zan - Zari Group,https://cutshort.io/job/Mobile-Developer-React-Native-3-Month-Contract-Remote-Zan-Zari-Group-yNs3ndxI,failed,no application confirmation on Cutshort
2026-07-27,Cutshort,React Native Developer with PHP Developer(Strong backend Knowledge),httpswwwicloudemscom,https://cutshort.io/job/React-Native-Developer-with-PHP-Developer-Strong-backend-Knowledge-httpswwwicloudemscom-oWDoq49q,failed,no application confirmation on Cutshort
2026-07-27,Cutshort,Lead Product Engineer - Pod Captain,Fountane inc,https://cutshort.io/job/Lead-Product-Engineer-Pod-Captain-Fountane-inc-FjqBhstE,skipped,score -100 below threshold
2026-07-27,Cutshort,Senior Software Development Engineer (Payments) Full-time,ZYSYGY,https://cutshort.io/job/Senior-Software-Development-Engineer-Payments-Full-time-ZYSYGY-Gm6TIiDw,skipped,score -100 below threshold
2026-07-27,Cutshort,Fullstack Developer,,https://cutshort.io/job/Fullstack-Developer-Mumbai-Cutshort-Lightning-hm7QSYFD,skipped,experience 1yr out of range
2026-07-27,Cutshort,Engineering Lead,,https://cutshort.io/job/Engineering-Lead-Mumbai-Cutshort-Lightning-OmazFcWW,skipped,experience 7yrs out of range
2026-07-27,Cutshort,Front end developer,Knobee Social India Private Limited,https://cutshort.io/job/Front-end-developer-Noida-Bengaluru-Bangalore-Knobee-Social-India-Private-Limited-0r0IA5Cq,skipped,score 10 below threshold
2026-07-27,Cutshort,Senior React Native Developer,Procedure,https://cutshort.io/job/Senior-React-Native-Developer-Procedure-5nCabdqM,skipped,score -100 below threshold
2026-07-27,Cutshort,React Native Intern,PGAGI,https://cutshort.io/job/React-Native-Intern-Bengaluru-Bangalore-PGAGI-FzasCXYn,failed,no application confirmation on Cutshort
2026-07-27,Cutshort,Mobile App Developer- Intern,Aaizel International Technologies Pvt Ltd,https://cutshort.io/job/Mobile-App-Developer-Intern-Gurugram-Aaizel-International-Technologies-Pvt-Ltd-pCDGS1PB,skipped,score 50 below threshold
2026-07-27,Cutshort,React Native SDE 3,NeoGenCode Technologies Pvt Ltd,https://cutshort.io/job/React-Native-SDE-3-Bengaluru-Bangalore-NeoGenCode-Technologies-Pvt-Ltd-Dfn6pWZy,skipped,score -100 below threshold
2026-07-27,Cutshort,PHP Developer,CNV AI Labs Inc,https://cutshort.io/job/PHP-Developer-CNV-AI-Labs-Inc-aXdDCEUE,skipped,score 10 below threshold
2026-07-27,Cutshort,Senior Product Engineer - Mobile Developer (L3),Fountane inc,https://cutshort.io/job/Senior-Product-Engineer-Mobile-Developer-L3-Fountane-inc-oyJaddR8,skipped,score -100 below threshold
2026-07-27,Cutshort,Staff Mobile Application Developer,RockED,https://cutshort.io/job/Staff-Mobile-Application-Developer-Bengaluru-Bangalore-RockED-8fPkLTUb,skipped,score -100 below threshold
2026-07-27,Cutshort,Lead Mobile Engineer – Android & iOS,,https://cutshort.io/job/Lead-Mobile-Engineer-Android-iOS-Hyderabad-Recruiting-Bond-SGHz97wJ,skipped,experience 5 - 8 yrs out of range
2026-07-27,Cutshort,Senior Backend Developer,Master-O,https://cutshort.io/job/Senior-Backend-Developer-Gurugram-Master-O-ax0pS75g,skipped,score -100 below threshold
2026-07-27,Cutshort,React Native,1HResource Solutions,https://cutshort.io/job/React-Native-Bengaluru-Bangalore-1HResource-Solutions-lpZLOYSw,failed,no application confirmation on Cutshort
2026-07-27,Cutshort,Mobile Application Lead (React Native),Amura Health,https://cutshort.io/job/Mobile-Application-Lead-React-Native-Chennai-Amura-Health-aK3qiR1w,skipped,score -100 below threshold
2026-07-27,Cutshort,Android Developer,Aaizel International Technologies Pvt Ltd,https://cutshort.io/job/Android-Developer-Gurugram-Aaizel-International-Technologies-Pvt-Ltd-XMggixxl,skipped,score -100 below threshold
2026-07-27,Cutshort,Software Development Engineer – Mobile / Full-Stack,PGAGI,https://cutshort.io/job/Software-Development-Engineer-Mobile-Full-Stack-Bengaluru-Bangalore-PGAGI-P5ZXCB6o,skipped,score 10 below threshold
2026-07-27,Cutshort,Job Description – React Native Full Stack Developer,TopGrep Tech Private Limited,https://cutshort.io/job/Job-Description-React-Native-Full-Stack-Developer-Bengaluru-Bangalore-TopGrep-Tech-Private-Limited-b56hFu6d,failed,no application confirmation on Cutshort
2026-07-27,Cutshort,Lead Frontend Engineer - React.js (4-6 years),Trendlyne Technologies,https://cutshort.io/job/Lead-Frontend-Engineer-React-js-4-6-years-Bengaluru-Bangalore-Trendlyne-Technologies-buBrp8Tq,skipped,score -100 below threshold
2026-07-27,Cutshort,Senior React Native Developer,Big Rattle Technologies,https://cutshort.io/job/Senior-React-Native-Developer-Big-Rattle-Technologies-QWXg5Be3,skipped,score -100 below threshold
2026-07-27,Cutshort,Software Engineer,ReThink,https://cutshort.io/job/Software-Engineer-ReThink-thbQzSYt,skipped,score 10 below threshold
2026-07-27,Cutshort,Backend- Developer,WorldRef Technologies,https://cutshort.io/job/Backend-Developer-Noida-63-WorldRef-Technologies-RIwYbka0,skipped,score 10 below threshold
2026-07-27,Cutshort,React Native Developer,Qurilo Technologies LLC,https://cutshort.io/job/React-Native-Developer-Delhi-Gurugram-Noida-Ghaziabad-Faridabad-Qurilo-Technologies-LLC-D1WcobZs,failed,no application confirmation on Cutshort
2026-07-27,Cutshort,Full Stack Developer,Ekostay LLP,https://cutshort.io/job/Full-Stack-Developer-Mumbai-worli-Ekostay-LLP-awSu8gP7,skipped,score 10 below threshold
2026-07-27,Cutshort,React JS/ React Native Developer,Hunarstreet Technologies Pvt Ltd,https://cutshort.io/job/React-JS-React-Native-Developer-Pune-Hunarstreet-Technologies-Pvt-Ltd-EfDtNOIc,failed,no application confirmation on Cutshort
2026-07-27,Cutshort,React Native Engineer | 4+ yrs | Bangalore,sketch brahma,https://cutshort.io/job/React-Native-Engineer-4-yrs-Bangalore-Bengaluru-Bangalore-Hyderabad-Noida-1HResource-Solutions-QpmxoBBb,skipped,experience 4+ yrs out of range
2026-07-27,Cutshort,Senior Full Stack Developer,Gofar Corporate Private Limited,https://cutshort.io/job/Senior-Full-Stack-Developer-Chennai-Gofar-Corporate-Private-Limited-orEtA5sD,skipped,score -100 below threshold
2026-07-27,Cutshort,React Native Developer,Jio Tesseract,https://cutshort.io/job/React-Native-Developer-Navi-Mumbai-Jio-Tesseract-uDTIXZox,failed,no application confirmation on Cutshort
2026-07-27,Cutshort,Consultant-Enterprise Application Developer,VTT Mobility Private Limited,https://cutshort.io/job/Consultant-Enterprise-Application-Developer-Bengaluru-Bangalore-VTT-Mobility-Private-Limited-0Ew5FX8I,skipped,score 10 below threshold
2026-07-27,Cutshort,FULL STACK DEVELOPER,,https://cutshort.io/job/FULL-STACK-DEVELOPER-Bengaluru-Bangalore-Peak-Hire-Solutions-Lf5o0MXW,skipped,score -100 below threshold
2026-07-27,Cutshort,Full Stack Developer,NeoGenCode Technologies Pvt Ltd,https://cutshort.io/job/Full-Stack-Developer-NeoGenCode-Technologies-Pvt-Ltd-eOk7yFQj,skipped,score 10 below threshold
2026-07-27,Cutshort,Software Developer,CNV Labs India Pvt Ltd iCloudEMS,https://cutshort.io/job/Software-Developer-CNV-Labs-India-Pvt-Ltd-iCloudEMS-PCC5XQUa,skipped,score 10 below threshold
2026-07-27,Cutshort,Node.js Developer (React Native),CNV Labs India Pvt Ltd iCloudEMS,https://cutshort.io/job/Node-js-Developer-React-Native-CNV-Labs-India-Pvt-Ltd-iCloudEMS-XnijIU1R,failed,no application confirmation on Cutshort
2026-07-27,Cutshort,React Native Developer,Wissen Technology,https://cutshort.io/job/React-Native-Developer-Bengaluru-Bangalore-Wissen-Technology-KuTiRX07,failed,no application confirmation on Cutshort
2026-07-27,Cutshort,React Native Developer,Deqode,https://cutshort.io/job/React-Native-Developer-Pune-Bhopal-Jaipur-Gurugram-Delhi-Bengaluru-Bangalore-Chennai-Deqode-O4C6m2sf,failed,no application confirmation on Cutshort
2026-07-27,Cutshort,Full Stack Engineer,TECHNAVITAS INFO INDIA PVT LTD,https://cutshort.io/job/Full-Stack-Engineer-Hyderabad-TECHNAVITAS-INFO-INDIA-PVT-LTD-KscgR23j,skipped,score 10 below threshold
2026-07-27,Cutshort,"Lead II-Software Engineering- React Native, Mobile App Architecture",,https://cutshort.io/job/Lead-II-Software-Engineering-React-Native-Mobile-App-Architecture-Mumbai-Peak-Hire-Solutions-9hNco541,skipped,experience 7 - 9 yrs out of range
2026-07-27,Cutshort,Full Stack Developer (Remote - Support Role),NeoGenCode Technologies Pvt Ltd,https://cutshort.io/job/Full-Stack-Developer-Remote-Support-Role-NeoGenCode-Technologies-Pvt-Ltd-RQcDaOWX,skipped,score 10 below threshold
2026-07-27,Cutshort,Senior Mobile App Developer (Android & iOS),Impacto Digifin Technologies,https://cutshort.io/job/Senior-Mobile-App-Developer-Android-iOS-BROOKFEILD-Impacto-Digifin-Technologies--xHkJTFL7,skipped,score -100 below threshold
2026-07-27,Cutshort,UI Engineer,geniSIGHTS Pvt Ltd,https://cutshort.io/job/UI-Engineer-Chennai-geniSIGHTS-Pvt-Ltd-6rOtlTTw,skipped,score 10 below threshold
2026-07-27,Cutshort,React Native Developer,GD,https://cutshort.io/job/React-Native-Developer-Ahmedabad-GD-hBNysnI4,failed,no application confirmation on Cutshort
2026-07-27,Cutshort,Frontend Developer(React JS),TechnoRishi Consulting Pvt Ltd,https://cutshort.io/job/Frontend-Developer-React-JS-Bengaluru-Bangalore-TechnoRishi-Consulting-Pvt-Ltd-Ks7J7H9d,failed,no application confirmation on Cutshort
2026-07-27,Cutshort,UI Engineer,Orenda,https://cutshort.io/job/UI-Engineer-Ahmedabad-Orenda-kF0eBPir,skipped,score 10 below threshold
2026-07-27,Cutshort,Three js web developer,Valerie Group,https://cutshort.io/job/Three-js-web-developer-Valerie-Group-5acGKnC6,skipped,score 10 below threshold
2026-07-27,Cutshort,SDE Internship (Next Js),PGAGI,https://cutshort.io/job/SDE-Internship-Next-Js-PGAGI-y4NMladl,skipped,score 10 below threshold
2026-07-27,Cutshort,SDE Intern - React Native,PGAGI,https://cutshort.io/job/SDE-Intern-React-Native-PGAGI-2ARnMb5d,failed,no application confirmation on Cutshort
2026-07-27,Cutshort,Frontend UI Developer (React),CK-12 Foundation,https://cutshort.io/job/Frontend-UI-Developer-React-Bengaluru-Bangalore-CK-12-Foundation-UzNAjhAB,failed,no application confirmation on Cutshort
2026-07-27,Cutshort,Web Developer,Event Management,https://cutshort.io/job/Web-Developer-Mumbai-Hunarstreet-Technologies-Pvt-Ltd-NLFAn22x,skipped,score 10 below threshold
2026-07-27,Cutshort,Web Developer - Goregaon - Onsite,Hunarstreet Technologies Pvt Ltd,https://cutshort.io/job/Web-Developer-Goregaon-Onsite-Mumbai-Hunarstreet-Technologies-Pvt-Ltd-nRzNwsoK,skipped,score 10 below threshold
2026-07-27,Cutshort,Flutter Developer,Koladiya Indusrties,https://cutshort.io/job/Flutter-Developer-Surat-Koladiya-Indusrties-pn3ZFHiF,skipped,score 10 below threshold
2026-07-27,Cutshort,React.js Developer,Iitil,https://cutshort.io/job/React-js-Developer-Iitil-SOuTlB1e,failed,no application confirmation on Cutshort
2026-07-27,Cutshort,Angular Developer - Contract-Based - Mumbai,Wama Technology,https://cutshort.io/job/Angular-Developer-Contract-Based-Mumbai-Andheri-Mumbai-Thane-Navi-Mumbai-Wama-Technology-B1m0nUoG,skipped,score 10 below threshold
2026-07-27,Cutshort,Senior Front End,Altinvest Online Platform Pvt Ltd,https://cutshort.io/job/Senior-Front-End-Bengaluru-Bangalore-Altinvest-Online-Platform-Pvt-Ltd-CZTOOkIR,skipped,score -100 below threshold
2026-07-27,Cutshort,Frontend Developer,Timble Technologies,https://cutshort.io/job/Frontend-Developer-Delhi-Gurugram-Noida-Ghaziabad-Faridabad-Timble-Technologies-nSyatns6,skipped,score 10 below threshold
2026-07-27,Cutshort,Frontend Developer intern,MotionGility,https://cutshort.io/job/Frontend-Developer-intern-Indore-MotionGility-obamFnQx,skipped,score 10 below threshold
2026-07-27,Cutshort,Angular Developer,Wissen Technology,https://cutshort.io/job/Angular-Developer-Mumbai-Wissen-Technology-a4nmwrwB,skipped,score 10 below threshold
2026-07-27,Cutshort,Frontend Engineer,Unico Connect Private Limited,https://cutshort.io/job/Frontend-Engineer-Mumbai-Unico-Connect-Private-Limited-L8z41XrU,skipped,score 10 below threshold
2026-07-27,Cutshort,Angular Developer,Wissen Technology,https://cutshort.io/job/Angular-Developer-Mumbai-Wissen-Technology-iJCRYaHK,skipped,score 10 below threshold
2026-07-27,Cutshort,SDE 3 (Frontend),MediBuddy,https://cutshort.io/job/SDE-3-Frontend-Bengaluru-Bangalore-Indore-MediBuddy-nQkmf3q1,skipped,score -100 below threshold
2026-07-27,Cutshort,Teamcenter Developer,TCS,https://cutshort.io/job/Teamcenter-Developer-Bengaluru-Bangalore-Chennai-Hyderabad-Pune-Kolkata-Delhi-Gurugram-Noida-Ghaziabad-Faridabad-HR-Remedy-India-9Jpt7ojn,skipped,score 10 below threshold
2026-07-27,Cutshort,Lead Frontend Engineer/Architect,Shorthills AI,https://cutshort.io/job/Lead-Frontend-Engineer-Architect-Shorthills-AI-fJLgaR9E,skipped,score -100 below threshold
2026-07-27,Cutshort,Software developer Engineer -React,myGate.in,https://cutshort.io/job/Software-developer-Engineer-React-Bengaluru-Bangalore-myGate-in-cjEORTJh,failed,no application confirmation on Cutshort
2026-07-27,Cutshort,AI/ML,Webkul Software PvtLtd,https://cutshort.io/job/AI-ML-Noida-Webkul-Software-PvtLtd-GQqwzc3t,skipped,score 10 below threshold
2026-07-27,Cutshort,Senior/ Lead Frontend Developer - React.js Framework,Trendlyne Technologies,https://cutshort.io/job/Senior-Lead-Frontend-Developer-React-js-Framework-Bengaluru-Bangalore-Trendlyne-Technologies-ESOoCDTp,skipped,score -100 below threshold
2026-07-27,Cutshort,Frontend Developer (React & Expo),Moolya Software Testing Private Limited,https://cutshort.io/job/Frontend-Developer-React-Expo-Bengaluru-Bangalore-Moolya-Software-Testing-Private-Limited-yFelpzca,failed,no application confirmation on Cutshort
2026-07-27,Cutshort,Web Designer,Royal IT Park Services,https://cutshort.io/job/Web-Designer-Hyderabad-Royal-IT-Park-Services-1MC9hOgi,skipped,score 10 below threshold
2026-07-27,Cutshort,VueJS Developer,,https://cutshort.io/job/VueJS-Developer-Chennai-Codemind-Staffing-Solutions-Fsun1BTe,skipped,experience 5 - 10 yrs out of range
2026-07-27,Cutshort,Angular Developer,Wissen Technology,https://cutshort.io/job/Angular-Developer-Bengaluru-Bangalore-Wissen-Technology-TYKQaCEx,skipped,score 10 below threshold
2026-07-27,Cutshort,Software Engineer - Front End,Cglia Solutions LLP,https://cutshort.io/job/Software-Engineer-Front-End-Hyderabad-Cglia-Solutions-LLP--8YcgwsdS,skipped,score 10 below threshold
2026-07-27,Cutshort,JAVA DEVELOPER,Staffnixcom,https://cutshort.io/job/JAVA-DEVELOPER-Staffnixcom-WKkUW9yn,skipped,score -100 below threshold
2026-07-27,Cutshort,Frontend Developer Intern (Next.js),Rupeestop LLP,https://cutshort.io/job/Frontend-Developer-Intern-Next-js-Jaipur-Rupeestop-LLP-3dcLMi4y,skipped,score 10 below threshold
2026-07-27,Cutshort,PLC programmer,Next Kraft Parking Technologies,https://cutshort.io/job/PLC-programmer-Mumbai-Next-Kraft-Parking-Technologies-UhGT74Wd,skipped,score 10 below threshold
2026-07-27,Cutshort,Wordpress Developer,Arcitech,https://cutshort.io/job/Wordpress-Developer-Navi-Mumbai-Arcitech-4cKngDl4,skipped,score 10 below threshold
2026-07-27,Cutshort,UI/UX Engineer,Timble Technologies,https://cutshort.io/job/UI-UX-Engineer-Delhi-Gurugram-Noida-Timble-Technologies-h2lojjgt,skipped,score 10 below threshold
2026-07-27,Cutshort,UI Engineering Lead,MeltPlan,https://cutshort.io/job/UI-Engineering-Lead-Bengaluru-Bangalore-MeltPlan-rHeZo5br,skipped,score -100 below threshold
2026-07-27,Cutshort,Jr React Developer,1HResource Solutions,https://cutshort.io/job/Jr-React-Developer-Bengaluru-Bangalore-1HResource-Solutions-zaYl2eGn,failed,no application confirmation on Cutshort
2026-07-27,Cutshort,Staff Frontend Engineer - AI Agents (React + AI Coding Tools),,https://cutshort.io/job/Staff-Frontend-Engineer-AI-Agents-React-AI-Coding-Tools-Recruiting-Bond-lWiesefg,skipped,experience 7 - 10 yrs out of range
2026-07-27,Cutshort,Assistant Manager | Angular Developer - 1 year Contract,Hunarstreet Technologies Pvt Ltd,https://cutshort.io/job/Assistant-Manager-Angular-Developer-1-year-Contract-Bengaluru-Bangalore-Delhi-Gurugram-Noida-Ghaziabad-Faridabad-Hyderabad-RxJS-NgRx-Hunarstreet-Technologies-Pvt-Ltd-37a5fAFf,skipped,score 10 below threshold
2026-07-27,Cutshort,Senior Frontend Engineer (Full-Stack Capabilities),MeltPlan,https://cutshort.io/job/Senior-Frontend-Engineer-Full-Stack-Capabilities-Bengaluru-Bangalore-MeltPlan-FpsuaK3O,skipped,score -100 below threshold
2026-07-27,Cutshort,Junior Software Engineer,Shipthis Inc,https://cutshort.io/job/Junior-Software-Engineer-Bengaluru-Bangalore-Shipthis-Inc-St2mEukS,skipped,score 10 below threshold
2026-07-27,Cutshort,"WordPress Developer with HTML, CSS- Kolkata candidates only",Goranggo Solutions Private Limited,https://cutshort.io/job/WordPress-Developer-with-HTML-CSS-Kolkata-candidates-only-Kolkata-Goranggo-Solutions-Private-Limited-OCQSjsQ1,skipped,score 10 below threshold
2026-07-27,Cutshort,Senior Frontend Engineer,Vikgol Technologies,https://cutshort.io/job/Senior-Frontend-Engineer-Bengaluru-Bangalore-Vikgol-Technologies-tyL51pyp,skipped,score -100 below threshold
2026-07-27,Cutshort,Lead-Angular Developer,Hunarstreet Technologies Pvt Ltd,https://cutshort.io/job/Lead-Angular-Developer-Bengaluru-Bangalore-Delhi-Hyderabad-Hunarstreet-Technologies-Pvt-Ltd-Pm2mSN4E,skipped,score -100 below threshold
2026-07-27,Cutshort,Lead Frontend Engineer - React.js (4-6 years),Trendlyne Technologies,https://cutshort.io/job/Lead-Frontend-Engineer-React-js-4-6-years-Bengaluru-Bangalore-Trendlyne-Technologies-buBrp8Tq,skipped,score -100 below threshold
2026-07-27,Cutshort,Fronted Developer,Digital Prospects Consulting,https://cutshort.io/job/Fronted-Developer-Lucknow-Digital-Prospects-Consulting-8TCAhEsw,skipped,score 10 below threshold
2026-07-27,Cutshort,Frontend Developer,Syphoon,https://cutshort.io/job/Frontend-Developer-Syphoon-QOegxGx2,skipped,score 10 below threshold
2026-07-27,Cutshort,.Net Developer,Deqode,https://cutshort.io/job/-Net-Developer-Mumbai-Bengaluru-Bangalore-Deqode-4UlpAdu8,skipped,score -100 below threshold
2026-07-27,Cutshort,UI Developer,NeoGenCode Technologies Pvt Ltd,https://cutshort.io/job/UI-Developer-Pune-Hyderabad-NeoGenCode-Technologies-Pvt-Ltd-enBw3384,skipped,score 10 below threshold
2026-07-27,Cutshort,UI Software Engineer,NeoGenCode Technologies Pvt Ltd,https://cutshort.io/job/UI-Software-Engineer-Pune-Hyderabad-NeoGenCode-Technologies-Pvt-Ltd-Yp32NpXY,skipped,score 10 below threshold
2026-07-27,Cutshort,UI Engineer,geniSIGHTS Pvt Ltd,https://cutshort.io/job/UI-Engineer-Chennai-geniSIGHTS-Pvt-Ltd-6rOtlTTw,skipped,score 10 below threshold
2026-07-27,Cutshort,React Native Developer,GD,https://cutshort.io/job/React-Native-Developer-Ahmedabad-GD-hBNysnI4,failed,no application confirmation on Cutshort
2026-07-27,Cutshort,Frontend Developer(React JS),TechnoRishi Consulting Pvt Ltd,https://cutshort.io/job/Frontend-Developer-React-JS-Bengaluru-Bangalore-TechnoRishi-Consulting-Pvt-Ltd-Ks7J7H9d,failed,no application confirmation on Cutshort
2026-07-27,Cutshort,UI Engineer,Orenda,https://cutshort.io/job/UI-Engineer-Ahmedabad-Orenda-kF0eBPir,skipped,score 10 below threshold
2026-07-27,Cutshort,Three js web developer,Valerie Group,https://cutshort.io/job/Three-js-web-developer-Valerie-Group-5acGKnC6,skipped,score 10 below threshold
2026-07-27,Cutshort,SDE Internship (Next Js),PGAGI,https://cutshort.io/job/SDE-Internship-Next-Js-PGAGI-y4NMladl,skipped,score 10 below threshold
2026-07-27,Cutshort,SDE Intern - React Native,PGAGI,https://cutshort.io/job/SDE-Intern-React-Native-PGAGI-2ARnMb5d,failed,no application confirmation on Cutshort
2026-07-27,Cutshort,Frontend UI Developer (React),CK-12 Foundation,https://cutshort.io/job/Frontend-UI-Developer-React-Bengaluru-Bangalore-CK-12-Foundation-UzNAjhAB,failed,no application confirmation on Cutshort
2026-07-27,Cutshort,Web Developer,Event Management,https://cutshort.io/job/Web-Developer-Mumbai-Hunarstreet-Technologies-Pvt-Ltd-NLFAn22x,skipped,score 10 below threshold
2026-07-27,Cutshort,Web Developer - Goregaon - Onsite,Hunarstreet Technologies Pvt Ltd,https://cutshort.io/job/Web-Developer-Goregaon-Onsite-Mumbai-Hunarstreet-Technologies-Pvt-Ltd-nRzNwsoK,skipped,score 10 below threshold
2026-07-27,Cutshort,Flutter Developer,Koladiya Indusrties,https://cutshort.io/job/Flutter-Developer-Surat-Koladiya-Indusrties-pn3ZFHiF,skipped,score 10 below threshold
2026-07-27,Cutshort,React.js Developer,Iitil,https://cutshort.io/job/React-js-Developer-Iitil-SOuTlB1e,failed,no application confirmation on Cutshort
2026-07-27,Cutshort,Angular Developer - Contract-Based - Mumbai,Wama Technology,https://cutshort.io/job/Angular-Developer-Contract-Based-Mumbai-Andheri-Mumbai-Thane-Navi-Mumbai-Wama-Technology-B1m0nUoG,skipped,score 10 below threshold
2026-07-27,Cutshort,Senior Front End,Altinvest Online Platform Pvt Ltd,https://cutshort.io/job/Senior-Front-End-Bengaluru-Bangalore-Altinvest-Online-Platform-Pvt-Ltd-CZTOOkIR,skipped,score -100 below threshold
2026-07-27,Cutshort,Frontend Developer,Timble Technologies,https://cutshort.io/job/Frontend-Developer-Delhi-Gurugram-Noida-Ghaziabad-Faridabad-Timble-Technologies-nSyatns6,skipped,score 10 below threshold
2026-07-27,Cutshort,Frontend Developer intern,MotionGility,https://cutshort.io/job/Frontend-Developer-intern-Indore-MotionGility-obamFnQx,skipped,score 10 below threshold
2026-07-27,Cutshort,Angular Developer,Wissen Technology,https://cutshort.io/job/Angular-Developer-Mumbai-Wissen-Technology-a4nmwrwB,skipped,score 10 below threshold
2026-07-27,Cutshort,Frontend Engineer,Unico Connect Private Limited,https://cutshort.io/job/Frontend-Engineer-Mumbai-Unico-Connect-Private-Limited-L8z41XrU,skipped,score 10 below threshold
2026-07-27,Cutshort,Angular Developer,Wissen Technology,https://cutshort.io/job/Angular-Developer-Mumbai-Wissen-Technology-iJCRYaHK,skipped,score 10 below threshold
2026-07-27,Cutshort,SDE 3 (Frontend),MediBuddy,https://cutshort.io/job/SDE-3-Frontend-Bengaluru-Bangalore-Indore-MediBuddy-nQkmf3q1,skipped,score -100 below threshold
2026-07-27,Cutshort,Teamcenter Developer,TCS,https://cutshort.io/job/Teamcenter-Developer-Bengaluru-Bangalore-Chennai-Hyderabad-Pune-Kolkata-Delhi-Gurugram-Noida-Ghaziabad-Faridabad-HR-Remedy-India-9Jpt7ojn,skipped,score 10 below threshold
2026-07-27,Cutshort,Lead Frontend Engineer/Architect,Shorthills AI,https://cutshort.io/job/Lead-Frontend-Engineer-Architect-Shorthills-AI-fJLgaR9E,skipped,score -100 below threshold
2026-07-27,Cutshort,Software developer Engineer -React,myGate.in,https://cutshort.io/job/Software-developer-Engineer-React-Bengaluru-Bangalore-myGate-in-cjEORTJh,failed,no application confirmation on Cutshort
2026-07-27,Cutshort,AI/ML,Webkul Software PvtLtd,https://cutshort.io/job/AI-ML-Noida-Webkul-Software-PvtLtd-GQqwzc3t,skipped,score 10 below threshold
2026-07-27,Cutshort,Senior/ Lead Frontend Developer - React.js Framework,Trendlyne Technologies,https://cutshort.io/job/Senior-Lead-Frontend-Developer-React-js-Framework-Bengaluru-Bangalore-Trendlyne-Technologies-ESOoCDTp,skipped,score -100 below threshold
2026-07-27,Cutshort,Frontend Developer (React & Expo),Moolya Software Testing Private Limited,https://cutshort.io/job/Frontend-Developer-React-Expo-Bengaluru-Bangalore-Moolya-Software-Testing-Private-Limited-yFelpzca,failed,no application confirmation on Cutshort
2026-07-27,Cutshort,Web Designer,Royal IT Park Services,https://cutshort.io/job/Web-Designer-Hyderabad-Royal-IT-Park-Services-1MC9hOgi,skipped,score 10 below threshold
2026-07-27,Cutshort,VueJS Developer,,https://cutshort.io/job/VueJS-Developer-Chennai-Codemind-Staffing-Solutions-Fsun1BTe,skipped,experience 5 - 10 yrs out of range
2026-07-27,Cutshort,Angular Developer,Wissen Technology,https://cutshort.io/job/Angular-Developer-Bengaluru-Bangalore-Wissen-Technology-TYKQaCEx,skipped,score 10 below threshold
2026-07-27,Cutshort,Software Engineer - Front End,Cglia Solutions LLP,https://cutshort.io/job/Software-Engineer-Front-End-Hyderabad-Cglia-Solutions-LLP--8YcgwsdS,skipped,score 10 below threshold
2026-07-27,Cutshort,JAVA DEVELOPER,Staffnixcom,https://cutshort.io/job/JAVA-DEVELOPER-Staffnixcom-WKkUW9yn,skipped,score -100 below threshold
2026-07-27,Cutshort,Frontend Developer Intern (Next.js),Rupeestop LLP,https://cutshort.io/job/Frontend-Developer-Intern-Next-js-Jaipur-Rupeestop-LLP-3dcLMi4y,skipped,score 10 below threshold
2026-07-27,Cutshort,PLC programmer,Next Kraft Parking Technologies,https://cutshort.io/job/PLC-programmer-Mumbai-Next-Kraft-Parking-Technologies-UhGT74Wd,skipped,score 10 below threshold
2026-07-27,Cutshort,Wordpress Developer,Arcitech,https://cutshort.io/job/Wordpress-Developer-Navi-Mumbai-Arcitech-4cKngDl4,skipped,score 10 below threshold
2026-07-27,Cutshort,UI/UX Engineer,Timble Technologies,https://cutshort.io/job/UI-UX-Engineer-Delhi-Gurugram-Noida-Timble-Technologies-h2lojjgt,skipped,score 10 below threshold
2026-07-27,Cutshort,UI Engineering Lead,MeltPlan,https://cutshort.io/job/UI-Engineering-Lead-Bengaluru-Bangalore-MeltPlan-rHeZo5br,skipped,score -100 below threshold
2026-07-27,Cutshort,Jr React Developer,1HResource Solutions,https://cutshort.io/job/Jr-React-Developer-Bengaluru-Bangalore-1HResource-Solutions-zaYl2eGn,failed,no application confirmation on Cutshort
2026-07-27,Cutshort,Staff Frontend Engineer - AI Agents (React + AI Coding Tools),,https://cutshort.io/job/Staff-Frontend-Engineer-AI-Agents-React-AI-Coding-Tools-Recruiting-Bond-lWiesefg,skipped,experience 7 - 10 yrs out of range
2026-07-27,Cutshort,Assistant Manager | Angular Developer - 1 year Contract,Hunarstreet Technologies Pvt Ltd,https://cutshort.io/job/Assistant-Manager-Angular-Developer-1-year-Contract-Bengaluru-Bangalore-Delhi-Gurugram-Noida-Ghaziabad-Faridabad-Hyderabad-RxJS-NgRx-Hunarstreet-Technologies-Pvt-Ltd-37a5fAFf,skipped,score 10 below threshold
2026-07-27,Cutshort,Senior Frontend Engineer (Full-Stack Capabilities),MeltPlan,https://cutshort.io/job/Senior-Frontend-Engineer-Full-Stack-Capabilities-Bengaluru-Bangalore-MeltPlan-FpsuaK3O,skipped,score -100 below threshold
2026-07-27,Cutshort,Junior Software Engineer,Shipthis Inc,https://cutshort.io/job/Junior-Software-Engineer-Bengaluru-Bangalore-Shipthis-Inc-St2mEukS,skipped,score 10 below threshold
2026-07-27,Cutshort,"WordPress Developer with HTML, CSS- Kolkata candidates only",Goranggo Solutions Private Limited,https://cutshort.io/job/WordPress-Developer-with-HTML-CSS-Kolkata-candidates-only-Kolkata-Goranggo-Solutions-Private-Limited-OCQSjsQ1,skipped,score 10 below threshold
2026-07-27,Cutshort,Senior Frontend Engineer,Vikgol Technologies,https://cutshort.io/job/Senior-Frontend-Engineer-Bengaluru-Bangalore-Vikgol-Technologies-tyL51pyp,skipped,score -100 below threshold
2026-07-27,Cutshort,Lead-Angular Developer,Hunarstreet Technologies Pvt Ltd,https://cutshort.io/job/Lead-Angular-Developer-Bengaluru-Bangalore-Delhi-Hyderabad-Hunarstreet-Technologies-Pvt-Ltd-Pm2mSN4E,skipped,score -100 below threshold
2026-07-27,Cutshort,Lead Frontend Engineer - React.js (4-6 years),Trendlyne Technologies,https://cutshort.io/job/Lead-Frontend-Engineer-React-js-4-6-years-Bengaluru-Bangalore-Trendlyne-Technologies-buBrp8Tq,skipped,score -100 below threshold
2026-07-27,Cutshort,Fronted Developer,Digital Prospects Consulting,https://cutshort.io/job/Fronted-Developer-Lucknow-Digital-Prospects-Consulting-8TCAhEsw,skipped,score 10 below threshold
2026-07-27,Cutshort,Frontend Developer,Syphoon,https://cutshort.io/job/Frontend-Developer-Syphoon-QOegxGx2,skipped,score 10 below threshold
2026-07-27,Cutshort,.Net Developer,Deqode,https://cutshort.io/job/-Net-Developer-Mumbai-Bengaluru-Bangalore-Deqode-4UlpAdu8,skipped,score -100 below threshold
2026-07-27,Cutshort,UI Developer,NeoGenCode Technologies Pvt Ltd,https://cutshort.io/job/UI-Developer-Pune-Hyderabad-NeoGenCode-Technologies-Pvt-Ltd-enBw3384,skipped,score 10 below threshold
2026-07-27,Cutshort,UI Software Engineer,NeoGenCode Technologies Pvt Ltd,https://cutshort.io/job/UI-Software-Engineer-Pune-Hyderabad-NeoGenCode-Technologies-Pvt-Ltd-Yp32NpXY,skipped,score 10 below threshold
2026-07-27,YourStory,Associate Sales & Partnerships Manager,YourStory Media,https://yourstory.com/jobs/details/22dbd6b0-55aa-11f1-b30b-eb2d7a493eb2,skipped,score 10 below threshold
2026-07-27,YourStory,Senior Reporter,YourStory Media,https://yourstory.com/jobs/details/7f800bf0-55ac-11f1-9892-0791a4cff158,skipped,score -100 below threshold
2026-07-28,Instahyre,KnackLabs - Software Development Engineer,KnackLabs,https://www.instahyre.com/#job/knacklabs/knacklabs-software-development-engineer,skipped,score 30 below threshold
2026-07-28,Naukri,Freelance React Native Developer,GladOwl,https://www.naukri.com/job-listings-freelance-react-native-developer-gladowl-web-solutions-private-limited-pune-1-to-3-years-270726503936,skipped,skipped — external ATS (apply on company site)
2026-07-28,Naukri,React Native Developer,Santa Browser,https://www.naukri.com/job-listings-react-native-developer-santa-browser-hyderabad-3-to-5-years-240726507223,skipped,skipped — external ATS (apply on company site)
2026-07-28,Naukri,"Mobile App Developer (Flutter, React Native, Kotlin)",JB Arrowstar Solutions,https://www.naukri.com/job-listings-mobile-app-developer-flutter-react-native-kotlin-jb-arrowstar-solutions-private-limited-bengaluru-2-to-5-years-270726506539,skipped,skipped — external ATS (apply on company site)
2026-07-28,Naukri,React Native Developer,Techefficio,https://www.naukri.com/job-listings-react-native-developer-techefficio-hyderabad-3-to-5-years-200726503418,skipped,skipped — external ATS (apply on company site)
2026-07-28,Naukri,React Native Developer,Bigziel,https://www.naukri.com/job-listings-react-native-developer-bigziel-chennai-1-to-3-years-311025501360,skipped,skipped — external ATS (apply on company site)
2026-07-28,Naukri,React Native Developer,Technoadviser Technologies,https://www.naukri.com/job-listings-react-native-developer-technoadviser-technologies-pvt-ltd-hyderabad-1-to-5-years-290526503919,failed,Apply button not found — page buttons  [Jobs2 | Recommended jobs | NVites13 New | Application status132 Updates | Saved jobs | Companies | Explore categories | Unicorn | MNC | Startup]
2026-07-28,Naukri,React Native Developer,Pillersoft Technology,https://www.naukri.com/job-listings-react-native-developer-piller-soft-technology-pune-3-to-7-years-210725500684,skipped,skipped — external ATS (apply on company site)
2026-07-28,Naukri,React Native Developer,Digixpro,https://www.naukri.com/job-listings-react-native-developer-digixpro-bengaluru-1-to-5-years-071125501730,skipped,skipped — external ATS (apply on company site)
2026-07-28,Naukri,React Native Developer,Cloud Counselage,https://www.naukri.com/job-listings-react-native-developer-cloud-counselage-pvt-ltd-chennai-3-to-7-years-301225507873,skipped,skipped — external ATS (apply on company site)
2026-07-28,Naukri,React Native Developer - PHP/MySQL,Loyal String International,https://www.naukri.com/job-listings-react-native-developer-php-mysql-loyal-string-international-pune-2-to-3-years-190620501339,skipped,skipped — external ATS (apply on company site)
2026-07-28,Naukri,React Native Developer,Up Market Research,https://www.naukri.com/job-listings-react-native-developer-up-market-research-pune-3-to-7-years-170424500355,skipped,skipped — external ATS (apply on company site)
2026-07-28,Naukri,React Native developer,Analogue It Solutions,https://www.naukri.com/job-listings-react-native-developer-analogue-it-solutions-mobile-application-development-company-hyderabad-1-to-4-years-150125503399,skipped,skipped — external ATS (apply on company site)
2026-07-28,Naukri,React Native Developer,Quanteon Solutions,https://www.naukri.com/job-listings-react-native-developer-quanteon-llc-hyderabad-3-to-8-years-130226502852,skipped,skipped — external ATS (apply on company site)
2026-07-28,Naukri,React Native Developers | Hyderabad India,Sowedane,https://www.naukri.com/job-listings-react-native-developers-hyderabad-india-sowedane-hyderabad-3-to-8-years-280526503016,failed,Apply button not found — page buttons  [Jobs2 | Recommended jobs | NVites13 New | Application status132 Updates | Saved jobs | Companies | Explore categories | Unicorn | MNC | Startup]
2026-07-28,Naukri,React Native Developer,Chromosis Technologies,https://www.naukri.com/job-listings-react-native-developer-chromosis-technologies-pvt-ltd-bengaluru-1-to-5-years-260326500675,skipped,skipped — external ATS (apply on company site)
2026-07-28,Naukri,React Native Developer,Apex 2000 INC,https://www.naukri.com/job-listings-react-native-developer-apex-2000-inc-bengaluru-3-to-7-years-210526501004,skipped,skipped — external ATS (apply on company site)
2026-07-28,Naukri,React Native Developer Product,Recrosoft,https://www.naukri.com/job-listings-react-native-developer-product-recrosoft-technologies-pvt-ltd-bengaluru-1-to-4-years-140526503556,failed,Apply button not found — page buttons  [Jobs2 | Recommended jobs | NVites13 New | Application status132 Updates | Saved jobs | Companies | Explore categories | Unicorn | MNC | Startup]
2026-07-28,Naukri,React Native Developer,Sthapatya Software,https://www.naukri.com/job-listings-react-native-developer-sthapatya-software-pvt-ltd-pune-3-to-5-years-311225501089,skipped,skipped — external ATS (apply on company site)
2026-07-28,Naukri,React Native Developer,Webpetal Software,https://www.naukri.com/job-listings-react-native-developer-webpetal-software-pvt-ltd-gurugram-0-to-2-years-311025500174,skipped,skipped — external ATS (apply on company site)
2026-07-28,Naukri,Mobile Developer,Siri Innovations,https://www.naukri.com/job-listings-mobile-developer-siri-innovations-pvt-ltd-hyderabad-2-to-5-years-210726501582,skipped,score 50 below threshold
2026-07-28,Naukri,Mobile Developer,Akra Tech,https://www.naukri.com/job-listings-mobile-developer-akra-tech-chennai-3-to-8-years-200726503725,skipped,skipped — external ATS (apply on company site)
2026-07-28,Naukri,"Staff Engineer ,Mobile Developer",Nagarro,https://www.naukri.com/job-listings-staff-engineer-mobile-developer-nagarro-software-pvt-ltd-hyderabad-1-to-3-years-291025502366,skipped,score -100 below threshold
2026-07-28,Naukri,Mobile Developer,Couchbase,https://www.naukri.com/job-listings-mobile-developer-couchbase-inc-bengaluru-1-to-3-years-270625501943,skipped,skipped — external ATS (apply on company site)
2026-07-28,Naukri,Mobile Developer (Japan Posting),Mount Talent Consulting,https://www.naukri.com/job-listings-mobile-developer-japan-posting-value-innovation-labs-hyderabad-bengaluru-delhi-ncr-2-to-5-years-260626000136,skipped,score 50 below threshold
2026-07-28,Naukri,Mobile Developer (Japan Posting),Mount Talent Consulting,https://www.naukri.com/job-listings-mobile-developer-japan-posting-value-innovation-labs-noida-hyderabad-chennai-2-to-6-years-260626000133,skipped,score 50 below threshold
2026-07-28,Naukri,Mobile Developer,Giggs Software Labs,https://www.naukri.com/job-listings-mobile-developer-giggs-software-labs-bengaluru-7-to-12-years-250726015377,skipped,experience 7-12 Yrs out of range
2026-07-28,Naukri,Mobile Developer,Cyces Innovation Labs Llp,https://www.naukri.com/job-listings-mobile-developer-cyces-innovation-labs-llp-chennai-2-to-7-years-290526504570,skipped,skipped — external ATS (apply on company site)
2026-07-28,Naukri,Mobile Developer,rigbot.com,https://www.naukri.com/job-listings-mobile-developer-rigbot-com-hyderabad-0-to-8-years-310817503081,skipped,score 50 below threshold
2026-07-28,Naukri,Mobile Developer - Microsoft Certified,Acuity Software Technologies,https://www.naukri.com/job-listings-mobile-developer-microsoft-certified-acuity-software-technologies-hyderabad-3-to-8-years-240517500889,skipped,score -100 below threshold
2026-07-28,Naukri,AI Agent Reliability Engineer - Mobile Developers,Emergent India,https://www.naukri.com/job-listings-ai-agent-reliability-engineer-mobile-developers-emergent-bengaluru-1-to-5-years-300626500430,skipped,score 50 below threshold
2026-07-28,Naukri,Mobile Developer,BNI,https://www.naukri.com/job-listings-mobile-developer-bni-bengaluru-2-to-3-years-150626503249,skipped,score 50 below threshold
2026-07-28,Naukri,Mobile Developer,Shopdeck,https://www.naukri.com/job-listings-mobile-developer-shopdeck-previously-nushop-bengaluru-2-to-4-years-020626502541,skipped,score 50 below threshold
2026-07-28,Naukri,Mobile Developer,Technerds Solutions,https://www.naukri.com/job-listings-mobile-developer-technerds-solutions-pvt-ltd-chennai-2-to-5-years-301025504772,skipped,score 50 below threshold
2026-07-28,Naukri,Maximo Mobile Developer,Capgemini,https://www.naukri.com/job-listings-maximo-mobile-developer-capgemini-technology-services-india-limited-bengaluru-3-to-7-years-290626928453,skipped,score 50 below threshold
2026-07-28,Naukri,Mobile Developer,Logic Planet,https://www.naukri.com/job-listings-mobile-developer-logicplanet-it-services-hubli-mangaluru-mysuru-bengaluru-belgaum-0-to-5-years-240226505078,skipped,score 50 below threshold
2026-07-28,Naukri,Mobile developer,Technologyport Software India,https://www.naukri.com/job-listings-mobile-developer-technologyport-software-india-pvt-ltd-bengaluru-2-to-4-years-231219501376,skipped,score 50 below threshold
2026-07-28,Naukri,Mobile Developer- Visa,Foray Software,https://www.naukri.com/job-listings-mobile-developer-visa-foray-software-pvt-ltd-bengaluru-3-to-7-years-230824501588,skipped,score 50 below threshold
2026-07-28,Naukri,Mobile Developer,Wingz Technologies,https://www.naukri.com/job-listings-mobile-developer-wingz-technologies-chennai-1-to-4-years-220425500929,skipped,score 50 below threshold
2026-07-28,Naukri,Mobile Developer,Photon,https://www.naukri.com/job-listings-mobile-developer-photon-infotech-p-ltd-chennai-3-to-7-years-191124505967,skipped,score 50 below threshold
2026-07-28,Naukri,Frontend Engineer (React & React Native),Y2Z Travel,https://www.naukri.com/job-listings-frontend-engineer-react-react-native-y2z-travel-bengaluru-1-to-5-years-191224503297,skipped,skipped — external ATS (apply on company site)
2026-07-28,Naukri,Frontend Engineer (React / React Native),Prepairo,https://www.naukri.com/job-listings-frontend-engineer-react-react-native-prepairo-bengaluru-2-to-5-years-010626503686,failed,Apply button not found — page buttons  [Jobs2 | Recommended jobs | NVites13 New | Application status132 Updates | Saved jobs | Companies | Explore categories | Unicorn | MNC | Startup]
2026-07-28,Naukri,"Associate Principal Engineer, Frontend React",Nagarro,https://www.naukri.com/job-listings-associate-principal-engineer-frontend-react-nagarro-software-pvt-ltd-bengaluru-0-to-3-years-291025503104,skipped,score -100 below threshold
2026-07-28,Naukri,React Frontend Engineer,Omniful,https://www.naukri.com/job-listings-react-frontend-engineer-omniful-gurugram-3-to-8-years-200525503513,skipped,skipped — external ATS (apply on company site)
2026-07-28,Naukri,Frontend - Engineer,Varaha Systems,https://www.naukri.com/job-listings-frontend-engineer-varaha-systems-inc-bengaluru-3-to-8-years-140726501769,skipped,skipped — external ATS (apply on company site)
2026-07-28,Naukri,"Engineer, Frontend React",Nagarro,https://www.naukri.com/job-listings-engineer-frontend-react-nagarro-software-pvt-ltd-bengaluru-2-to-7-years-291025501402,skipped,skipped — external ATS (apply on company site)
2026-07-28,Naukri,Frontend Engineer (React),Startappss Systems,https://www.naukri.com/job-listings-frontend-engineer-react-startappss-systems-pvt-ltd-indore-3-to-8-years-230726503784,skipped,skipped — external ATS (apply on company site)
2026-07-28,Naukri,Frontend Engineer ( React / Next . js ),Workforce Next,https://www.naukri.com/job-listings-frontend-engineer-react-next-js-workforce-next-noida-2-to-6-years-140526500224,skipped,skipped — external ATS (apply on company site)
2026-07-28,Naukri,Frontend Engineer (React),Technix India Solutions,https://www.naukri.com/job-listings-frontend-engineer-react-technix-technology-patna-0-to-2-years-101125501751,skipped,skipped — external ATS (apply on company site)
2026-07-28,Naukri,Frontend Engineer (React.js / Next.js),Aqilea,https://www.naukri.com/job-listings-frontend-engineer-react-js-next-js-aqilea-formerly-soltia-bengaluru-5-to-9-years-150726500749,skipped,experience 5-9 Yrs out of range
2026-07-28,Naukri,Frontend Engineer,Apex 2000,https://www.naukri.com/job-listings-frontend-engineer-apex-2000-inc-pune-3-to-7-years-290626503315,skipped,score 10 below threshold
2026-07-28,Naukri,Front end Engineer,Diverse Lynx,https://www.naukri.com/job-listings-front-end-engineer-diverse-lynx-bengaluru-1-to-5-years-230626501437,skipped,skipped — external ATS (apply on company site)
2026-07-28,Naukri,Frontend Engineer - React js,Cloud Nautical Solutions India,https://www.naukri.com/job-listings-frontend-engineer-react-js-cloud-nautical-solutions-india-private-limited-thiruvananthapuram-5-to-10-years-240726503467,skipped,experience 5-10 Yrs out of range
2026-07-28,Naukri,React Frontend Engineer,Leading Client,https://www.naukri.com/job-listings-react-frontend-engineer-contactx-resource-management-pvt-ltd-bengaluru-7-to-10-years-170726918079,skipped,experience 7-10 Yrs out of range
2026-07-28,Naukri,Frontend Engineer,Vowels Of The People Association,https://www.naukri.com/job-listings-frontend-engineer-vopa-pune-3-to-5-years-200726504194,skipped,score 30 below threshold
2026-07-28,Naukri,Frontend Engineer,Diverse Lynx,https://www.naukri.com/job-listings-frontend-engineer-diverse-lynx-bengaluru-2-to-6-years-080825500478,skipped,score 30 below threshold
2026-07-28,Naukri,Front End UI Engineer,Ascendion Engineering,https://www.naukri.com/job-listings-front-end-ui-engineer-ascendion-engineering-bengaluru-7-to-12-years-140726018965,skipped,experience 7-12 Yrs out of range
2026-07-28,Naukri,Frontend Engineer React JS,Einfochips,https://www.naukri.com/job-listings-frontend-engineer-react-js-e-infochips-limited-indore-4-to-12-years-160226505299,skipped,experience 4-12 Yrs out of range
2026-07-28,Naukri,Frontend Engineer React JS,Einfochips,https://www.naukri.com/job-listings-frontend-engineer-react-js-e-infochips-limited-ahmedabad-4-to-12-years-160226505298,skipped,experience 4-12 Yrs out of range
2026-07-28,Naukri,Frontend Engineer React JS,Einfochips,https://www.naukri.com/job-listings-frontend-engineer-react-js-e-infochips-limited-vijaynagar-4-to-12-years-160226505297,skipped,experience 4-12 Yrs out of range
2026-07-28,Naukri,Full Stack Developer (React + Node),Kleistech,https://www.naukri.com/job-listings-full-stack-developer-react-node-kleistech-pune-2-to-7-years-170726504546,skipped,skipped — external ATS (apply on company site)
2026-07-28,Naukri,Full stack Developer,MVP Infotech,https://www.naukri.com/job-listings-full-stack-developer-mvp-infotech-pvt-ltd-bengaluru-2-to-7-years-270726506330,skipped,score 30 below threshold
2026-07-28,Naukri,Full Stack Developer (React & Node JD),Vertiscript Global It Services,https://www.naukri.com/job-listings-full-stack-developer-react-node-jd-vertiscript-global-it-solution-hyderabad-3-to-6-years-031225502948,skipped,skipped — external ATS (apply on company site)
2026-07-28,Naukri,Fullstack Developer,Tata Technologies,https://www.naukri.com/job-listings-fullstack-developer-tata-technologies-pune-3-to-6-years-270726027912,applied,auto-applied (score 55)
2026-07-28,Naukri,Fullstack Developer,Paisabazaar,https://www.naukri.com/job-listings-fullstack-developer-paisabazaar-gurugram-3-to-6-years-270726019776,failed,No apply confirmation detected
2026-07-28,Naukri,React + Node - Full Stack Developer,Paltech Consulting,https://www.naukri.com/job-listings-react-node-full-stack-developer-paltech-consulting-hyderabad-3-to-6-years-070726027633,failed,No apply confirmation detected
2026-07-28,Naukri,Full Stack Developer React + Node,Quanteon Solutions,https://www.naukri.com/job-listings-full-stack-developer-react-node-quanteon-llc-hyderabad-3-to-8-years-130226502853,skipped,skipped — external ATS (apply on company site)
2026-07-28,Naukri,React & Node Full stack Developer,PAL It Tech,https://www.naukri.com/job-listings-react-node-full-stack-developer-pal-it-tech-pvt-ltd-hyderabad-3-to-5-years-090726502862,skipped,skipped — external ATS (apply on company site)
2026-07-28,Naukri,Walk-in || Fullstack Developer(Immediate joiners only),Infiniti Research,https://www.naukri.com/job-listings-fullstack-developer-immediate-joiners-only-infiniti-research-bengaluru-2-to-4-years-270726011014,failed,Apply button not found — page buttons  [Jobs2 | Recommended jobs | NVites13 New | Application status132 Updates | Saved jobs | Companies | Explore categories | Unicorn | MNC | Startup]
2026-07-28,Naukri,Fullstack Developer(Immediate Joiners only Apply,Empover,https://www.naukri.com/job-listings-fullstack-developer-immediate-joiners-only-apply-empover-hyderabad-3-to-5-years-210726018410,failed,No apply confirmation detected
2026-07-28,Naukri,Fullstack Developer,Deloitte Shared Services India,https://www.naukri.com/job-listings-fullstack-developer-deloitte-shared-services-india-bengaluru-2-to-6-years-120626008685,failed,Apply button not found — page buttons  [Jobs2 | Recommended jobs | NVites13 New | Application status132 Updates | Saved jobs | Companies | Explore categories | Unicorn | MNC | Startup]
2026-07-28,Naukri,Fullstack Developer,Careait Health Services,https://www.naukri.com/job-listings-fullstack-developer-careait-health-services-bengaluru-0-to-3-years-010726028673,failed,No apply confirmation detected
2026-07-28,Naukri,Full Stack Developer,Leading Client,https://www.naukri.com/job-listings-full-stack-developer-rimpac-hr-services-llp-pune-bengaluru-2-to-6-years-230726933909,skipped,score -100 below threshold
2026-07-28,Naukri,Fullstack Developer,99yellow,https://www.naukri.com/job-listings-fullstack-developer-99yellow-gurugram-3-to-5-years-220726030478,skipped,score -100 below threshold
2026-07-28,Naukri,Full Stack Developer (React with Node),Programming.Com,https://www.naukri.com/job-listings-full-stack-developer-react-with-node-programming-com-bengaluru-2-to-6-years-121224501301,skipped,skipped — external ATS (apply on company site)
2026-07-28,Naukri,Fullstack Developer,MNC,https://www.naukri.com/job-listings-fullstack-developer-tele-infotech-pimpri-chinchwad-pune-0-to-2-years-210726034817,skipped,score 30 below threshold
2026-07-28,Naukri,Fullstack Developer (NodeJS + React),Ixigo,https://www.naukri.com/job-listings-fullstack-developer-nodejs-react-ixigo-gurugram-3-to-8-years-200726505767,skipped,skipped — external ATS (apply on company site)
2026-07-28,Naukri,Gen AI - Full Stack Developer,Intelizign Lifecycle Services,https://www.naukri.com/job-listings-gen-ai-full-stack-developer-intelizign-lifecycle-services-chennai-3-to-6-years-150726015903,failed,No apply confirmation detected
2026-07-28,Naukri,Fullstack Developer,Josh Software,https://www.naukri.com/job-listings-fullstack-developer-josh-software-pvt-ltd-pune-3-to-5-years-150726931620,skipped,score 30 below threshold
2026-07-28,Naukri,Forward Deployed  Engineer- Full stack Developer,Current India,https://www.naukri.com/job-listings-forward-deployed-engineer-full-stack-developer-current-india-hyderabad-3-to-7-years-130726027739,failed,No apply confirmation detected
2026-07-28,LinkedIn,Fullstack Developer | $80/hr Remote,Crossing Hurdles,https://www.linkedin.com/jobs/view/4430895007/,skipped,score 10 below threshold
2026-07-28,LinkedIn,Associate Software Engineer,CareerXperts Consulting,https://www.linkedin.com/jobs/view/4443210507/,skipped,score 10 below threshold
2026-07-28,LinkedIn,AI-Native Full Stack Developer,AnvayuOne,https://www.linkedin.com/jobs/view/4440478957/,skipped,score 10 below threshold
2026-07-28,LinkedIn,SDE I (Frontend),Navi,https://www.linkedin.com/jobs/view/4437546096/,skipped,score 10 below threshold
2026-07-28,LinkedIn,Mern Full Stack Developer,Planys Technologies,https://www.linkedin.com/jobs/view/4437977898/,skipped,score 10 below threshold
2026-07-28,LinkedIn,Remote JavaScript Engineer,Turing,https://www.linkedin.com/jobs/view/4444489087/,skipped,score 30 below threshold
2026-07-28,LinkedIn,Front-End Developer – SCG India,SCG,https://www.linkedin.com/jobs/view/4298394472/,skipped,score 10 below threshold
2026-07-28,LinkedIn,Software Engineer | Remote,Crossing Hurdles,https://www.linkedin.com/jobs/view/4441198151/,skipped,score 10 below threshold
2026-07-28,LinkedIn,Software Engineer,Digichorus Technologies Pvt Ltd,https://www.linkedin.com/jobs/view/4442591945/,skipped,score 10 below threshold
2026-07-28,LinkedIn,AI-Native Full Stack Developer,AnvayuOne,https://www.linkedin.com/jobs/view/4440478957/,skipped,score 10 below threshold
2026-07-28,LinkedIn,SDE I (Frontend),Navi,https://www.linkedin.com/jobs/view/4437546096/,skipped,score 10 below threshold
2026-07-28,LinkedIn,Full Stack Engineer,TAAS Partners,https://www.linkedin.com/jobs/view/4445460069/,skipped,score 10 below threshold
2026-07-28,LinkedIn,Game Designer,99Games,https://www.linkedin.com/jobs/view/4439986197/,skipped,score 10 below threshold
2026-07-28,LinkedIn,Mobile Engineer,SPAN,https://www.linkedin.com/jobs/view/4440652901/,skipped,score 50 below threshold
2026-07-28,LinkedIn,Fullstack Developer | $80/hr Remote,Crossing Hurdles,https://www.linkedin.com/jobs/view/4430895007/,skipped,score 10 below threshold
2026-07-28,LinkedIn,Web Developer,ShrinQ Consulting Group Inc,https://www.linkedin.com/jobs/view/4444015670/,skipped,score 10 below threshold
2026-07-28,LinkedIn,Associate Software Engineer,CareerXperts Consulting,https://www.linkedin.com/jobs/view/4443210507/,skipped,score 10 below threshold
2026-07-28,LinkedIn,AI-Native Full Stack Developer,AnvayuOne,https://www.linkedin.com/jobs/view/4440478957/,skipped,score 10 below threshold
2026-07-28,LinkedIn,SDE I (Frontend),Navi,https://www.linkedin.com/jobs/view/4437546096/,skipped,score 10 below threshold
2026-07-28,LinkedIn,Full Stack Engineer,TAAS Partners,https://www.linkedin.com/jobs/view/4445460069/,skipped,score 10 below threshold
2026-07-28,LinkedIn,Full Stack Developer,Kayana | Ordering & Payment Solutions,https://www.linkedin.com/jobs/view/4442581250/,skipped,score 10 below threshold
2026-07-28,LinkedIn,Fullstack Developer | $80/hr Remote,Crossing Hurdles,https://www.linkedin.com/jobs/view/4430895007/,skipped,score 10 below threshold
2026-07-28,LinkedIn,Full Stack Engineer,TAAS Partners,https://www.linkedin.com/jobs/view/4445460069/,skipped,score 10 below threshold
2026-07-28,LinkedIn,AI-Native Full Stack Developer,AnvayuOne,https://www.linkedin.com/jobs/view/4440478957/,skipped,score 10 below threshold
2026-07-28,LinkedIn,Associate Software Engineer,CareerXperts Consulting,https://www.linkedin.com/jobs/view/4443210507/,skipped,score 10 below threshold
2026-07-28,LinkedIn,Full Stack Developer,Kayana | Ordering & Payment Solutions,https://www.linkedin.com/jobs/view/4442581250/,skipped,score 10 below threshold
2026-07-28,LinkedIn,Mern Full Stack Developer,Planys Technologies,https://www.linkedin.com/jobs/view/4437977898/,skipped,score 10 below threshold
2026-07-28,LinkedIn,Full Stack Developer,Legal Experts AI,https://www.linkedin.com/jobs/view/4433915695/,skipped,score 10 below threshold
2026-07-28,LinkedIn,Fullstack Developer | $80/hr Remote,Crossing Hurdles,https://www.linkedin.com/jobs/view/4430895007/,skipped,score 10 below threshold
2026-07-28,LinkedIn,Full Stack Engineer,TAAS Partners,https://www.linkedin.com/jobs/view/4445460069/,skipped,score 10 below threshold
2026-07-28,LinkedIn,Mern Full Stack Developer,Planys Technologies,https://www.linkedin.com/jobs/view/4437977898/,skipped,score 10 below threshold
2026-07-28,LinkedIn,AI-Native Full Stack Developer,AnvayuOne,https://www.linkedin.com/jobs/view/4440478957/,skipped,score 10 below threshold
2026-07-28,LinkedIn,Associate Software Engineer,CareerXperts Consulting,https://www.linkedin.com/jobs/view/4443210507/,skipped,score 10 below threshold
2026-07-28,LinkedIn,SDE I (Frontend),Navi,https://www.linkedin.com/jobs/view/4437546096/,skipped,score 10 below threshold
2026-07-28,LinkedIn,Full Stack Developer,Legal Experts AI,https://www.linkedin.com/jobs/view/4433915695/,skipped,score 10 below threshold
2026-07-28,Cutshort,Full Stack Developer,Envisioned Strategy and Consulting,https://cutshort.io/job/Full-Stack-Developer-Hyderabad-Envisioned-Strategy-and-Consulting-pnKE3yCo,skipped,score 10 below threshold
2026-07-28,Cutshort,React Native Developer – PHP/LARAVEL,CNV AI Labs Inc,https://cutshort.io/job/React-Native-Developer-PHP-LARAVEL-CNV-AI-Labs-Inc-djtssuLz,failed,no application confirmation on Cutshort
2026-07-28,Cutshort,React Native Developer,GD,https://cutshort.io/job/React-Native-Developer-Ahmedabad-GD-hBNysnI4,failed,no application confirmation on Cutshort
2026-07-28,Cutshort,Full Stack Developer (React Native + Integrations),Zan - Zari Group,https://cutshort.io/job/Full-Stack-Developer-React-Native-Integrations-Zan-Zari-Group-SXhKtmRH,failed,no application confirmation on Cutshort
2026-07-28,Cutshort,UI Engineer,Orenda,https://cutshort.io/job/UI-Engineer-Ahmedabad-Orenda-kF0eBPir,skipped,score 10 below threshold
2026-07-28,Cutshort,Android Developer - I,KnackLabs,https://cutshort.io/job/Android-Developer-I-Bengaluru-Bangalore-KnackLabs-C5bwFIee,skipped,score -100 below threshold
2026-07-28,Cutshort,Full Stack Developer - Senior,SwitchKart,https://cutshort.io/job/Full-Stack-Developer-Senior-Bengaluru-Bangalore-SwitchKart-hrCry4pA,skipped,score -100 below threshold
2026-07-28,Cutshort,SDE Intern - React Native,PGAGI,https://cutshort.io/job/SDE-Intern-React-Native-PGAGI-2ARnMb5d,failed,no application confirmation on Cutshort
2026-07-28,Cutshort,"Mobile Developer (React Native) — 3-Month Contract, Remote",Zan - Zari Group,https://cutshort.io/job/Mobile-Developer-React-Native-3-Month-Contract-Remote-Zan-Zari-Group-yNs3ndxI,failed,no application confirmation on Cutshort
2026-07-28,Cutshort,React Native Developer with PHP Developer(Strong backend Knowledge),httpswwwicloudemscom,https://cutshort.io/job/React-Native-Developer-with-PHP-Developer-Strong-backend-Knowledge-httpswwwicloudemscom-oWDoq49q,failed,no application confirmation on Cutshort
2026-07-28,Cutshort,Lead Product Engineer - Pod Captain,Fountane inc,https://cutshort.io/job/Lead-Product-Engineer-Pod-Captain-Fountane-inc-FjqBhstE,skipped,score -100 below threshold
2026-07-28,Cutshort,Senior Software Development Engineer (Payments) Full-time,ZYSYGY,https://cutshort.io/job/Senior-Software-Development-Engineer-Payments-Full-time-ZYSYGY-Gm6TIiDw,skipped,score -100 below threshold
2026-07-28,Cutshort,Fullstack Developer,,https://cutshort.io/job/Fullstack-Developer-Mumbai-Cutshort-Lightning-hm7QSYFD,skipped,experience 1yr out of range
2026-07-28,Cutshort,Engineering Lead,,https://cutshort.io/job/Engineering-Lead-Mumbai-Cutshort-Lightning-OmazFcWW,skipped,experience 7yrs out of range
2026-07-28,Cutshort,Front end developer,Knobee Social India Private Limited,https://cutshort.io/job/Front-end-developer-Noida-Bengaluru-Bangalore-Knobee-Social-India-Private-Limited-0r0IA5Cq,skipped,score 10 below threshold
2026-07-28,Cutshort,Senior React Native Developer,Procedure,https://cutshort.io/job/Senior-React-Native-Developer-Procedure-5nCabdqM,skipped,score -100 below threshold
2026-07-28,Cutshort,React Native Intern,PGAGI,https://cutshort.io/job/React-Native-Intern-Bengaluru-Bangalore-PGAGI-FzasCXYn,failed,no application confirmation on Cutshort
2026-07-28,Cutshort,Mobile App Developer- Intern,Aaizel International Technologies Pvt Ltd,https://cutshort.io/job/Mobile-App-Developer-Intern-Gurugram-Aaizel-International-Technologies-Pvt-Ltd-pCDGS1PB,skipped,score 50 below threshold
2026-07-28,Cutshort,React Native SDE 3,NeoGenCode Technologies Pvt Ltd,https://cutshort.io/job/React-Native-SDE-3-Bengaluru-Bangalore-NeoGenCode-Technologies-Pvt-Ltd-Dfn6pWZy,skipped,score -100 below threshold
2026-07-28,Cutshort,PHP Developer,CNV AI Labs Inc,https://cutshort.io/job/PHP-Developer-CNV-AI-Labs-Inc-aXdDCEUE,skipped,score 10 below threshold
2026-07-28,Cutshort,Senior Product Engineer - Mobile Developer (L3),Fountane inc,https://cutshort.io/job/Senior-Product-Engineer-Mobile-Developer-L3-Fountane-inc-oyJaddR8,skipped,score -100 below threshold
2026-07-28,Cutshort,Staff Mobile Application Developer,RockED,https://cutshort.io/job/Staff-Mobile-Application-Developer-Bengaluru-Bangalore-RockED-8fPkLTUb,skipped,score -100 below threshold
2026-07-28,Cutshort,Lead Mobile Engineer – Android & iOS,,https://cutshort.io/job/Lead-Mobile-Engineer-Android-iOS-Hyderabad-Recruiting-Bond-SGHz97wJ,skipped,experience 5 - 8 yrs out of range
2026-07-28,Cutshort,Senior Backend Developer,Master-O,https://cutshort.io/job/Senior-Backend-Developer-Gurugram-Master-O-ax0pS75g,skipped,score -100 below threshold
2026-07-28,Cutshort,React Native,1HResource Solutions,https://cutshort.io/job/React-Native-Bengaluru-Bangalore-1HResource-Solutions-lpZLOYSw,failed,no application confirmation on Cutshort
2026-07-28,Cutshort,Mobile Application Lead (React Native),Amura Health,https://cutshort.io/job/Mobile-Application-Lead-React-Native-Chennai-Amura-Health-aK3qiR1w,skipped,score -100 below threshold
2026-07-28,Cutshort,Android Developer,Aaizel International Technologies Pvt Ltd,https://cutshort.io/job/Android-Developer-Gurugram-Aaizel-International-Technologies-Pvt-Ltd-XMggixxl,skipped,score -100 below threshold
2026-07-28,Cutshort,Software Development Engineer – Mobile / Full-Stack,PGAGI,https://cutshort.io/job/Software-Development-Engineer-Mobile-Full-Stack-Bengaluru-Bangalore-PGAGI-P5ZXCB6o,skipped,score 10 below threshold
2026-07-28,Cutshort,Job Description – React Native Full Stack Developer,TopGrep Tech Private Limited,https://cutshort.io/job/Job-Description-React-Native-Full-Stack-Developer-Bengaluru-Bangalore-TopGrep-Tech-Private-Limited-b56hFu6d,failed,no application confirmation on Cutshort
2026-07-28,Cutshort,Lead Frontend Engineer - React.js (4-6 years),Trendlyne Technologies,https://cutshort.io/job/Lead-Frontend-Engineer-React-js-4-6-years-Bengaluru-Bangalore-Trendlyne-Technologies-buBrp8Tq,skipped,score -100 below threshold
2026-07-28,Cutshort,Senior React Native Developer,Big Rattle Technologies,https://cutshort.io/job/Senior-React-Native-Developer-Big-Rattle-Technologies-QWXg5Be3,skipped,score -100 below threshold
2026-07-28,Cutshort,Software Engineer,ReThink,https://cutshort.io/job/Software-Engineer-ReThink-thbQzSYt,skipped,score 10 below threshold
2026-07-28,Cutshort,Backend- Developer,WorldRef Technologies,https://cutshort.io/job/Backend-Developer-Noida-63-WorldRef-Technologies-RIwYbka0,skipped,score 10 below threshold
2026-07-28,Cutshort,React Native Developer,Qurilo Technologies LLC,https://cutshort.io/job/React-Native-Developer-Delhi-Gurugram-Noida-Ghaziabad-Faridabad-Qurilo-Technologies-LLC-D1WcobZs,failed,no application confirmation on Cutshort
2026-07-28,Cutshort,Full Stack Developer,Ekostay LLP,https://cutshort.io/job/Full-Stack-Developer-Mumbai-worli-Ekostay-LLP-awSu8gP7,skipped,score 10 below threshold
2026-07-28,Cutshort,React JS/ React Native Developer,Hunarstreet Technologies Pvt Ltd,https://cutshort.io/job/React-JS-React-Native-Developer-Pune-Hunarstreet-Technologies-Pvt-Ltd-EfDtNOIc,failed,no application confirmation on Cutshort
2026-07-28,Cutshort,React Native Engineer | 4+ yrs | Bangalore,sketch brahma,https://cutshort.io/job/React-Native-Engineer-4-yrs-Bangalore-Bengaluru-Bangalore-Hyderabad-Noida-1HResource-Solutions-QpmxoBBb,skipped,experience 4+ yrs out of range
2026-07-28,Cutshort,Senior Full Stack Developer,Gofar Corporate Private Limited,https://cutshort.io/job/Senior-Full-Stack-Developer-Chennai-Gofar-Corporate-Private-Limited-orEtA5sD,skipped,score -100 below threshold
2026-07-28,Cutshort,React Native Developer,Jio Tesseract,https://cutshort.io/job/React-Native-Developer-Navi-Mumbai-Jio-Tesseract-uDTIXZox,failed,no application confirmation on Cutshort
2026-07-28,Cutshort,Consultant-Enterprise Application Developer,VTT Mobility Private Limited,https://cutshort.io/job/Consultant-Enterprise-Application-Developer-Bengaluru-Bangalore-VTT-Mobility-Private-Limited-0Ew5FX8I,skipped,score 10 below threshold
2026-07-28,Cutshort,FULL STACK DEVELOPER,,https://cutshort.io/job/FULL-STACK-DEVELOPER-Bengaluru-Bangalore-Peak-Hire-Solutions-Lf5o0MXW,skipped,score -100 below threshold
2026-07-28,Cutshort,Full Stack Developer,NeoGenCode Technologies Pvt Ltd,https://cutshort.io/job/Full-Stack-Developer-NeoGenCode-Technologies-Pvt-Ltd-eOk7yFQj,skipped,score 10 below threshold
2026-07-28,Cutshort,Software Developer,CNV Labs India Pvt Ltd iCloudEMS,https://cutshort.io/job/Software-Developer-CNV-Labs-India-Pvt-Ltd-iCloudEMS-PCC5XQUa,skipped,score 10 below threshold
2026-07-28,Cutshort,Node.js Developer (React Native),CNV Labs India Pvt Ltd iCloudEMS,https://cutshort.io/job/Node-js-Developer-React-Native-CNV-Labs-India-Pvt-Ltd-iCloudEMS-XnijIU1R,failed,no application confirmation on Cutshort
2026-07-28,Cutshort,React Native Developer,Wissen Technology,https://cutshort.io/job/React-Native-Developer-Bengaluru-Bangalore-Wissen-Technology-KuTiRX07,failed,no application confirmation on Cutshort
2026-07-28,Cutshort,React Native Developer,Deqode,https://cutshort.io/job/React-Native-Developer-Pune-Bhopal-Jaipur-Gurugram-Delhi-Bengaluru-Bangalore-Chennai-Deqode-O4C6m2sf,failed,no application confirmation on Cutshort
2026-07-28,Cutshort,Full Stack Engineer,TECHNAVITAS INFO INDIA PVT LTD,https://cutshort.io/job/Full-Stack-Engineer-Hyderabad-TECHNAVITAS-INFO-INDIA-PVT-LTD-KscgR23j,skipped,score 10 below threshold
2026-07-28,Cutshort,"Lead II-Software Engineering- React Native, Mobile App Architecture",,https://cutshort.io/job/Lead-II-Software-Engineering-React-Native-Mobile-App-Architecture-Mumbai-Peak-Hire-Solutions-9hNco541,skipped,experience 7 - 9 yrs out of range
2026-07-28,Cutshort,Full Stack Developer (Remote - Support Role),NeoGenCode Technologies Pvt Ltd,https://cutshort.io/job/Full-Stack-Developer-Remote-Support-Role-NeoGenCode-Technologies-Pvt-Ltd-RQcDaOWX,skipped,score 10 below threshold
2026-07-28,Cutshort,Senior Mobile App Developer (Android & iOS),Impacto Digifin Technologies,https://cutshort.io/job/Senior-Mobile-App-Developer-Android-iOS-BROOKFEILD-Impacto-Digifin-Technologies--xHkJTFL7,skipped,score -100 below threshold
2026-07-28,Cutshort,UI Engineer,geniSIGHTS Pvt Ltd,https://cutshort.io/job/UI-Engineer-Chennai-geniSIGHTS-Pvt-Ltd-6rOtlTTw,skipped,score 10 below threshold
2026-07-28,Cutshort,React Native Developer,GD,https://cutshort.io/job/React-Native-Developer-Ahmedabad-GD-hBNysnI4,failed,no application confirmation on Cutshort
2026-07-28,Cutshort,Frontend Developer(React JS),TechnoRishi Consulting Pvt Ltd,https://cutshort.io/job/Frontend-Developer-React-JS-Bengaluru-Bangalore-TechnoRishi-Consulting-Pvt-Ltd-Ks7J7H9d,failed,no application confirmation on Cutshort
2026-07-28,Cutshort,UI Engineer,Orenda,https://cutshort.io/job/UI-Engineer-Ahmedabad-Orenda-kF0eBPir,skipped,score 10 below threshold
2026-07-28,Cutshort,Three js web developer,Valerie Group,https://cutshort.io/job/Three-js-web-developer-Valerie-Group-5acGKnC6,skipped,score 10 below threshold
2026-07-28,Cutshort,SDE Internship (Next Js),PGAGI,https://cutshort.io/job/SDE-Internship-Next-Js-PGAGI-y4NMladl,skipped,score 10 below threshold
2026-07-28,Cutshort,SDE Intern - React Native,PGAGI,https://cutshort.io/job/SDE-Intern-React-Native-PGAGI-2ARnMb5d,failed,no application confirmation on Cutshort
2026-07-28,Cutshort,Frontend UI Developer (React),CK-12 Foundation,https://cutshort.io/job/Frontend-UI-Developer-React-Bengaluru-Bangalore-CK-12-Foundation-UzNAjhAB,failed,no application confirmation on Cutshort
2026-07-28,Cutshort,Web Developer,Event Management,https://cutshort.io/job/Web-Developer-Mumbai-Hunarstreet-Technologies-Pvt-Ltd-NLFAn22x,skipped,score 10 below threshold
2026-07-28,Cutshort,Web Developer - Goregaon - Onsite,Hunarstreet Technologies Pvt Ltd,https://cutshort.io/job/Web-Developer-Goregaon-Onsite-Mumbai-Hunarstreet-Technologies-Pvt-Ltd-nRzNwsoK,skipped,score 10 below threshold
2026-07-28,Cutshort,Flutter Developer,Koladiya Indusrties,https://cutshort.io/job/Flutter-Developer-Surat-Koladiya-Indusrties-pn3ZFHiF,skipped,score 10 below threshold
2026-07-28,Cutshort,React.js Developer,Iitil,https://cutshort.io/job/React-js-Developer-Iitil-SOuTlB1e,applied,auto-applied (score 55)
2026-07-28,Cutshort,Angular Developer - Contract-Based - Mumbai,Wama Technology,https://cutshort.io/job/Angular-Developer-Contract-Based-Mumbai-Andheri-Mumbai-Thane-Navi-Mumbai-Wama-Technology-B1m0nUoG,skipped,score 10 below threshold
2026-07-28,Cutshort,Senior Front End,Altinvest Online Platform Pvt Ltd,https://cutshort.io/job/Senior-Front-End-Bengaluru-Bangalore-Altinvest-Online-Platform-Pvt-Ltd-CZTOOkIR,skipped,score -100 below threshold
2026-07-28,Cutshort,Frontend Developer,Timble Technologies,https://cutshort.io/job/Frontend-Developer-Delhi-Gurugram-Noida-Ghaziabad-Faridabad-Timble-Technologies-nSyatns6,skipped,score 10 below threshold
2026-07-28,Cutshort,Frontend Developer intern,MotionGility,https://cutshort.io/job/Frontend-Developer-intern-Indore-MotionGility-obamFnQx,skipped,score 10 below threshold
2026-07-28,Cutshort,Angular Developer,Wissen Technology,https://cutshort.io/job/Angular-Developer-Mumbai-Wissen-Technology-a4nmwrwB,skipped,score 10 below threshold
2026-07-28,Cutshort,Frontend Engineer,Unico Connect Private Limited,https://cutshort.io/job/Frontend-Engineer-Mumbai-Unico-Connect-Private-Limited-L8z41XrU,skipped,score 10 below threshold
2026-07-28,Cutshort,Angular Developer,Wissen Technology,https://cutshort.io/job/Angular-Developer-Mumbai-Wissen-Technology-iJCRYaHK,skipped,score 10 below threshold
2026-07-28,Cutshort,SDE 3 (Frontend),MediBuddy,https://cutshort.io/job/SDE-3-Frontend-Bengaluru-Bangalore-Indore-MediBuddy-nQkmf3q1,skipped,score -100 below threshold
2026-07-28,Cutshort,Teamcenter Developer,TCS,https://cutshort.io/job/Teamcenter-Developer-Bengaluru-Bangalore-Chennai-Hyderabad-Pune-Kolkata-Delhi-Gurugram-Noida-Ghaziabad-Faridabad-HR-Remedy-India-9Jpt7ojn,skipped,score 10 below threshold
2026-07-28,Cutshort,Lead Frontend Engineer/Architect,Shorthills AI,https://cutshort.io/job/Lead-Frontend-Engineer-Architect-Shorthills-AI-fJLgaR9E,skipped,score -100 below threshold
2026-07-28,Cutshort,Software developer Engineer -React,myGate.in,https://cutshort.io/job/Software-developer-Engineer-React-Bengaluru-Bangalore-myGate-in-cjEORTJh,failed,no application confirmation on Cutshort
2026-07-28,Cutshort,AI/ML,Webkul Software PvtLtd,https://cutshort.io/job/AI-ML-Noida-Webkul-Software-PvtLtd-GQqwzc3t,skipped,score 10 below threshold
2026-07-28,Cutshort,Senior/ Lead Frontend Developer - React.js Framework,Trendlyne Technologies,https://cutshort.io/job/Senior-Lead-Frontend-Developer-React-js-Framework-Bengaluru-Bangalore-Trendlyne-Technologies-ESOoCDTp,skipped,score -100 below threshold
2026-07-28,Cutshort,Frontend Developer (React & Expo),Moolya Software Testing Private Limited,https://cutshort.io/job/Frontend-Developer-React-Expo-Bengaluru-Bangalore-Moolya-Software-Testing-Private-Limited-yFelpzca,failed,no application confirmation on Cutshort
2026-07-28,Cutshort,Web Designer,Royal IT Park Services,https://cutshort.io/job/Web-Designer-Hyderabad-Royal-IT-Park-Services-1MC9hOgi,skipped,score 10 below threshold
2026-07-28,Cutshort,VueJS Developer,,https://cutshort.io/job/VueJS-Developer-Chennai-Codemind-Staffing-Solutions-Fsun1BTe,skipped,experience 5 - 10 yrs out of range
2026-07-28,Cutshort,Angular Developer,Wissen Technology,https://cutshort.io/job/Angular-Developer-Bengaluru-Bangalore-Wissen-Technology-TYKQaCEx,skipped,score 10 below threshold
2026-07-28,Cutshort,Software Engineer - Front End,Cglia Solutions LLP,https://cutshort.io/job/Software-Engineer-Front-End-Hyderabad-Cglia-Solutions-LLP--8YcgwsdS,skipped,score 10 below threshold
2026-07-28,Cutshort,JAVA DEVELOPER,Staffnixcom,https://cutshort.io/job/JAVA-DEVELOPER-Staffnixcom-WKkUW9yn,skipped,score -100 below threshold
2026-07-28,Cutshort,Frontend Developer Intern (Next.js),Rupeestop LLP,https://cutshort.io/job/Frontend-Developer-Intern-Next-js-Jaipur-Rupeestop-LLP-3dcLMi4y,skipped,score 10 below threshold
2026-07-28,Cutshort,PLC programmer,Next Kraft Parking Technologies,https://cutshort.io/job/PLC-programmer-Mumbai-Next-Kraft-Parking-Technologies-UhGT74Wd,skipped,score 10 below threshold
2026-07-28,Cutshort,Wordpress Developer,Arcitech,https://cutshort.io/job/Wordpress-Developer-Navi-Mumbai-Arcitech-4cKngDl4,skipped,score 10 below threshold
2026-07-28,Cutshort,UI/UX Engineer,Timble Technologies,https://cutshort.io/job/UI-UX-Engineer-Delhi-Gurugram-Noida-Timble-Technologies-h2lojjgt,skipped,score 10 below threshold
2026-07-28,Cutshort,UI Engineering Lead,MeltPlan,https://cutshort.io/job/UI-Engineering-Lead-Bengaluru-Bangalore-MeltPlan-rHeZo5br,skipped,score -100 below threshold
2026-07-28,Cutshort,Jr React Developer,1HResource Solutions,https://cutshort.io/job/Jr-React-Developer-Bengaluru-Bangalore-1HResource-Solutions-zaYl2eGn,failed,no application confirmation on Cutshort
2026-07-28,Cutshort,Staff Frontend Engineer - AI Agents (React + AI Coding Tools),,https://cutshort.io/job/Staff-Frontend-Engineer-AI-Agents-React-AI-Coding-Tools-Recruiting-Bond-lWiesefg,skipped,experience 7 - 10 yrs out of range
2026-07-28,Cutshort,Assistant Manager | Angular Developer - 1 year Contract,Hunarstreet Technologies Pvt Ltd,https://cutshort.io/job/Assistant-Manager-Angular-Developer-1-year-Contract-Bengaluru-Bangalore-Delhi-Gurugram-Noida-Ghaziabad-Faridabad-Hyderabad-RxJS-NgRx-Hunarstreet-Technologies-Pvt-Ltd-37a5fAFf,skipped,score 10 below threshold
2026-07-28,Cutshort,Senior Frontend Engineer (Full-Stack Capabilities),MeltPlan,https://cutshort.io/job/Senior-Frontend-Engineer-Full-Stack-Capabilities-Bengaluru-Bangalore-MeltPlan-FpsuaK3O,skipped,score -100 below threshold
2026-07-28,Cutshort,Junior Software Engineer,Shipthis Inc,https://cutshort.io/job/Junior-Software-Engineer-Bengaluru-Bangalore-Shipthis-Inc-St2mEukS,skipped,score 10 below threshold
2026-07-28,Cutshort,"WordPress Developer with HTML, CSS- Kolkata candidates only",Goranggo Solutions Private Limited,https://cutshort.io/job/WordPress-Developer-with-HTML-CSS-Kolkata-candidates-only-Kolkata-Goranggo-Solutions-Private-Limited-OCQSjsQ1,skipped,score 10 below threshold
2026-07-28,Cutshort,Senior Frontend Engineer,Vikgol Technologies,https://cutshort.io/job/Senior-Frontend-Engineer-Bengaluru-Bangalore-Vikgol-Technologies-tyL51pyp,skipped,score -100 below threshold
2026-07-28,Cutshort,Lead-Angular Developer,Hunarstreet Technologies Pvt Ltd,https://cutshort.io/job/Lead-Angular-Developer-Bengaluru-Bangalore-Delhi-Hyderabad-Hunarstreet-Technologies-Pvt-Ltd-Pm2mSN4E,skipped,score -100 below threshold
2026-07-28,Cutshort,Lead Frontend Engineer - React.js (4-6 years),Trendlyne Technologies,https://cutshort.io/job/Lead-Frontend-Engineer-React-js-4-6-years-Bengaluru-Bangalore-Trendlyne-Technologies-buBrp8Tq,skipped,score -100 below threshold
2026-07-28,Cutshort,Fronted Developer,Digital Prospects Consulting,https://cutshort.io/job/Fronted-Developer-Lucknow-Digital-Prospects-Consulting-8TCAhEsw,skipped,score 10 below threshold
2026-07-28,Cutshort,Frontend Developer,Syphoon,https://cutshort.io/job/Frontend-Developer-Syphoon-QOegxGx2,skipped,score 10 below threshold
2026-07-28,Cutshort,.Net Developer,Deqode,https://cutshort.io/job/-Net-Developer-Mumbai-Bengaluru-Bangalore-Deqode-4UlpAdu8,skipped,score -100 below threshold
2026-07-28,Cutshort,UI Developer,NeoGenCode Technologies Pvt Ltd,https://cutshort.io/job/UI-Developer-Pune-Hyderabad-NeoGenCode-Technologies-Pvt-Ltd-enBw3384,skipped,score 10 below threshold
2026-07-28,Cutshort,UI Software Engineer,NeoGenCode Technologies Pvt Ltd,https://cutshort.io/job/UI-Software-Engineer-Pune-Hyderabad-NeoGenCode-Technologies-Pvt-Ltd-Yp32NpXY,skipped,score 10 below threshold
2026-07-28,Cutshort,UI Engineer,geniSIGHTS Pvt Ltd,https://cutshort.io/job/UI-Engineer-Chennai-geniSIGHTS-Pvt-Ltd-6rOtlTTw,skipped,score 10 below threshold
2026-07-28,Cutshort,React Native Developer,GD,https://cutshort.io/job/React-Native-Developer-Ahmedabad-GD-hBNysnI4,failed,no application confirmation on Cutshort
2026-07-28,Cutshort,Frontend Developer(React JS),TechnoRishi Consulting Pvt Ltd,https://cutshort.io/job/Frontend-Developer-React-JS-Bengaluru-Bangalore-TechnoRishi-Consulting-Pvt-Ltd-Ks7J7H9d,failed,no application confirmation on Cutshort
2026-07-28,Cutshort,UI Engineer,Orenda,https://cutshort.io/job/UI-Engineer-Ahmedabad-Orenda-kF0eBPir,skipped,score 10 below threshold
2026-07-28,Cutshort,Three js web developer,Valerie Group,https://cutshort.io/job/Three-js-web-developer-Valerie-Group-5acGKnC6,skipped,score 10 below threshold
2026-07-28,Cutshort,SDE Internship (Next Js),PGAGI,https://cutshort.io/job/SDE-Internship-Next-Js-PGAGI-y4NMladl,skipped,score 10 below threshold
2026-07-28,Cutshort,SDE Intern - React Native,PGAGI,https://cutshort.io/job/SDE-Intern-React-Native-PGAGI-2ARnMb5d,failed,no application confirmation on Cutshort
2026-07-28,Cutshort,Frontend UI Developer (React),CK-12 Foundation,https://cutshort.io/job/Frontend-UI-Developer-React-Bengaluru-Bangalore-CK-12-Foundation-UzNAjhAB,failed,no application confirmation on Cutshort
2026-07-28,Cutshort,Web Developer,Event Management,https://cutshort.io/job/Web-Developer-Mumbai-Hunarstreet-Technologies-Pvt-Ltd-NLFAn22x,skipped,score 10 below threshold
2026-07-28,Cutshort,Web Developer - Goregaon - Onsite,Hunarstreet Technologies Pvt Ltd,https://cutshort.io/job/Web-Developer-Goregaon-Onsite-Mumbai-Hunarstreet-Technologies-Pvt-Ltd-nRzNwsoK,skipped,score 10 below threshold
2026-07-28,Cutshort,Flutter Developer,Koladiya Indusrties,https://cutshort.io/job/Flutter-Developer-Surat-Koladiya-Indusrties-pn3ZFHiF,skipped,score 10 below threshold
2026-07-28,Cutshort,Angular Developer - Contract-Based - Mumbai,Wama Technology,https://cutshort.io/job/Angular-Developer-Contract-Based-Mumbai-Andheri-Mumbai-Thane-Navi-Mumbai-Wama-Technology-B1m0nUoG,skipped,score 10 below threshold
2026-07-28,Cutshort,Senior Front End,Altinvest Online Platform Pvt Ltd,https://cutshort.io/job/Senior-Front-End-Bengaluru-Bangalore-Altinvest-Online-Platform-Pvt-Ltd-CZTOOkIR,skipped,score -100 below threshold
2026-07-28,Cutshort,Frontend Developer,Timble Technologies,https://cutshort.io/job/Frontend-Developer-Delhi-Gurugram-Noida-Ghaziabad-Faridabad-Timble-Technologies-nSyatns6,skipped,score 10 below threshold
2026-07-28,Cutshort,Frontend Developer intern,MotionGility,https://cutshort.io/job/Frontend-Developer-intern-Indore-MotionGility-obamFnQx,skipped,score 10 below threshold
2026-07-28,Cutshort,Angular Developer,Wissen Technology,https://cutshort.io/job/Angular-Developer-Mumbai-Wissen-Technology-a4nmwrwB,skipped,score 10 below threshold
2026-07-28,Cutshort,Frontend Engineer,Unico Connect Private Limited,https://cutshort.io/job/Frontend-Engineer-Mumbai-Unico-Connect-Private-Limited-L8z41XrU,skipped,score 10 below threshold
2026-07-28,Cutshort,Angular Developer,Wissen Technology,https://cutshort.io/job/Angular-Developer-Mumbai-Wissen-Technology-iJCRYaHK,skipped,score 10 below threshold
2026-07-28,Cutshort,SDE 3 (Frontend),MediBuddy,https://cutshort.io/job/SDE-3-Frontend-Bengaluru-Bangalore-Indore-MediBuddy-nQkmf3q1,skipped,score -100 below threshold
2026-07-28,Cutshort,Teamcenter Developer,TCS,https://cutshort.io/job/Teamcenter-Developer-Bengaluru-Bangalore-Chennai-Hyderabad-Pune-Kolkata-Delhi-Gurugram-Noida-Ghaziabad-Faridabad-HR-Remedy-India-9Jpt7ojn,skipped,score 10 below threshold
2026-07-28,Cutshort,Lead Frontend Engineer/Architect,Shorthills AI,https://cutshort.io/job/Lead-Frontend-Engineer-Architect-Shorthills-AI-fJLgaR9E,skipped,score -100 below threshold
2026-07-28,Cutshort,Software developer Engineer -React,myGate.in,https://cutshort.io/job/Software-developer-Engineer-React-Bengaluru-Bangalore-myGate-in-cjEORTJh,failed,no application confirmation on Cutshort
2026-07-28,Cutshort,AI/ML,Webkul Software PvtLtd,https://cutshort.io/job/AI-ML-Noida-Webkul-Software-PvtLtd-GQqwzc3t,skipped,score 10 below threshold
2026-07-28,Cutshort,Senior/ Lead Frontend Developer - React.js Framework,Trendlyne Technologies,https://cutshort.io/job/Senior-Lead-Frontend-Developer-React-js-Framework-Bengaluru-Bangalore-Trendlyne-Technologies-ESOoCDTp,skipped,score -100 below threshold
2026-07-28,Cutshort,Frontend Developer (React & Expo),Moolya Software Testing Private Limited,https://cutshort.io/job/Frontend-Developer-React-Expo-Bengaluru-Bangalore-Moolya-Software-Testing-Private-Limited-yFelpzca,failed,no application confirmation on Cutshort
2026-07-28,Cutshort,Web Designer,Royal IT Park Services,https://cutshort.io/job/Web-Designer-Hyderabad-Royal-IT-Park-Services-1MC9hOgi,skipped,score 10 below threshold
2026-07-28,Cutshort,VueJS Developer,,https://cutshort.io/job/VueJS-Developer-Chennai-Codemind-Staffing-Solutions-Fsun1BTe,skipped,experience 5 - 10 yrs out of range
2026-07-28,Cutshort,Angular Developer,Wissen Technology,https://cutshort.io/job/Angular-Developer-Bengaluru-Bangalore-Wissen-Technology-TYKQaCEx,skipped,score 10 below threshold
2026-07-28,Cutshort,Software Engineer - Front End,Cglia Solutions LLP,https://cutshort.io/job/Software-Engineer-Front-End-Hyderabad-Cglia-Solutions-LLP--8YcgwsdS,skipped,score 10 below threshold
2026-07-28,Cutshort,JAVA DEVELOPER,Staffnixcom,https://cutshort.io/job/JAVA-DEVELOPER-Staffnixcom-WKkUW9yn,skipped,score -100 below threshold
2026-07-28,Cutshort,Frontend Developer Intern (Next.js),Rupeestop LLP,https://cutshort.io/job/Frontend-Developer-Intern-Next-js-Jaipur-Rupeestop-LLP-3dcLMi4y,skipped,score 10 below threshold
2026-07-28,Cutshort,PLC programmer,Next Kraft Parking Technologies,https://cutshort.io/job/PLC-programmer-Mumbai-Next-Kraft-Parking-Technologies-UhGT74Wd,skipped,score 10 below threshold
2026-07-28,Cutshort,Wordpress Developer,Arcitech,https://cutshort.io/job/Wordpress-Developer-Navi-Mumbai-Arcitech-4cKngDl4,skipped,score 10 below threshold
2026-07-28,Cutshort,UI/UX Engineer,Timble Technologies,https://cutshort.io/job/UI-UX-Engineer-Delhi-Gurugram-Noida-Timble-Technologies-h2lojjgt,skipped,score 10 below threshold
2026-07-28,Cutshort,UI Engineering Lead,MeltPlan,https://cutshort.io/job/UI-Engineering-Lead-Bengaluru-Bangalore-MeltPlan-rHeZo5br,skipped,score -100 below threshold
2026-07-28,Cutshort,Jr React Developer,1HResource Solutions,https://cutshort.io/job/Jr-React-Developer-Bengaluru-Bangalore-1HResource-Solutions-zaYl2eGn,failed,no application confirmation on Cutshort
2026-07-28,Cutshort,Staff Frontend Engineer - AI Agents (React + AI Coding Tools),,https://cutshort.io/job/Staff-Frontend-Engineer-AI-Agents-React-AI-Coding-Tools-Recruiting-Bond-lWiesefg,skipped,experience 7 - 10 yrs out of range
2026-07-28,Cutshort,Assistant Manager | Angular Developer - 1 year Contract,Hunarstreet Technologies Pvt Ltd,https://cutshort.io/job/Assistant-Manager-Angular-Developer-1-year-Contract-Bengaluru-Bangalore-Delhi-Gurugram-Noida-Ghaziabad-Faridabad-Hyderabad-RxJS-NgRx-Hunarstreet-Technologies-Pvt-Ltd-37a5fAFf,skipped,score 10 below threshold
2026-07-28,Cutshort,Senior Frontend Engineer (Full-Stack Capabilities),MeltPlan,https://cutshort.io/job/Senior-Frontend-Engineer-Full-Stack-Capabilities-Bengaluru-Bangalore-MeltPlan-FpsuaK3O,skipped,score -100 below threshold
2026-07-28,Cutshort,Junior Software Engineer,Shipthis Inc,https://cutshort.io/job/Junior-Software-Engineer-Bengaluru-Bangalore-Shipthis-Inc-St2mEukS,skipped,score 10 below threshold
2026-07-28,Cutshort,"WordPress Developer with HTML, CSS- Kolkata candidates only",Goranggo Solutions Private Limited,https://cutshort.io/job/WordPress-Developer-with-HTML-CSS-Kolkata-candidates-only-Kolkata-Goranggo-Solutions-Private-Limited-OCQSjsQ1,skipped,score 10 below threshold
2026-07-28,Cutshort,Senior Frontend Engineer,Vikgol Technologies,https://cutshort.io/job/Senior-Frontend-Engineer-Bengaluru-Bangalore-Vikgol-Technologies-tyL51pyp,skipped,score -100 below threshold
2026-07-28,Cutshort,Lead-Angular Developer,Hunarstreet Technologies Pvt Ltd,https://cutshort.io/job/Lead-Angular-Developer-Bengaluru-Bangalore-Delhi-Hyderabad-Hunarstreet-Technologies-Pvt-Ltd-Pm2mSN4E,skipped,score -100 below threshold
2026-07-28,Cutshort,Lead Frontend Engineer - React.js (4-6 years),Trendlyne Technologies,https://cutshort.io/job/Lead-Frontend-Engineer-React-js-4-6-years-Bengaluru-Bangalore-Trendlyne-Technologies-buBrp8Tq,skipped,score -100 below threshold
2026-07-28,Cutshort,Fronted Developer,Digital Prospects Consulting,https://cutshort.io/job/Fronted-Developer-Lucknow-Digital-Prospects-Consulting-8TCAhEsw,skipped,score 10 below threshold
2026-07-28,Cutshort,Frontend Developer,Syphoon,https://cutshort.io/job/Frontend-Developer-Syphoon-QOegxGx2,skipped,score 10 below threshold
2026-07-28,Cutshort,.Net Developer,Deqode,https://cutshort.io/job/-Net-Developer-Mumbai-Bengaluru-Bangalore-Deqode-4UlpAdu8,skipped,score -100 below threshold
2026-07-28,Cutshort,UI Developer,NeoGenCode Technologies Pvt Ltd,https://cutshort.io/job/UI-Developer-Pune-Hyderabad-NeoGenCode-Technologies-Pvt-Ltd-enBw3384,skipped,score 10 below threshold
2026-07-28,Cutshort,UI Software Engineer,NeoGenCode Technologies Pvt Ltd,https://cutshort.io/job/UI-Software-Engineer-Pune-Hyderabad-NeoGenCode-Technologies-Pvt-Ltd-Yp32NpXY,skipped,score 10 below threshold
2026-07-28,YourStory,Associate Sales & Partnerships Manager,YourStory Media,https://yourstory.com/jobs/details/22dbd6b0-55aa-11f1-b30b-eb2d7a493eb2,skipped,score 10 below threshold
2026-07-28,YourStory,Senior Reporter,YourStory Media,https://yourstory.com/jobs/details/7f800bf0-55ac-11f1-9892-0791a4cff158,skipped,score -100 below threshold
2026-07-28,Instahyre,KnackLabs - Software Development Engineer,KnackLabs,https://www.instahyre.com/#job/knacklabs/knacklabs-software-development-engineer,skipped,score 30 below threshold
2026-07-28,Naukri,React Native Developer,Techgy Innovations,https://www.naukri.com/job-listings-react-native-developer-techgy-innovations-hyderabad-2-to-3-years-280726014586,applied,auto-applied (score 70)
2026-07-28,Naukri,React Native Developer,Santa Browser,https://www.naukri.com/job-listings-react-native-developer-santa-browser-hyderabad-3-to-5-years-240726507223,skipped,skipped — external ATS (apply on company site)
2026-07-28,Naukri,"Mobile App Developer (Flutter, React Native, Kotlin)",JB Arrowstar Solutions,https://www.naukri.com/job-listings-mobile-app-developer-flutter-react-native-kotlin-jb-arrowstar-solutions-private-limited-bengaluru-2-to-5-years-270726506539,skipped,skipped — external ATS (apply on company site)
2026-07-28,Naukri,React Native Developer,Techefficio,https://www.naukri.com/job-listings-react-native-developer-techefficio-hyderabad-3-to-5-years-200726503418,skipped,skipped — external ATS (apply on company site)
2026-07-29,Instahyre,KnackLabs - Software Development Engineer,KnackLabs,https://www.instahyre.com/#job/knacklabs/knacklabs-software-development-engineer,skipped,score 30 below threshold
2026-07-29,Naukri,React Native Developer,Santa Browser,https://www.naukri.com/job-listings-react-native-developer-santa-browser-hyderabad-3-to-5-years-240726507223,skipped,skipped — external ATS (apply on company site)
2026-07-29,Naukri,React Native Developer,Techefficio,https://www.naukri.com/job-listings-react-native-developer-techefficio-hyderabad-3-to-5-years-200726503418,skipped,skipped — external ATS (apply on company site)
2026-07-29,Naukri,React Native Developer,Bigziel,https://www.naukri.com/job-listings-react-native-developer-bigziel-chennai-1-to-3-years-311025501360,skipped,skipped — external ATS (apply on company site)
2026-07-29,Naukri,React Native Developer,Technoadviser Technologies,https://www.naukri.com/job-listings-react-native-developer-technoadviser-technologies-pvt-ltd-hyderabad-1-to-5-years-290526503919,failed,Apply button not found — page buttons  [Jobs2 | Recommended jobs | NVites13 New | Application status143 Updates | Saved jobs | Companies | Explore categories | Unicorn | MNC | Startup]
2026-07-29,Naukri,React Native Developer,Pillersoft Technology,https://www.naukri.com/job-listings-react-native-developer-piller-soft-technology-pune-3-to-7-years-210725500684,skipped,skipped — external ATS (apply on company site)
2026-07-29,Naukri,React Native Developer,Digixpro,https://www.naukri.com/job-listings-react-native-developer-digixpro-bengaluru-1-to-5-years-071125501730,skipped,skipped — external ATS (apply on company site)
2026-07-29,Naukri,React Native Developer,Cloud Counselage,https://www.naukri.com/job-listings-react-native-developer-cloud-counselage-pvt-ltd-chennai-3-to-7-years-301225507873,skipped,skipped — external ATS (apply on company site)
2026-07-29,Naukri,React Native Developer - PHP/MySQL,Loyal String International,https://www.naukri.com/job-listings-react-native-developer-php-mysql-loyal-string-international-pune-2-to-3-years-190620501339,skipped,skipped — external ATS (apply on company site)
2026-07-29,Naukri,React Native Developer,Up Market Research,https://www.naukri.com/job-listings-react-native-developer-up-market-research-pune-3-to-7-years-170424500355,skipped,skipped — external ATS (apply on company site)
2026-07-29,Naukri,React Native developer,Analogue It Solutions,https://www.naukri.com/job-listings-react-native-developer-analogue-it-solutions-mobile-application-development-company-hyderabad-1-to-4-years-150125503399,skipped,skipped — external ATS (apply on company site)
2026-07-29,Naukri,React Native Developer,Quanteon Solutions,https://www.naukri.com/job-listings-react-native-developer-quanteon-llc-hyderabad-3-to-8-years-130226502852,skipped,skipped — external ATS (apply on company site)
2026-07-29,Naukri,React Native Developers | Hyderabad India,Sowedane,https://www.naukri.com/job-listings-react-native-developers-hyderabad-india-sowedane-hyderabad-3-to-8-years-280526503016,failed,Apply button not found — page buttons  [Jobs2 | Recommended jobs | NVites13 New | Application status143 Updates | Saved jobs | Companies | Explore categories | Unicorn | MNC | Startup]
2026-07-29,Naukri,React Native Developer,Chromosis Technologies,https://www.naukri.com/job-listings-react-native-developer-chromosis-technologies-pvt-ltd-bengaluru-1-to-5-years-260326500675,skipped,skipped — external ATS (apply on company site)
2026-07-29,Naukri,React Native Developer,Apex 2000 INC,https://www.naukri.com/job-listings-react-native-developer-apex-2000-inc-bengaluru-3-to-7-years-210526501004,skipped,skipped — external ATS (apply on company site)
2026-07-29,Naukri,React Native Developer Product,Recrosoft,https://www.naukri.com/job-listings-react-native-developer-product-recrosoft-technologies-pvt-ltd-bengaluru-1-to-4-years-140526503556,failed,Apply button not found — page buttons  [Jobs2 | Recommended jobs | NVites13 New | Application status143 Updates | Saved jobs | Companies | Explore categories | Unicorn | MNC | Startup]
2026-07-29,Naukri,React Native Developer,Sthapatya Software,https://www.naukri.com/job-listings-react-native-developer-sthapatya-software-pvt-ltd-pune-3-to-5-years-311225501089,skipped,skipped — external ATS (apply on company site)
2026-07-29,Naukri,React Native Developer,Webpetal Software,https://www.naukri.com/job-listings-react-native-developer-webpetal-software-pvt-ltd-gurugram-0-to-2-years-311025500174,skipped,skipped — external ATS (apply on company site)
2026-07-29,Naukri,React Native Developer,Medpick,https://www.naukri.com/job-listings-react-native-developer-medpick-bengaluru-1-to-5-years-311025500126,skipped,skipped — external ATS (apply on company site)
2026-07-29,Naukri,React-Native Developer,Appzoy Technologies,https://www.naukri.com/job-listings-react-native-developer-appzoy-bengaluru-1-to-3-years-280126506267,skipped,skipped — external ATS (apply on company site)
2026-07-29,Naukri,Mobile Developer,Akra Tech,https://www.naukri.com/job-listings-mobile-developer-akra-tech-chennai-3-to-8-years-200726503725,skipped,skipped — external ATS (apply on company site)
2026-07-29,Naukri,Mobile Developer,Siri Innovations,https://www.naukri.com/job-listings-mobile-developer-siri-innovations-pvt-ltd-hyderabad-2-to-5-years-210726501582,skipped,score 50 below threshold
2026-07-29,Naukri,"Staff Engineer ,Mobile Developer",Nagarro,https://www.naukri.com/job-listings-staff-engineer-mobile-developer-nagarro-software-pvt-ltd-hyderabad-1-to-3-years-291025502366,skipped,score -100 below threshold
2026-07-29,Naukri,Mobile Developer,Couchbase,https://www.naukri.com/job-listings-mobile-developer-couchbase-inc-bengaluru-1-to-3-years-270625501943,skipped,skipped — external ATS (apply on company site)
2026-07-29,Naukri,Mobile Developer,Cyces Innovation Labs Llp,https://www.naukri.com/job-listings-mobile-developer-cyces-innovation-labs-llp-chennai-2-to-7-years-290526504570,skipped,skipped — external ATS (apply on company site)
2026-07-29,Naukri,Mobile Developer,rigbot.com,https://www.naukri.com/job-listings-mobile-developer-rigbot-com-hyderabad-0-to-8-years-310817503081,skipped,score 50 below threshold
2026-07-29,Naukri,Mobile Developer - Microsoft Certified,Acuity Software Technologies,https://www.naukri.com/job-listings-mobile-developer-microsoft-certified-acuity-software-technologies-hyderabad-3-to-8-years-240517500889,skipped,score -100 below threshold
2026-07-29,Naukri,AI Agent Reliability Engineer - Mobile Developers,Emergent India,https://www.naukri.com/job-listings-ai-agent-reliability-engineer-mobile-developers-emergent-bengaluru-1-to-5-years-300626500430,skipped,score 50 below threshold
2026-07-29,Naukri,Mobile Developer,BNI,https://www.naukri.com/job-listings-mobile-developer-bni-bengaluru-2-to-3-years-150626503249,skipped,score 50 below threshold
2026-07-29,Naukri,Mobile Developer,Shopdeck,https://www.naukri.com/job-listings-mobile-developer-shopdeck-previously-nushop-bengaluru-2-to-4-years-020626502541,skipped,score 50 below threshold
2026-07-29,Naukri,Mobile Developer,Technerds Solutions,https://www.naukri.com/job-listings-mobile-developer-technerds-solutions-pvt-ltd-chennai-2-to-5-years-301025504772,skipped,score 50 below threshold
2026-07-29,Naukri,Maximo Mobile Developer,Capgemini,https://www.naukri.com/job-listings-maximo-mobile-developer-capgemini-technology-services-india-limited-bengaluru-3-to-7-years-290626928453,skipped,score 50 below threshold
2026-07-29,Naukri,Mobile Developer,Logic Planet,https://www.naukri.com/job-listings-mobile-developer-logicplanet-it-services-hubli-mangaluru-mysuru-bengaluru-belgaum-0-to-5-years-240226505078,skipped,score 50 below threshold
2026-07-29,Naukri,Mobile developer,Technologyport Software India,https://www.naukri.com/job-listings-mobile-developer-technologyport-software-india-pvt-ltd-bengaluru-2-to-4-years-231219501376,skipped,score 50 below threshold
2026-07-29,Naukri,Mobile Developer- Visa,Foray Software,https://www.naukri.com/job-listings-mobile-developer-visa-foray-software-pvt-ltd-bengaluru-3-to-7-years-230824501588,skipped,score 50 below threshold
2026-07-29,Naukri,Mobile Developer,Wingz Technologies,https://www.naukri.com/job-listings-mobile-developer-wingz-technologies-chennai-1-to-4-years-220425500929,skipped,score 50 below threshold
2026-07-29,Naukri,Mobile Developer,Photon,https://www.naukri.com/job-listings-mobile-developer-photon-infotech-p-ltd-chennai-3-to-7-years-191124505967,skipped,score 50 below threshold
2026-07-29,Naukri,Mobile Developer,SATRA Group,https://www.naukri.com/job-listings-mobile-developer-satra-infrastructure-management-services-hyderabad-2-to-3-years-190625503012,skipped,score 50 below threshold
2026-07-29,Naukri,Mobile Developer,Giggs Software Labs,https://www.naukri.com/job-listings-mobile-developer-giggs-software-labs-bengaluru-7-to-12-years-250726015377,skipped,experience 7-12 Yrs out of range
2026-07-29,Naukri,Mobile Developer,Computer Paradise & Torus Solutions,https://www.naukri.com/job-listings-mobile-developer-computer-paradise-torus-solutions-mysuru-1-to-3-years-170726501336,skipped,skipped — external ATS (apply on company site)
2026-07-29,Naukri,Frontend Engineer (React & React Native),Y2Z Travel,https://www.naukri.com/job-listings-frontend-engineer-react-react-native-y2z-travel-bengaluru-1-to-5-years-191224503297,skipped,skipped — external ATS (apply on company site)
2026-07-29,Naukri,Frontend Engineer (React / React Native),Prepairo,https://www.naukri.com/job-listings-frontend-engineer-react-react-native-prepairo-bengaluru-2-to-5-years-010626503686,failed,Apply button not found — page buttons  [Jobs2 | Recommended jobs | NVites13 New | Application status143 Updates | Saved jobs | Companies | Explore categories | Unicorn | MNC | Startup]
2026-07-29,Naukri,"Associate Principal Engineer, Frontend React",Nagarro,https://www.naukri.com/job-listings-associate-principal-engineer-frontend-react-nagarro-software-pvt-ltd-bengaluru-0-to-3-years-291025503104,skipped,score -100 below threshold
2026-07-29,Naukri,React Frontend Engineer,Omniful,https://www.naukri.com/job-listings-react-frontend-engineer-omniful-gurugram-3-to-8-years-200525503513,skipped,skipped — external ATS (apply on company site)
2026-07-29,Naukri,Front End Engineer- React,omnifxy Bharat Digital Infra Pvt Ltd,https://www.naukri.com/job-listings-front-end-engineer-react-omnifxy-bharat-digital-infra-pvt-ltd-pune-3-to-7-years-130726032316,applied,auto-applied (score 55)
2026-07-29,Naukri,Frontend - Engineer,Varaha Systems,https://www.naukri.com/job-listings-frontend-engineer-varaha-systems-inc-bengaluru-3-to-8-years-140726501769,skipped,skipped — external ATS (apply on company site)
2026-07-29,Naukri,"Engineer, Frontend React",Nagarro,https://www.naukri.com/job-listings-engineer-frontend-react-nagarro-software-pvt-ltd-bengaluru-2-to-7-years-291025501402,skipped,skipped — external ATS (apply on company site)
2026-07-29,Naukri,Frontend Engineer (React),Startappss Systems,https://www.naukri.com/job-listings-frontend-engineer-react-startappss-systems-pvt-ltd-indore-3-to-8-years-230726503784,skipped,skipped — external ATS (apply on company site)
2026-07-29,Naukri,Frontend Engineer ( React / Next . js ),Workforce Next,https://www.naukri.com/job-listings-frontend-engineer-react-next-js-workforce-next-noida-2-to-6-years-140526500224,skipped,skipped — external ATS (apply on company site)
2026-07-29,Naukri,Frontend Engineer (React),Technix India Solutions,https://www.naukri.com/job-listings-frontend-engineer-react-technix-technology-patna-0-to-2-years-101125501751,skipped,skipped — external ATS (apply on company site)
2026-07-29,Naukri,Frontend Engineer (React.js / Next.js),Aqilea,https://www.naukri.com/job-listings-frontend-engineer-react-js-next-js-aqilea-formerly-soltia-bengaluru-5-to-9-years-150726500749,skipped,experience 5-9 Yrs out of range
2026-07-29,Naukri,Frontend Engineer,Apex 2000,https://www.naukri.com/job-listings-frontend-engineer-apex-2000-inc-pune-3-to-7-years-290626503315,skipped,score 10 below threshold
2026-07-29,Naukri,Front end Engineer,Diverse Lynx,https://www.naukri.com/job-listings-front-end-engineer-diverse-lynx-bengaluru-1-to-5-years-230626501437,skipped,skipped — external ATS (apply on company site)
2026-07-29,Naukri,Frontend Engineer - React js,Cloud Nautical Solutions India,https://www.naukri.com/job-listings-frontend-engineer-react-js-cloud-nautical-solutions-india-private-limited-thiruvananthapuram-5-to-10-years-240726503467,skipped,experience 5-10 Yrs out of range
2026-07-29,Naukri,React Frontend Engineer,Leading Client,https://www.naukri.com/job-listings-react-frontend-engineer-contactx-resource-management-pvt-ltd-bengaluru-7-to-10-years-170726918079,skipped,experience 7-10 Yrs out of range
2026-07-29,Naukri,Frontend Engineer,Vowels Of The People Association,https://www.naukri.com/job-listings-frontend-engineer-vopa-pune-3-to-5-years-200726504194,skipped,score 30 below threshold
2026-07-29,Naukri,Frontend Engineer,Diverse Lynx,https://www.naukri.com/job-listings-frontend-engineer-diverse-lynx-bengaluru-2-to-6-years-080825500478,skipped,score 30 below threshold
2026-07-29,Naukri,Front End UI Engineer,Ascendion Engineering,https://www.naukri.com/job-listings-front-end-ui-engineer-ascendion-engineering-bengaluru-7-to-12-years-140726018965,skipped,experience 7-12 Yrs out of range
2026-07-29,Naukri,Frontend Engineer React JS,Einfochips,https://www.naukri.com/job-listings-frontend-engineer-react-js-e-infochips-limited-indore-4-to-12-years-160226505299,skipped,experience 4-12 Yrs out of range
2026-07-29,Naukri,Frontend Engineer React JS,Einfochips,https://www.naukri.com/job-listings-frontend-engineer-react-js-e-infochips-limited-ahmedabad-4-to-12-years-160226505298,skipped,experience 4-12 Yrs out of range
2026-07-29,Naukri,Full Stack Developer (React + Node),Kleistech,https://www.naukri.com/job-listings-full-stack-developer-react-node-kleistech-pune-2-to-7-years-170726504546,skipped,skipped — external ATS (apply on company site)
2026-07-29,Naukri,Fullstack Developer,Deloitte Shared Services India,https://www.naukri.com/job-listings-fullstack-developer-deloitte-shared-services-india-pune-3-to-8-years-280726024047,applied,auto-applied (score 55)
2026-07-29,Naukri,Full Stack Developer (React & Node JD),Vertiscript Global It Services,https://www.naukri.com/job-listings-full-stack-developer-react-node-jd-vertiscript-global-it-solution-hyderabad-3-to-6-years-031225502948,skipped,skipped — external ATS (apply on company site)
2026-07-29,Naukri,Fullstack Developer,Paisabazaar,https://www.naukri.com/job-listings-fullstack-developer-paisabazaar-gurugram-3-to-6-years-270726019776,failed,No apply confirmation detected
2026-07-29,Naukri,React + Node - Full Stack Developer,Paltech Consulting,https://www.naukri.com/job-listings-react-node-full-stack-developer-paltech-consulting-hyderabad-3-to-6-years-070726027633,failed,No apply confirmation detected
2026-07-29,Naukri,Full Stack Developer React + Node,Quanteon Solutions,https://www.naukri.com/job-listings-full-stack-developer-react-node-quanteon-llc-hyderabad-3-to-8-years-130226502853,skipped,skipped — external ATS (apply on company site)
2026-07-29,Naukri,React & Node Full stack Developer,PAL It Tech,https://www.naukri.com/job-listings-react-node-full-stack-developer-pal-it-tech-pvt-ltd-hyderabad-3-to-5-years-090726502862,skipped,skipped — external ATS (apply on company site)
2026-07-29,Naukri,Walk-in || Fullstack Developer(Immediate joiners only),Infiniti Research,https://www.naukri.com/job-listings-fullstack-developer-immediate-joiners-only-infiniti-research-bengaluru-2-to-4-years-270726011014,failed,Apply button not found — page buttons  [Jobs2 | Recommended jobs | NVites13 New | Application status143 Updates | Saved jobs | Companies | Explore categories | Unicorn | MNC | Startup]
2026-07-29,Naukri,Fullstack Developer,MNC,https://www.naukri.com/job-listings-fullstack-developer-tele-infotech-pimpri-chinchwad-pune-0-to-2-years-280726035724,skipped,score 30 below threshold
2026-07-29,Naukri,Fullstack Developer(Immediate Joiners only Apply,Empover,https://www.naukri.com/job-listings-fullstack-developer-immediate-joiners-only-apply-empover-hyderabad-3-to-5-years-210726018410,failed,No apply confirmation detected
2026-07-29,Naukri,Fullstack Developer,Careait Health Services,https://www.naukri.com/job-listings-fullstack-developer-careait-health-services-bengaluru-0-to-3-years-010726028673,failed,No apply confirmation detected
2026-07-29,Naukri,Full Stack Developer,Leading Client,https://www.naukri.com/job-listings-full-stack-developer-rimpac-hr-services-llp-pune-bengaluru-2-to-6-years-230726933909,skipped,score -100 below threshold
2026-07-29,Naukri,Fullstack Developer,99yellow,https://www.naukri.com/job-listings-fullstack-developer-99yellow-gurugram-3-to-5-years-220726030478,skipped,score -100 below threshold
2026-07-29,Naukri,Full Stack Developer (React with Node),Programming.Com,https://www.naukri.com/job-listings-full-stack-developer-react-with-node-programming-com-bengaluru-2-to-6-years-121224501301,skipped,skipped — external ATS (apply on company site)
2026-07-29,Naukri,Fullstack Developer (NodeJS + React),Ixigo,https://www.naukri.com/job-listings-fullstack-developer-nodejs-react-ixigo-gurugram-3-to-8-years-200726505767,skipped,skipped — external ATS (apply on company site)
2026-07-29,Naukri,Gen AI - Full Stack Developer,Intelizign Lifecycle Services,https://www.naukri.com/job-listings-gen-ai-full-stack-developer-intelizign-lifecycle-services-chennai-3-to-6-years-150726015903,failed,No apply confirmation detected
2026-07-29,Naukri,Fullstack Developer,Deloitte Shared Services India,https://www.naukri.com/job-listings-fullstack-developer-deloitte-shared-services-india-bengaluru-2-to-6-years-120626008685,failed,Apply button not found — page buttons  [Jobs2 | Recommended jobs | NVites13 New | Application status143 Updates | Saved jobs | Companies | Explore categories | Unicorn | MNC | Startup]
2026-07-29,Naukri,Fullstack Developer,Josh Software,https://www.naukri.com/job-listings-fullstack-developer-josh-software-pvt-ltd-pune-3-to-5-years-150726931620,skipped,score 30 below threshold
2026-07-29,Naukri,Forward Deployed  Engineer- Full stack Developer,Current India,https://www.naukri.com/job-listings-forward-deployed-engineer-full-stack-developer-current-india-hyderabad-3-to-7-years-130726027739,failed,No apply confirmation detected
2026-07-29,Naukri,Full Stack Developer,Zonolith Technologies,https://www.naukri.com/job-listings-full-stack-developer-zonolith-technologies-bengaluru-2-to-7-years-170726503047,skipped,skipped — external ATS (apply on company site)
2026-07-29,LinkedIn,Web Developer,ShrinQ Consulting Group Inc,https://www.linkedin.com/jobs/view/4444015670/,skipped,score 10 below threshold
2026-07-29,LinkedIn,Mobile Application Developer,Boson Systems,https://www.linkedin.com/jobs/view/4411147217/,skipped,score 10 below threshold
2026-07-29,LinkedIn,Fullstack Developer | $55/hr Remote,Crossing Hurdles,https://www.linkedin.com/jobs/view/4445732257/,skipped,score 10 below threshold
2026-07-29,LinkedIn,Junior Frontend Engineer,Avinyaa Ed Tech Private Limited,https://www.linkedin.com/jobs/view/4442823156/,skipped,score 10 below threshold
2026-07-29,LinkedIn,SDE I (Frontend),Navi,https://www.linkedin.com/jobs/view/4437546096/,skipped,score 10 below threshold
2026-07-29,LinkedIn,Front-End Developer – SCG India,SCG,https://www.linkedin.com/jobs/view/4298394472/,skipped,score 10 below threshold
2026-07-29,LinkedIn,Mobile Application Developer,Boson Systems,https://www.linkedin.com/jobs/view/4411147217/,skipped,score 10 below threshold
2026-07-29,LinkedIn,Web Developer,ShrinQ Consulting Group Inc,https://www.linkedin.com/jobs/view/4444015670/,skipped,score 10 below threshold
2026-07-29,LinkedIn,Fullstack Developer | $55/hr Remote,Crossing Hurdles,https://www.linkedin.com/jobs/view/4445732257/,skipped,score 10 below threshold
2026-07-29,LinkedIn,Software Engineer,Digichorus Technologies Pvt Ltd,https://www.linkedin.com/jobs/view/4442591945/,skipped,score 10 below threshold
2026-07-29,LinkedIn,Junior Frontend Engineer,Avinyaa Ed Tech Private Limited,https://www.linkedin.com/jobs/view/4442823156/,skipped,score 10 below threshold
2026-07-29,LinkedIn,SDE I (Frontend),Navi,https://www.linkedin.com/jobs/view/4437546096/,skipped,score 10 below threshold
2026-07-29,LinkedIn,Front-End Developer – SCG India,SCG,https://www.linkedin.com/jobs/view/4298394472/,skipped,score 10 below threshold
2026-07-29,LinkedIn,Web Developer,ShrinQ Consulting Group Inc,https://www.linkedin.com/jobs/view/4444015670/,skipped,score 10 below threshold
2026-07-29,LinkedIn,Fullstack Developer | $55/hr Remote,Crossing Hurdles,https://www.linkedin.com/jobs/view/4445732257/,skipped,score 10 below threshold
2026-07-29,LinkedIn,Junior Frontend Engineer,Avinyaa Ed Tech Private Limited,https://www.linkedin.com/jobs/view/4442823156/,skipped,score 10 below threshold
2026-07-29,LinkedIn,SDE I (Frontend),Navi,https://www.linkedin.com/jobs/view/4437546096/,skipped,score 10 below threshold
2026-07-29,LinkedIn,"Full-Stack Software Developer — E-Commerce, Marketplace APIs & AI",Twin Two,https://www.linkedin.com/jobs/view/4440677699/,skipped,score 10 below threshold
2026-07-29,LinkedIn,Software Engineer,Digichorus Technologies Pvt Ltd,https://www.linkedin.com/jobs/view/4442591945/,skipped,score 10 below threshold
2026-07-29,LinkedIn,Full Stack Developer,Kayana | Ordering & Payment Solutions,https://www.linkedin.com/jobs/view/4442581250/,skipped,score 10 below threshold
2026-07-29,LinkedIn,Web Developer,ShrinQ Consulting Group Inc,https://www.linkedin.com/jobs/view/4444015670/,skipped,score 10 below threshold
2026-07-29,LinkedIn,Fullstack Developer | $55/hr Remote,Crossing Hurdles,https://www.linkedin.com/jobs/view/4445732257/,skipped,score 10 below threshold
2026-07-29,LinkedIn,"Full-Stack Software Developer — E-Commerce, Marketplace APIs & AI",Twin Two,https://www.linkedin.com/jobs/view/4440677699/,skipped,score 10 below threshold
2026-07-29,LinkedIn,Junior Frontend Engineer,Avinyaa Ed Tech Private Limited,https://www.linkedin.com/jobs/view/4442823156/,skipped,score 10 below threshold
2026-07-29,LinkedIn,Full Stack Developer,Kayana | Ordering & Payment Solutions,https://www.linkedin.com/jobs/view/4442581250/,skipped,score 10 below threshold
2026-07-29,LinkedIn,Full Stack Developer,Legal Experts AI,https://www.linkedin.com/jobs/view/4433915695/,skipped,score 10 below threshold
2026-07-29,LinkedIn,Mern Full Stack Developer,Planys Technologies,https://www.linkedin.com/jobs/view/4437977898/,skipped,score 10 below threshold
2026-07-29,LinkedIn,Web Developer,ShrinQ Consulting Group Inc,https://www.linkedin.com/jobs/view/4444015670/,skipped,score 10 below threshold
2026-07-29,LinkedIn,Fullstack Developer | $55/hr Remote,Crossing Hurdles,https://www.linkedin.com/jobs/view/4445732257/,skipped,score 10 below threshold
2026-07-29,LinkedIn,"Full-Stack Software Developer — E-Commerce, Marketplace APIs & AI",Twin Two,https://www.linkedin.com/jobs/view/4440677699/,skipped,score 10 below threshold
2026-07-29,LinkedIn,Junior Frontend Engineer,Avinyaa Ed Tech Private Limited,https://www.linkedin.com/jobs/view/4442823156/,skipped,score 10 below threshold
2026-07-29,LinkedIn,Full Stack Developer,Kayana | Ordering & Payment Solutions,https://www.linkedin.com/jobs/view/4442581250/,skipped,score 10 below threshold
2026-07-29,LinkedIn,SDE I (Frontend),Navi,https://www.linkedin.com/jobs/view/4437546096/,skipped,score 10 below threshold
2026-07-29,LinkedIn,UI Developer,Data Eminence,https://www.linkedin.com/jobs/view/4444691169/,skipped,score 10 below threshold
2026-07-29,Cutshort,Full Stack Developer,Envisioned Strategy and Consulting,https://cutshort.io/job/Full-Stack-Developer-Hyderabad-Envisioned-Strategy-and-Consulting-pnKE3yCo,skipped,score 10 below threshold
2026-07-29,Cutshort,React Native Developer – PHP/LARAVEL,CNV AI Labs Inc,https://cutshort.io/job/React-Native-Developer-PHP-LARAVEL-CNV-AI-Labs-Inc-djtssuLz,failed,no application confirmation on Cutshort
2026-07-29,Cutshort,React Native Developer,GD,https://cutshort.io/job/React-Native-Developer-Ahmedabad-GD-hBNysnI4,failed,no application confirmation on Cutshort
2026-07-29,Cutshort,Full Stack Developer (React Native + Integrations),Zan - Zari Group,https://cutshort.io/job/Full-Stack-Developer-React-Native-Integrations-Zan-Zari-Group-SXhKtmRH,failed,no application confirmation on Cutshort
2026-07-29,Cutshort,UI Engineer,Orenda,https://cutshort.io/job/UI-Engineer-Ahmedabad-Orenda-kF0eBPir,skipped,score 10 below threshold
2026-07-29,Cutshort,Android Developer - I,KnackLabs,https://cutshort.io/job/Android-Developer-I-Bengaluru-Bangalore-KnackLabs-C5bwFIee,skipped,score -100 below threshold
2026-07-29,Cutshort,Full Stack Developer - Senior,SwitchKart,https://cutshort.io/job/Full-Stack-Developer-Senior-Bengaluru-Bangalore-SwitchKart-hrCry4pA,skipped,score -100 below threshold
2026-07-29,Cutshort,SDE Intern - React Native,PGAGI,https://cutshort.io/job/SDE-Intern-React-Native-PGAGI-2ARnMb5d,failed,no application confirmation on Cutshort
2026-07-29,Cutshort,"Mobile Developer (React Native) — 3-Month Contract, Remote",Zan - Zari Group,https://cutshort.io/job/Mobile-Developer-React-Native-3-Month-Contract-Remote-Zan-Zari-Group-yNs3ndxI,failed,no application confirmation on Cutshort
2026-07-29,Cutshort,React Native Developer with PHP Developer(Strong backend Knowledge),httpswwwicloudemscom,https://cutshort.io/job/React-Native-Developer-with-PHP-Developer-Strong-backend-Knowledge-httpswwwicloudemscom-oWDoq49q,failed,no application confirmation on Cutshort
2026-07-29,Cutshort,Lead Product Engineer - Pod Captain,Fountane inc,https://cutshort.io/job/Lead-Product-Engineer-Pod-Captain-Fountane-inc-FjqBhstE,skipped,score -100 below threshold
2026-07-29,Cutshort,Senior Software Development Engineer (Payments) Full-time,ZYSYGY,https://cutshort.io/job/Senior-Software-Development-Engineer-Payments-Full-time-ZYSYGY-Gm6TIiDw,skipped,score -100 below threshold
2026-07-29,Cutshort,Fullstack Developer,,https://cutshort.io/job/Fullstack-Developer-Mumbai-Cutshort-Lightning-hm7QSYFD,skipped,experience 1yr out of range
2026-07-29,Cutshort,Engineering Lead,,https://cutshort.io/job/Engineering-Lead-Mumbai-Cutshort-Lightning-OmazFcWW,skipped,experience 7yrs out of range
2026-07-29,Cutshort,Front end developer,Knobee Social India Private Limited,https://cutshort.io/job/Front-end-developer-Noida-Bengaluru-Bangalore-Knobee-Social-India-Private-Limited-0r0IA5Cq,skipped,score 10 below threshold
2026-07-29,Cutshort,Senior React Native Developer,Procedure,https://cutshort.io/job/Senior-React-Native-Developer-Procedure-5nCabdqM,skipped,score -100 below threshold
2026-07-29,Cutshort,React Native Intern,PGAGI,https://cutshort.io/job/React-Native-Intern-Bengaluru-Bangalore-PGAGI-FzasCXYn,failed,no application confirmation on Cutshort
2026-07-29,Cutshort,Mobile App Developer- Intern,Aaizel International Technologies Pvt Ltd,https://cutshort.io/job/Mobile-App-Developer-Intern-Gurugram-Aaizel-International-Technologies-Pvt-Ltd-pCDGS1PB,skipped,score 50 below threshold
2026-07-29,Cutshort,React Native SDE 3,NeoGenCode Technologies Pvt Ltd,https://cutshort.io/job/React-Native-SDE-3-Bengaluru-Bangalore-NeoGenCode-Technologies-Pvt-Ltd-Dfn6pWZy,skipped,score -100 below threshold
2026-07-29,Cutshort,PHP Developer,CNV AI Labs Inc,https://cutshort.io/job/PHP-Developer-CNV-AI-Labs-Inc-aXdDCEUE,skipped,score 10 below threshold
2026-07-29,Cutshort,Senior Product Engineer - Mobile Developer (L3),Fountane inc,https://cutshort.io/job/Senior-Product-Engineer-Mobile-Developer-L3-Fountane-inc-oyJaddR8,skipped,score -100 below threshold
2026-07-29,Cutshort,Staff Mobile Application Developer,RockED,https://cutshort.io/job/Staff-Mobile-Application-Developer-Bengaluru-Bangalore-RockED-8fPkLTUb,skipped,score -100 below threshold
2026-07-29,Cutshort,Lead Mobile Engineer – Android & iOS,,https://cutshort.io/job/Lead-Mobile-Engineer-Android-iOS-Hyderabad-Recruiting-Bond-SGHz97wJ,skipped,experience 5 - 8 yrs out of range
2026-07-29,Cutshort,Senior Backend Developer,Master-O,https://cutshort.io/job/Senior-Backend-Developer-Gurugram-Master-O-ax0pS75g,skipped,score -100 below threshold
2026-07-29,Cutshort,React Native,1HResource Solutions,https://cutshort.io/job/React-Native-Bengaluru-Bangalore-1HResource-Solutions-lpZLOYSw,failed,no application confirmation on Cutshort
2026-07-29,Cutshort,Mobile Application Lead (React Native),Amura Health,https://cutshort.io/job/Mobile-Application-Lead-React-Native-Chennai-Amura-Health-aK3qiR1w,skipped,score -100 below threshold
2026-07-29,Cutshort,Android Developer,Aaizel International Technologies Pvt Ltd,https://cutshort.io/job/Android-Developer-Gurugram-Aaizel-International-Technologies-Pvt-Ltd-XMggixxl,skipped,score -100 below threshold
2026-07-29,Cutshort,Software Development Engineer – Mobile / Full-Stack,PGAGI,https://cutshort.io/job/Software-Development-Engineer-Mobile-Full-Stack-Bengaluru-Bangalore-PGAGI-P5ZXCB6o,skipped,score 10 below threshold
2026-07-29,Cutshort,Job Description – React Native Full Stack Developer,TopGrep Tech Private Limited,https://cutshort.io/job/Job-Description-React-Native-Full-Stack-Developer-Bengaluru-Bangalore-TopGrep-Tech-Private-Limited-b56hFu6d,failed,no application confirmation on Cutshort
2026-07-29,Cutshort,Lead Frontend Engineer - React.js (4-6 years),Trendlyne Technologies,https://cutshort.io/job/Lead-Frontend-Engineer-React-js-4-6-years-Bengaluru-Bangalore-Trendlyne-Technologies-buBrp8Tq,skipped,score -100 below threshold
2026-07-29,Cutshort,Senior React Native Developer,Big Rattle Technologies,https://cutshort.io/job/Senior-React-Native-Developer-Big-Rattle-Technologies-QWXg5Be3,skipped,score -100 below threshold
2026-07-29,Cutshort,Software Engineer,ReThink,https://cutshort.io/job/Software-Engineer-ReThink-thbQzSYt,skipped,score 10 below threshold
2026-07-29,Cutshort,Backend- Developer,WorldRef Technologies,https://cutshort.io/job/Backend-Developer-Noida-63-WorldRef-Technologies-RIwYbka0,skipped,score 10 below threshold
2026-07-29,Cutshort,React Native Developer,Qurilo Technologies LLC,https://cutshort.io/job/React-Native-Developer-Delhi-Gurugram-Noida-Ghaziabad-Faridabad-Qurilo-Technologies-LLC-D1WcobZs,failed,no application confirmation on Cutshort
2026-07-29,Cutshort,Full Stack Developer,Ekostay LLP,https://cutshort.io/job/Full-Stack-Developer-Mumbai-worli-Ekostay-LLP-awSu8gP7,skipped,score 10 below threshold
2026-07-29,Cutshort,React JS/ React Native Developer,Hunarstreet Technologies Pvt Ltd,https://cutshort.io/job/React-JS-React-Native-Developer-Pune-Hunarstreet-Technologies-Pvt-Ltd-EfDtNOIc,failed,no application confirmation on Cutshort
2026-07-29,Cutshort,React Native Engineer | 4+ yrs | Bangalore,sketch brahma,https://cutshort.io/job/React-Native-Engineer-4-yrs-Bangalore-Bengaluru-Bangalore-Hyderabad-Noida-1HResource-Solutions-QpmxoBBb,skipped,experience 4+ yrs out of range
2026-07-29,Cutshort,Senior Full Stack Developer,Gofar Corporate Private Limited,https://cutshort.io/job/Senior-Full-Stack-Developer-Chennai-Gofar-Corporate-Private-Limited-orEtA5sD,skipped,score -100 below threshold
2026-07-29,Cutshort,React Native Developer,Jio Tesseract,https://cutshort.io/job/React-Native-Developer-Navi-Mumbai-Jio-Tesseract-uDTIXZox,failed,no application confirmation on Cutshort
2026-07-29,Cutshort,Consultant-Enterprise Application Developer,VTT Mobility Private Limited,https://cutshort.io/job/Consultant-Enterprise-Application-Developer-Bengaluru-Bangalore-VTT-Mobility-Private-Limited-0Ew5FX8I,skipped,score 10 below threshold
2026-07-29,Cutshort,FULL STACK DEVELOPER,,https://cutshort.io/job/FULL-STACK-DEVELOPER-Bengaluru-Bangalore-Peak-Hire-Solutions-Lf5o0MXW,skipped,score -100 below threshold
2026-07-29,Cutshort,Full Stack Developer,NeoGenCode Technologies Pvt Ltd,https://cutshort.io/job/Full-Stack-Developer-NeoGenCode-Technologies-Pvt-Ltd-eOk7yFQj,skipped,score 10 below threshold
2026-07-29,Cutshort,Software Developer,CNV Labs India Pvt Ltd iCloudEMS,https://cutshort.io/job/Software-Developer-CNV-Labs-India-Pvt-Ltd-iCloudEMS-PCC5XQUa,skipped,score 10 below threshold
2026-07-29,Instahyre,KnackLabs - Software Development Engineer,KnackLabs,https://www.instahyre.com/#job/knacklabs/knacklabs-software-development-engineer,skipped,score 30 below threshold
2026-07-29,Naukri,React Native Developer,Santa Browser,https://www.naukri.com/job-listings-react-native-developer-santa-browser-hyderabad-3-to-5-years-240726507223,skipped,skipped — external ATS (apply on company site)
2026-07-29,Naukri,React Native Developer,Techefficio,https://www.naukri.com/job-listings-react-native-developer-techefficio-hyderabad-3-to-5-years-200726503418,skipped,skipped — external ATS (apply on company site)
2026-07-29,Naukri,React Native Developer,Bigziel,https://www.naukri.com/job-listings-react-native-developer-bigziel-chennai-1-to-3-years-311025501360,skipped,skipped — external ATS (apply on company site)
2026-07-29,Naukri,React Native Developer,Technoadviser Technologies,https://www.naukri.com/job-listings-react-native-developer-technoadviser-technologies-pvt-ltd-hyderabad-1-to-5-years-290526503919,failed,Apply button not found — page buttons  [Jobs2 | Recommended jobs | NVites13 New | Application status143 Updates | Saved jobs | Companies | Explore categories | Unicorn | MNC | Startup]
2026-07-29,Naukri,React Native Developer,Pillersoft Technology,https://www.naukri.com/job-listings-react-native-developer-piller-soft-technology-pune-3-to-7-years-210725500684,skipped,skipped — external ATS (apply on company site)
2026-07-29,Naukri,React Native Developer,Digixpro,https://www.naukri.com/job-listings-react-native-developer-digixpro-bengaluru-1-to-5-years-071125501730,skipped,skipped — external ATS (apply on company site)
2026-07-29,Naukri,React Native Developer,Cloud Counselage,https://www.naukri.com/job-listings-react-native-developer-cloud-counselage-pvt-ltd-chennai-3-to-7-years-301225507873,skipped,skipped — external ATS (apply on company site)
2026-07-29,Naukri,React Native Developer - PHP/MySQL,Loyal String International,https://www.naukri.com/job-listings-react-native-developer-php-mysql-loyal-string-international-pune-2-to-3-years-190620501339,skipped,skipped — external ATS (apply on company site)
2026-07-29,Naukri,React Native Developer,Up Market Research,https://www.naukri.com/job-listings-react-native-developer-up-market-research-pune-3-to-7-years-170424500355,skipped,skipped — external ATS (apply on company site)
2026-07-29,Naukri,React Native developer,Analogue It Solutions,https://www.naukri.com/job-listings-react-native-developer-analogue-it-solutions-mobile-application-development-company-hyderabad-1-to-4-years-150125503399,skipped,skipped — external ATS (apply on company site)
2026-07-29,Naukri,React Native Developer,Quanteon Solutions,https://www.naukri.com/job-listings-react-native-developer-quanteon-llc-hyderabad-3-to-8-years-130226502852,skipped,skipped — external ATS (apply on company site)
2026-07-29,Naukri,React Native Developers | Hyderabad India,Sowedane,https://www.naukri.com/job-listings-react-native-developers-hyderabad-india-sowedane-hyderabad-3-to-8-years-280526503016,failed,Apply button not found — page buttons  [Jobs | Recommended jobs | NVites | Application status | Saved jobs | Companies | Explore categories | Unicorn | MNC | Startup]
2026-07-29,Naukri,React Native Developer,Chromosis Technologies,https://www.naukri.com/job-listings-react-native-developer-chromosis-technologies-pvt-ltd-bengaluru-1-to-5-years-260326500675,skipped,skipped — external ATS (apply on company site)
2026-07-29,Naukri,React Native Developer,Apex 2000 INC,https://www.naukri.com/job-listings-react-native-developer-apex-2000-inc-bengaluru-3-to-7-years-210526501004,skipped,skipped — external ATS (apply on company site)
2026-07-29,Naukri,React Native Developer Product,Recrosoft,https://www.naukri.com/job-listings-react-native-developer-product-recrosoft-technologies-pvt-ltd-bengaluru-1-to-4-years-140526503556,failed,Apply button not found — page buttons  [Jobs2 | Recommended jobs | NVites13 New | Application status143 Updates | Saved jobs | Companies | Explore categories | Unicorn | MNC | Startup]
2026-07-29,Naukri,React Native Developer,Sthapatya Software,https://www.naukri.com/job-listings-react-native-developer-sthapatya-software-pvt-ltd-pune-3-to-5-years-311225501089,skipped,skipped — external ATS (apply on company site)
2026-07-29,Naukri,React Native Developer,Webpetal Software,https://www.naukri.com/job-listings-react-native-developer-webpetal-software-pvt-ltd-gurugram-0-to-2-years-311025500174,skipped,skipped — external ATS (apply on company site)
2026-07-29,Naukri,React Native Developer,Medpick,https://www.naukri.com/job-listings-react-native-developer-medpick-bengaluru-1-to-5-years-311025500126,skipped,skipped — external ATS (apply on company site)
2026-07-29,Naukri,React-Native Developer,Appzoy Technologies,https://www.naukri.com/job-listings-react-native-developer-appzoy-bengaluru-1-to-3-years-280126506267,skipped,skipped — external ATS (apply on company site)
2026-07-29,Naukri,Mobile Developer,Akra Tech,https://www.naukri.com/job-listings-mobile-developer-akra-tech-chennai-3-to-8-years-200726503725,skipped,skipped — external ATS (apply on company site)
2026-07-29,Naukri,Mobile Developer,Siri Innovations,https://www.naukri.com/job-listings-mobile-developer-siri-innovations-pvt-ltd-hyderabad-2-to-5-years-210726501582,skipped,score 50 below threshold
2026-07-29,Naukri,"Staff Engineer ,Mobile Developer",Nagarro,https://www.naukri.com/job-listings-staff-engineer-mobile-developer-nagarro-software-pvt-ltd-hyderabad-1-to-3-years-291025502366,skipped,score -100 below threshold
2026-07-29,Naukri,Mobile Developer,Couchbase,https://www.naukri.com/job-listings-mobile-developer-couchbase-inc-bengaluru-1-to-3-years-270625501943,skipped,skipped — external ATS (apply on company site)
2026-07-29,Naukri,Mobile Developer,Cyces Innovation Labs Llp,https://www.naukri.com/job-listings-mobile-developer-cyces-innovation-labs-llp-chennai-2-to-7-years-290526504570,skipped,skipped — external ATS (apply on company site)
2026-07-29,Naukri,Mobile Developer,rigbot.com,https://www.naukri.com/job-listings-mobile-developer-rigbot-com-hyderabad-0-to-8-years-310817503081,skipped,score 50 below threshold
2026-07-29,Naukri,Mobile Developer - Microsoft Certified,Acuity Software Technologies,https://www.naukri.com/job-listings-mobile-developer-microsoft-certified-acuity-software-technologies-hyderabad-3-to-8-years-240517500889,skipped,score -100 below threshold
2026-07-29,Naukri,AI Agent Reliability Engineer - Mobile Developers,Emergent India,https://www.naukri.com/job-listings-ai-agent-reliability-engineer-mobile-developers-emergent-bengaluru-1-to-5-years-300626500430,skipped,score 50 below threshold
2026-07-29,Naukri,Mobile Developer,BNI,https://www.naukri.com/job-listings-mobile-developer-bni-bengaluru-2-to-3-years-150626503249,skipped,score 50 below threshold
2026-07-29,Naukri,Mobile Developer,Shopdeck,https://www.naukri.com/job-listings-mobile-developer-shopdeck-previously-nushop-bengaluru-2-to-4-years-020626502541,skipped,score 50 below threshold
2026-07-29,Naukri,Mobile Developer,Technerds Solutions,https://www.naukri.com/job-listings-mobile-developer-technerds-solutions-pvt-ltd-chennai-2-to-5-years-301025504772,skipped,score 50 below threshold
2026-07-29,Naukri,Maximo Mobile Developer,Capgemini,https://www.naukri.com/job-listings-maximo-mobile-developer-capgemini-technology-services-india-limited-bengaluru-3-to-7-years-290626928453,skipped,score 50 below threshold
2026-07-29,Naukri,Mobile Developer,Logic Planet,https://www.naukri.com/job-listings-mobile-developer-logicplanet-it-services-hubli-mangaluru-mysuru-bengaluru-belgaum-0-to-5-years-240226505078,skipped,score 50 below threshold
2026-07-29,Naukri,Mobile developer,Technologyport Software India,https://www.naukri.com/job-listings-mobile-developer-technologyport-software-india-pvt-ltd-bengaluru-2-to-4-years-231219501376,skipped,score 50 below threshold
2026-07-29,Naukri,Mobile Developer- Visa,Foray Software,https://www.naukri.com/job-listings-mobile-developer-visa-foray-software-pvt-ltd-bengaluru-3-to-7-years-230824501588,skipped,score 50 below threshold
2026-07-29,Naukri,Mobile Developer,Wingz Technologies,https://www.naukri.com/job-listings-mobile-developer-wingz-technologies-chennai-1-to-4-years-220425500929,skipped,score 50 below threshold
2026-07-29,Naukri,Mobile Developer,Photon,https://www.naukri.com/job-listings-mobile-developer-photon-infotech-p-ltd-chennai-3-to-7-years-191124505967,skipped,score 50 below threshold
2026-07-29,Naukri,Mobile Developer,SATRA Group,https://www.naukri.com/job-listings-mobile-developer-satra-infrastructure-management-services-hyderabad-2-to-3-years-190625503012,skipped,score 50 below threshold
2026-07-29,Naukri,Mobile Developer,Giggs Software Labs,https://www.naukri.com/job-listings-mobile-developer-giggs-software-labs-bengaluru-7-to-12-years-250726015377,skipped,experience 7-12 Yrs out of range
2026-07-29,Naukri,Mobile Developer,Computer Paradise & Torus Solutions,https://www.naukri.com/job-listings-mobile-developer-computer-paradise-torus-solutions-mysuru-1-to-3-years-170726501336,skipped,skipped — external ATS (apply on company site)
2026-07-29,Naukri,Frontend Engineer (React & React Native),Y2Z Travel,https://www.naukri.com/job-listings-frontend-engineer-react-react-native-y2z-travel-bengaluru-1-to-5-years-191224503297,skipped,skipped — external ATS (apply on company site)
2026-07-29,Naukri,Frontend Engineer (React / React Native),Prepairo,https://www.naukri.com/job-listings-frontend-engineer-react-react-native-prepairo-bengaluru-2-to-5-years-010626503686,failed,Apply button not found — page buttons  [Jobs2 | Recommended jobs | NVites13 New | Application status143 Updates | Saved jobs | Companies | Explore categories | Unicorn | MNC | Startup]
2026-07-29,Naukri,"Associate Principal Engineer, Frontend React",Nagarro,https://www.naukri.com/job-listings-associate-principal-engineer-frontend-react-nagarro-software-pvt-ltd-bengaluru-0-to-3-years-291025503104,skipped,score -100 below threshold
2026-07-29,Naukri,React Frontend Engineer,Omniful,https://www.naukri.com/job-listings-react-frontend-engineer-omniful-gurugram-3-to-8-years-200525503513,skipped,skipped — external ATS (apply on company site)
2026-07-29,Naukri,Frontend - Engineer,Varaha Systems,https://www.naukri.com/job-listings-frontend-engineer-varaha-systems-inc-bengaluru-3-to-8-years-140726501769,skipped,skipped — external ATS (apply on company site)
2026-07-29,Naukri,"Engineer, Frontend React",Nagarro,https://www.naukri.com/job-listings-engineer-frontend-react-nagarro-software-pvt-ltd-bengaluru-2-to-7-years-291025501402,skipped,skipped — external ATS (apply on company site)
2026-07-29,Naukri,Frontend Engineer (React),Startappss Systems,https://www.naukri.com/job-listings-frontend-engineer-react-startappss-systems-pvt-ltd-indore-3-to-8-years-230726503784,skipped,skipped — external ATS (apply on company site)
2026-07-29,Naukri,Frontend Engineer ( React / Next . js ),Workforce Next,https://www.naukri.com/job-listings-frontend-engineer-react-next-js-workforce-next-noida-2-to-6-years-140526500224,skipped,skipped — external ATS (apply on company site)
2026-07-29,Naukri,Frontend Engineer (React),Technix India Solutions,https://www.naukri.com/job-listings-frontend-engineer-react-technix-technology-patna-0-to-2-years-101125501751,skipped,skipped — external ATS (apply on company site)
2026-07-29,Naukri,Frontend Engineer (React.js / Next.js),Aqilea,https://www.naukri.com/job-listings-frontend-engineer-react-js-next-js-aqilea-formerly-soltia-bengaluru-5-to-9-years-150726500749,skipped,experience 5-9 Yrs out of range
2026-07-29,Naukri,Frontend Engineer,Apex 2000,https://www.naukri.com/job-listings-frontend-engineer-apex-2000-inc-pune-3-to-7-years-290626503315,skipped,score 10 below threshold
2026-07-29,Naukri,Front end Engineer,Diverse Lynx,https://www.naukri.com/job-listings-front-end-engineer-diverse-lynx-bengaluru-1-to-5-years-230626501437,skipped,skipped — external ATS (apply on company site)
2026-07-29,Naukri,Frontend Engineer - React js,Cloud Nautical Solutions India,https://www.naukri.com/job-listings-frontend-engineer-react-js-cloud-nautical-solutions-india-private-limited-thiruvananthapuram-5-to-10-years-240726503467,skipped,experience 5-10 Yrs out of range
2026-07-29,Naukri,React Frontend Engineer,Leading Client,https://www.naukri.com/job-listings-react-frontend-engineer-contactx-resource-management-pvt-ltd-bengaluru-7-to-10-years-170726918079,skipped,experience 7-10 Yrs out of range
2026-07-29,Naukri,Frontend Engineer,Vowels Of The People Association,https://www.naukri.com/job-listings-frontend-engineer-vopa-pune-3-to-5-years-200726504194,skipped,score 30 below threshold
2026-07-29,Naukri,Frontend Engineer,Diverse Lynx,https://www.naukri.com/job-listings-frontend-engineer-diverse-lynx-bengaluru-2-to-6-years-080825500478,skipped,score 30 below threshold
2026-07-29,Naukri,Front End UI Engineer,Ascendion Engineering,https://www.naukri.com/job-listings-front-end-ui-engineer-ascendion-engineering-bengaluru-7-to-12-years-140726018965,skipped,experience 7-12 Yrs out of range
2026-07-29,Naukri,Frontend Engineer React JS,Einfochips,https://www.naukri.com/job-listings-frontend-engineer-react-js-e-infochips-limited-indore-4-to-12-years-160226505299,skipped,experience 4-12 Yrs out of range
2026-07-29,Naukri,Frontend Engineer React JS,Einfochips,https://www.naukri.com/job-listings-frontend-engineer-react-js-e-infochips-limited-ahmedabad-4-to-12-years-160226505298,skipped,experience 4-12 Yrs out of range
2026-07-29,Naukri,Frontend Engineer React JS,Einfochips,https://www.naukri.com/job-listings-frontend-engineer-react-js-e-infochips-limited-vijaynagar-4-to-12-years-160226505297,skipped,experience 4-12 Yrs out of range
2026-07-29,Naukri,Full Stack Developer (React + Node),Kleistech,https://www.naukri.com/job-listings-full-stack-developer-react-node-kleistech-pune-2-to-7-years-170726504546,skipped,skipped — external ATS (apply on company site)
2026-07-29,Naukri,Full Stack Developer (React & Node JD),Vertiscript Global It Services,https://www.naukri.com/job-listings-full-stack-developer-react-node-jd-vertiscript-global-it-solution-hyderabad-3-to-6-years-031225502948,skipped,skipped — external ATS (apply on company site)
2026-07-29,Naukri,Fullstack Developer,Paisabazaar,https://www.naukri.com/job-listings-fullstack-developer-paisabazaar-gurugram-3-to-6-years-270726019776,failed,No apply confirmation detected
2026-07-29,Naukri,React + Node - Full Stack Developer,Paltech Consulting,https://www.naukri.com/job-listings-react-node-full-stack-developer-paltech-consulting-hyderabad-3-to-6-years-070726027633,failed,No apply confirmation detected
2026-07-29,Naukri,Full Stack Developer React + Node,Quanteon Solutions,https://www.naukri.com/job-listings-full-stack-developer-react-node-quanteon-llc-hyderabad-3-to-8-years-130226502853,skipped,skipped — external ATS (apply on company site)
2026-07-29,Naukri,React & Node Full stack Developer,PAL It Tech,https://www.naukri.com/job-listings-react-node-full-stack-developer-pal-it-tech-pvt-ltd-hyderabad-3-to-5-years-090726502862,skipped,skipped — external ATS (apply on company site)
2026-07-29,Naukri,Walk-in || Fullstack Developer(Immediate joiners only),Infiniti Research,https://www.naukri.com/job-listings-fullstack-developer-immediate-joiners-only-infiniti-research-bengaluru-2-to-4-years-270726011014,failed,Apply button not found — page buttons  [Jobs2 | Recommended jobs | NVites13 New | Application status144 Updates | Saved jobs | Companies | Explore categories | Unicorn | MNC | Startup]
2026-07-29,Naukri,Fullstack Developer,MNC,https://www.naukri.com/job-listings-fullstack-developer-tele-infotech-pimpri-chinchwad-pune-0-to-2-years-280726035724,skipped,score 30 below threshold
2026-07-29,Naukri,Fullstack Developer(Immediate Joiners only Apply,Empover,https://www.naukri.com/job-listings-fullstack-developer-immediate-joiners-only-apply-empover-hyderabad-3-to-5-years-210726018410,failed,No apply confirmation detected
2026-07-29,Naukri,Fullstack Developer,Careait Health Services,https://www.naukri.com/job-listings-fullstack-developer-careait-health-services-bengaluru-0-to-3-years-010726028673,failed,No apply confirmation detected
2026-07-29,Naukri,Full Stack Developer,Leading Client,https://www.naukri.com/job-listings-full-stack-developer-rimpac-hr-services-llp-pune-bengaluru-2-to-6-years-230726933909,skipped,score -100 below threshold
2026-07-29,Naukri,Fullstack Developer,99yellow,https://www.naukri.com/job-listings-fullstack-developer-99yellow-gurugram-3-to-5-years-220726030478,skipped,score -100 below threshold
2026-07-29,Naukri,Full Stack Developer (React with Node),Programming.Com,https://www.naukri.com/job-listings-full-stack-developer-react-with-node-programming-com-bengaluru-2-to-6-years-121224501301,skipped,skipped — external ATS (apply on company site)
2026-07-29,Naukri,Fullstack Developer,Talent Support India,https://www.naukri.com/job-listings-fullstack-developer-talent-support-india-bengaluru-2-to-5-years-290726005626,failed,No apply confirmation detected
2026-07-29,Naukri,Fullstack Developer (NodeJS + React),Ixigo,https://www.naukri.com/job-listings-fullstack-developer-nodejs-react-ixigo-gurugram-3-to-8-years-200726505767,skipped,skipped — external ATS (apply on company site)
2026-07-29,Naukri,Gen AI - Full Stack Developer,Intelizign Lifecycle Services,https://www.naukri.com/job-listings-gen-ai-full-stack-developer-intelizign-lifecycle-services-chennai-3-to-6-years-150726015903,failed,No apply confirmation detected
2026-07-29,Naukri,Fullstack Developer,Deloitte Shared Services India,https://www.naukri.com/job-listings-fullstack-developer-deloitte-shared-services-india-bengaluru-2-to-6-years-120626008685,failed,Apply button not found — page buttons  [Jobs2 | Recommended jobs | NVites13 New | Application status144 Updates | Saved jobs | Companies | Explore categories | Unicorn | MNC | Startup]
2026-07-29,Naukri,Fullstack Developer,Josh Software,https://www.naukri.com/job-listings-fullstack-developer-josh-software-pvt-ltd-pune-3-to-5-years-150726931620,skipped,score 30 below threshold
2026-07-29,Naukri,Full Stack Developer,Zonolith Technologies,https://www.naukri.com/job-listings-full-stack-developer-zonolith-technologies-bengaluru-2-to-7-years-170726503047,skipped,skipped — external ATS (apply on company site)
2026-07-29,LinkedIn,Web Developer,ShrinQ Consulting Group Inc,https://www.linkedin.com/jobs/view/4444015670/,skipped,score 10 below threshold
2026-07-29,LinkedIn,Fullstack Developer | $55/hr Remote,Crossing Hurdles,https://www.linkedin.com/jobs/view/4445732257/,skipped,score 10 below threshold
2026-07-29,LinkedIn,Junior Frontend Engineer,Avinyaa Ed Tech Private Limited,https://www.linkedin.com/jobs/view/4442823156/,skipped,score 10 below threshold
2026-07-29,LinkedIn,SDE I (Frontend),Navi,https://www.linkedin.com/jobs/view/4437546096/,skipped,score 10 below threshold
2026-07-29,LinkedIn,Part Time Web Developer,WebsiteService4All,https://www.linkedin.com/jobs/view/4439424100/,skipped,score 10 below threshold
2026-07-29,LinkedIn,Front-End Developer – SCG India,SCG,https://www.linkedin.com/jobs/view/4298394472/,skipped,score 10 below threshold
2026-07-29,LinkedIn,Web Developer,ShrinQ Consulting Group Inc,https://www.linkedin.com/jobs/view/4444015670/,skipped,score 10 below threshold
2026-07-29,LinkedIn,Fullstack Developer | $55/hr Remote,Crossing Hurdles,https://www.linkedin.com/jobs/view/4445732257/,skipped,score 10 below threshold
2026-07-29,LinkedIn,Mobile Application Developer,Boson Systems,https://www.linkedin.com/jobs/view/4411147217/,skipped,score 10 below threshold
2026-07-29,LinkedIn,Software Engineer,Digichorus Technologies Pvt Ltd,https://www.linkedin.com/jobs/view/4442591945/,skipped,score 10 below threshold
2026-07-29,LinkedIn,SDE I (Frontend),Navi,https://www.linkedin.com/jobs/view/4437546096/,skipped,score 10 below threshold
2026-07-29,LinkedIn,Junior Frontend Engineer,Avinyaa Ed Tech Private Limited,https://www.linkedin.com/jobs/view/4442823156/,skipped,score 10 below threshold
2026-07-29,LinkedIn,Front-End Developer – SCG India,SCG,https://www.linkedin.com/jobs/view/4298394472/,skipped,score 10 below threshold
2026-07-29,LinkedIn,Web Developer,ShrinQ Consulting Group Inc,https://www.linkedin.com/jobs/view/4444015670/,skipped,score 10 below threshold
2026-07-29,LinkedIn,Fullstack Developer | $55/hr Remote,Crossing Hurdles,https://www.linkedin.com/jobs/view/4445732257/,skipped,score 10 below threshold
2026-07-29,LinkedIn,Junior Frontend Engineer,Avinyaa Ed Tech Private Limited,https://www.linkedin.com/jobs/view/4442823156/,skipped,score 10 below threshold
2026-07-29,LinkedIn,SDE I (Frontend),Navi,https://www.linkedin.com/jobs/view/4437546096/,skipped,score 10 below threshold
2026-07-29,LinkedIn,Full Stack Developer,Kayana | Ordering & Payment Solutions,https://www.linkedin.com/jobs/view/4442581250/,skipped,score 10 below threshold
2026-07-29,LinkedIn,Part Time Web Developer,WebsiteService4All,https://www.linkedin.com/jobs/view/4439424100/,skipped,score 10 below threshold
2026-07-29,LinkedIn,Front-End Developer – SCG India,SCG,https://www.linkedin.com/jobs/view/4298394472/,skipped,score 10 below threshold
2026-07-29,LinkedIn,Web Developer,ShrinQ Consulting Group Inc,https://www.linkedin.com/jobs/view/4444015670/,skipped,score 10 below threshold
2026-07-29,LinkedIn,Fullstack Developer | $55/hr Remote,Crossing Hurdles,https://www.linkedin.com/jobs/view/4445732257/,skipped,score 10 below threshold
2026-07-29,LinkedIn,Full Stack Developer,Kayana | Ordering & Payment Solutions,https://www.linkedin.com/jobs/view/4442581250/,skipped,score 10 below threshold
2026-07-29,LinkedIn,Part Time Web Developer,WebsiteService4All,https://www.linkedin.com/jobs/view/4439424100/,skipped,score 10 below threshold
2026-07-29,LinkedIn,Full Stack Developer,Legal Experts AI,https://www.linkedin.com/jobs/view/4433915695/,skipped,score 10 below threshold
2026-07-29,LinkedIn,Junior Frontend Engineer,Avinyaa Ed Tech Private Limited,https://www.linkedin.com/jobs/view/4442823156/,skipped,score 10 below threshold
2026-07-29,LinkedIn,Mern Full Stack Developer,Planys Technologies,https://www.linkedin.com/jobs/view/4437977898/,skipped,score 10 below threshold
2026-07-29,LinkedIn,Web Developer,ShrinQ Consulting Group Inc,https://www.linkedin.com/jobs/view/4444015670/,skipped,score 10 below threshold
2026-07-29,LinkedIn,Fullstack Developer | $55/hr Remote,Crossing Hurdles,https://www.linkedin.com/jobs/view/4445732257/,skipped,score 10 below threshold
2026-07-29,LinkedIn,Full Stack Developer,Kayana | Ordering & Payment Solutions,https://www.linkedin.com/jobs/view/4442581250/,skipped,score 10 below threshold
2026-07-29,LinkedIn,Part Time Web Developer,WebsiteService4All,https://www.linkedin.com/jobs/view/4439424100/,skipped,score 10 below threshold
2026-07-29,LinkedIn,SDE I (Frontend),Navi,https://www.linkedin.com/jobs/view/4437546096/,skipped,score 10 below threshold
2026-07-29,LinkedIn,Junior Frontend Engineer,Avinyaa Ed Tech Private Limited,https://www.linkedin.com/jobs/view/4442823156/,skipped,score 10 below threshold
2026-07-29,LinkedIn,UI Developer,Data Eminence,https://www.linkedin.com/jobs/view/4444691169/,skipped,score 10 below threshold
2026-07-29,YourStory,Associate Sales & Partnerships Manager,YourStory Media,https://yourstory.com/jobs/details/22dbd6b0-55aa-11f1-b30b-eb2d7a493eb2,skipped,score 10 below threshold
2026-07-29,YourStory,Senior Reporter,YourStory Media,https://yourstory.com/jobs/details/7f800bf0-55ac-11f1-9892-0791a4cff158,skipped,score -100 below threshold
2026-07-29,Instahyre,KnackLabs - Software Development Engineer,KnackLabs,https://www.instahyre.com/#job/knacklabs/knacklabs-software-development-engineer,skipped,score 30 below threshold
2026-07-29,Naukri,React Native Developer,Techefficio,https://www.naukri.com/job-listings-react-native-developer-techefficio-hyderabad-3-to-5-years-200726503418,manual-apply,URL: https://www.techefficio.com/contact?tab=career | Resume: /Users/neosoft/Downloads/Resumes/shivajirn02.pdf
2026-07-29,Naukri,React Native Developer,Bigziel,https://www.naukri.com/job-listings-react-native-developer-bigziel-chennai-1-to-3-years-311025501360,manual-apply,URL: https://www.bigziel.com/careers.php | Resume: /Users/neosoft/Downloads/Resumes/shivajirn02.pdf
2026-07-29,Naukri,React Native Developer,Technoadviser Technologies,https://www.naukri.com/job-listings-react-native-developer-technoadviser-technologies-pvt-ltd-hyderabad-1-to-5-years-290526503919,failed,Apply button not found — page buttons  [Jobs2 | Recommended jobs | NVites13 New | Application status143 Updates | Saved jobs | Companies | Explore categories | Unicorn | MNC | Startup]
2026-07-29,Naukri,React Native Developer,Pillersoft Technology,https://www.naukri.com/job-listings-react-native-developer-piller-soft-technology-pune-3-to-7-years-210725500684,manual-apply,URL: https://www.pillersofttechnologies.com/career | Resume: /Users/neosoft/Downloads/Resumes/shivajirn02.pdf
2026-07-29,Naukri,React Native Developer,Digixpro,https://www.naukri.com/job-listings-react-native-developer-digixpro-bengaluru-1-to-5-years-071125501730,manual-apply,URL: https://mydigixpro.com/careers | Resume: /Users/neosoft/Downloads/Resumes/shivajirn02.pdf
2026-07-29,Naukri,React Native Developer,Cloud Counselage,https://www.naukri.com/job-listings-react-native-developer-cloud-counselage-pvt-ltd-chennai-3-to-7-years-301225507873,manual-apply,URL: https://www.careers-page.com/cloud-counselage-pvt-ltd/job/L6Y469RW | Resume: /Users/neosoft/Downloads/Resumes/shivajirn02.pdf
2026-07-29,Naukri,React Native Developer - PHP/MySQL,Loyal String International,https://www.naukri.com/job-listings-react-native-developer-php-mysql-loyal-string-international-pune-2-to-3-years-190620501339,manual-apply,URL: https://loyalstring.com/career/ | Resume: /Users/neosoft/Downloads/Resumes/shivajirn02.pdf
2026-07-29,Naukri,React Native Developer,Up Market Research,https://www.naukri.com/job-listings-react-native-developer-up-market-research-pune-3-to-7-years-170424500355,manual-apply,URL: https://upmarketresearch.com/careers | Resume: /Users/neosoft/Downloads/Resumes/shivajirn02.pdf
2026-07-29,Naukri,React Native developer,Analogue It Solutions,https://www.naukri.com/job-listings-react-native-developer-analogue-it-solutions-mobile-application-development-company-hyderabad-1-to-4-years-150125503399,manual-apply,URL: https://www.analogueitsolutions.com/careers/676e588c143b9c10935e7e1a/ | Resume: /Users/neosoft/Downloads/Resumes/shivajirn02.pdf
2026-07-29,Naukri,React Native Developer,Quanteon Solutions,https://www.naukri.com/job-listings-react-native-developer-quanteon-llc-hyderabad-3-to-8-years-130226502852,manual-apply,URL: https://www.quanteon.co/careers#open-positions | Resume: /Users/neosoft/Downloads/Resumes/shivajirn02.pdf
2026-07-29,Naukri,React Native Developers | Hyderabad India,Sowedane,https://www.naukri.com/job-listings-react-native-developers-hyderabad-india-sowedane-hyderabad-3-to-8-years-280526503016,failed,Apply button not found — page buttons  [Jobs2 | Recommended jobs | NVites13 New | Application status143 Updates | Saved jobs | Companies | Explore categories | Unicorn | MNC | Startup]
2026-07-29,Naukri,React Native Developer,Chromosis Technologies,https://www.naukri.com/job-listings-react-native-developer-chromosis-technologies-pvt-ltd-bengaluru-1-to-5-years-260326500675,manual-apply,URL: https://chromosis.com/about/careers/ | Resume: /Users/neosoft/Downloads/Resumes/shivajirn02.pdf
2026-07-29,Naukri,React Native Developer,Apex 2000 INC,https://www.naukri.com/job-listings-react-native-developer-apex-2000-inc-bengaluru-3-to-7-years-210526501004,manual-apply,URL: https://www.apex-2000.com/careers/job-details-global.php?id=8093 | Resume: /Users/neosoft/Downloads/Resumes/shivajirn02.pdf
2026-07-29,Naukri,React Native Developer Product,Recrosoft,https://www.naukri.com/job-listings-react-native-developer-product-recrosoft-technologies-pvt-ltd-bengaluru-1-to-4-years-140526503556,failed,Apply button not found — page buttons  [Jobs2 | Recommended jobs | NVites13 New | Application status143 Updates | Saved jobs | Companies | Explore categories | Unicorn | MNC | Startup]
2026-07-29,Naukri,React Native Developer,Sthapatya Software,https://www.naukri.com/job-listings-react-native-developer-sthapatya-software-pvt-ltd-pune-3-to-5-years-311225501089,manual-apply,URL: https://sthapatyaconsultants.com/career/ | Resume: /Users/neosoft/Downloads/Resumes/shivajirn02.pdf
2026-07-29,Naukri,React Native Developer,Webpetal Software,https://www.naukri.com/job-listings-react-native-developer-webpetal-software-pvt-ltd-gurugram-0-to-2-years-311025500174,manual-apply,URL: https://www.webpetalsoftware.com/career | Resume: /Users/neosoft/Downloads/Resumes/shivajirn02.pdf
2026-07-29,Naukri,React Native Developer,Medpick,https://www.naukri.com/job-listings-react-native-developer-medpick-bengaluru-1-to-5-years-311025500126,manual-apply,URL: https://www.medpick.in/career/ | Resume: /Users/neosoft/Downloads/Resumes/shivajirn02.pdf
2026-07-29,Naukri,React-Native Developer,Appzoy Technologies,https://www.naukri.com/job-listings-react-native-developer-appzoy-bengaluru-1-to-3-years-280126506267,manual-apply,URL: https://www.appzoy.com/blank-2 | Resume: /Users/neosoft/Downloads/Resumes/shivajirn02.pdf
2026-07-29,Naukri,React Native Developer,Aexonic Technologies,https://www.naukri.com/job-listings-react-native-developer-aexonic-technologies-pune-2-to-4-years-270324501475,manual-apply,URL: https://www.aexonic.com/current-openings | Resume: /Users/neosoft/Downloads/Resumes/shivajirn02.pdf
2026-07-29,Naukri,Mobile Developer,Akra Tech,https://www.naukri.com/job-listings-mobile-developer-akra-tech-chennai-3-to-8-years-200726503725,manual-apply,URL: https://akratech.com/careers/mobile-developer-2/ | Resume: /Users/neosoft/Downloads/Resumes/shivajirn02.pdf
2026-07-29,Naukri,Mobile Developer,Siri Innovations,https://www.naukri.com/job-listings-mobile-developer-siri-innovations-pvt-ltd-hyderabad-2-to-5-years-210726501582,skipped,score 50 below threshold
2026-07-29,Naukri,"Staff Engineer ,Mobile Developer",Nagarro,https://www.naukri.com/job-listings-staff-engineer-mobile-developer-nagarro-software-pvt-ltd-hyderabad-1-to-3-years-291025502366,skipped,score -100 below threshold
2026-07-29,Naukri,Mobile Developer,Couchbase,https://www.naukri.com/job-listings-mobile-developer-couchbase-inc-bengaluru-1-to-3-years-270625501943,manual-apply,URL: https://job-boards.greenhouse.io/couchbaseinc/jobs/4438311006 | Resume: /Users/neosoft/Downloads/Resumes/shivajirn02.pdf
2026-07-29,Naukri,Mobile Developer,Cyces Innovation Labs Llp,https://www.naukri.com/job-listings-mobile-developer-cyces-innovation-labs-llp-chennai-2-to-7-years-290526504570,manual-apply,URL: https://cyces.zohorecruit.com/jobs/Careers/793623000000529001 | Resume: /Users/neosoft/Downloads/Resumes/shivajirn02.pdf
2026-07-29,Naukri,Mobile Developer,rigbot.com,https://www.naukri.com/job-listings-mobile-developer-rigbot-com-hyderabad-0-to-8-years-310817503081,skipped,score 50 below threshold
2026-07-29,Naukri,Mobile Developer - Microsoft Certified,Acuity Software Technologies,https://www.naukri.com/job-listings-mobile-developer-microsoft-certified-acuity-software-technologies-hyderabad-3-to-8-years-240517500889,skipped,score -100 below threshold
2026-07-29,Naukri,AI Agent Reliability Engineer - Mobile Developers,Emergent India,https://www.naukri.com/job-listings-ai-agent-reliability-engineer-mobile-developers-emergent-bengaluru-1-to-5-years-300626500430,skipped,score 50 below threshold
2026-07-29,Naukri,Mobile Developer,BNI,https://www.naukri.com/job-listings-mobile-developer-bni-bengaluru-2-to-3-years-150626503249,skipped,score 50 below threshold
2026-07-29,Naukri,Mobile Developer,Shopdeck,https://www.naukri.com/job-listings-mobile-developer-shopdeck-previously-nushop-bengaluru-2-to-4-years-020626502541,skipped,score 50 below threshold
2026-07-29,Naukri,Mobile Developer,Technerds Solutions,https://www.naukri.com/job-listings-mobile-developer-technerds-solutions-pvt-ltd-chennai-2-to-5-years-301025504772,skipped,score 50 below threshold
2026-07-29,Naukri,Maximo Mobile Developer,Capgemini,https://www.naukri.com/job-listings-maximo-mobile-developer-capgemini-technology-services-india-limited-bengaluru-3-to-7-years-290626928453,skipped,score 50 below threshold
2026-07-29,Naukri,Mobile Developer,Logic Planet,https://www.naukri.com/job-listings-mobile-developer-logicplanet-it-services-hubli-mangaluru-mysuru-bengaluru-belgaum-0-to-5-years-240226505078,skipped,score 50 below threshold
2026-07-29,Naukri,Mobile developer,Technologyport Software India,https://www.naukri.com/job-listings-mobile-developer-technologyport-software-india-pvt-ltd-bengaluru-2-to-4-years-231219501376,skipped,score 50 below threshold
2026-07-29,Naukri,Mobile Developer- Visa,Foray Software,https://www.naukri.com/job-listings-mobile-developer-visa-foray-software-pvt-ltd-bengaluru-3-to-7-years-230824501588,skipped,score 50 below threshold
2026-07-29,Naukri,Mobile Developer,Wingz Technologies,https://www.naukri.com/job-listings-mobile-developer-wingz-technologies-chennai-1-to-4-years-220425500929,skipped,score 50 below threshold
2026-07-29,Naukri,Mobile Developer,Photon,https://www.naukri.com/job-listings-mobile-developer-photon-infotech-p-ltd-chennai-3-to-7-years-191124505967,skipped,score 50 below threshold
2026-07-29,Naukri,Mobile Developer,SATRA Group,https://www.naukri.com/job-listings-mobile-developer-satra-infrastructure-management-services-hyderabad-2-to-3-years-190625503012,skipped,score 50 below threshold
2026-07-29,Naukri,Mobile Developer,Giggs Software Labs,https://www.naukri.com/job-listings-mobile-developer-giggs-software-labs-bengaluru-7-to-12-years-250726015377,skipped,experience 7-12 Yrs out of range
2026-07-29,Naukri,Mobile Developer,Computer Paradise & Torus Solutions,https://www.naukri.com/job-listings-mobile-developer-computer-paradise-torus-solutions-mysuru-1-to-3-years-170726501336,manual-apply,URL: https://cptorus.in/Job.php | Resume: /Users/neosoft/Downloads/Resumes/shivajirn02.pdf
2026-07-29,Naukri,Frontend Engineer (React & React Native),Y2Z Travel,https://www.naukri.com/job-listings-frontend-engineer-react-react-native-y2z-travel-bengaluru-1-to-5-years-191224503297,manual-apply,URL: https://jobs.reczee.com/y2ztravel/01ckt/apply | Resume: /Users/neosoft/Downloads/Resumes/shivajirn02.pdf
2026-07-29,Naukri,Frontend Engineer (React / React Native),Prepairo,https://www.naukri.com/job-listings-frontend-engineer-react-react-native-prepairo-bengaluru-2-to-5-years-010626503686,failed,Apply button not found — page buttons  [Jobs2 | Recommended jobs | NVites13 New | Application status143 Updates | Saved jobs | Companies | Explore categories | Unicorn | MNC | Startup]
2026-07-29,Naukri,"Associate Principal Engineer, Frontend React",Nagarro,https://www.naukri.com/job-listings-associate-principal-engineer-frontend-react-nagarro-software-pvt-ltd-bengaluru-0-to-3-years-291025503104,skipped,score -100 below threshold
2026-07-29,Naukri,React Frontend Engineer,Omniful,https://www.naukri.com/job-listings-react-frontend-engineer-omniful-gurugram-3-to-8-years-200525503513,manual-apply,URL: https://www.omniful.ai/careers/frontend-engineer | Resume: /Users/neosoft/Downloads/Resumes/ShivajiPresidio.pdf
2026-07-29,Naukri,Frontend - Engineer,Varaha Systems,https://www.naukri.com/job-listings-frontend-engineer-varaha-systems-inc-bengaluru-3-to-8-years-140726501769,manual-apply,URL: https://jobs.pitchnhire.com/varaha.com/frontend-engineer/019e3f66-72c1-73b5-b780-06c1c39cddd1 | Resume: /Users/neosoft/Downloads/Resumes/ShivajiPresidio.pdf
2026-07-29,Naukri,"Engineer, Frontend React",Nagarro,https://www.naukri.com/job-listings-engineer-frontend-react-nagarro-software-pvt-ltd-bengaluru-2-to-7-years-291025501402,manual-apply,URL: https://jobs.smartrecruiters.com/Nagarro1/743999906499204 | Resume: /Users/neosoft/Downloads/Resumes/ShivajiPresidio.pdf
2026-07-29,Naukri,Frontend Engineer (React),Startappss Systems,https://www.naukri.com/job-listings-frontend-engineer-react-startappss-systems-pvt-ltd-indore-3-to-8-years-230726503784,manual-apply,URL: https://www.startappss.com/careers/frontend-001 | Resume: /Users/neosoft/Downloads/Resumes/ShivajiPresidio.pdf
2026-07-29,Naukri,Frontend Engineer ( React / Next . js ),Workforce Next,https://www.naukri.com/job-listings-frontend-engineer-react-next-js-workforce-next-noida-2-to-6-years-140526500224,manual-apply,URL: https://wfnext.com/careers/ | Resume: /Users/neosoft/Downloads/Resumes/ShivajiPresidio.pdf
2026-07-29,Naukri,Frontend Engineer (React),Technix India Solutions,https://www.naukri.com/job-listings-frontend-engineer-react-technix-technology-patna-0-to-2-years-101125501751,manual-apply,URL: https://www.naukri.com/job-listings-frontend-engineer-react-technix-technology-patna-0-to-2-years-101125501751 | Resume: /Users/neosoft/Downloads/Resumes/ShivajiPresidio.pdf
2026-07-29,Naukri,Frontend Engineer (React.js / Next.js),Aqilea,https://www.naukri.com/job-listings-frontend-engineer-react-js-next-js-aqilea-formerly-soltia-bengaluru-5-to-9-years-150726500749,skipped,experience 5-9 Yrs out of range
2026-07-29,Naukri,Frontend Engineer,Apex 2000,https://www.naukri.com/job-listings-frontend-engineer-apex-2000-inc-pune-3-to-7-years-290626503315,skipped,score 10 below threshold
2026-07-29,Naukri,Front end Engineer,Diverse Lynx,https://www.naukri.com/job-listings-front-end-engineer-diverse-lynx-bengaluru-1-to-5-years-230626501437,manual-apply,URL: https://www2.jobdiva.com/portal/?a=e5jdnwg7ia5nmpidkgm0x86zidegds023flk1ol79g88672m82f3rk6vbddcyss8&jobid=25474290&source=null#%2Fjobs%2F25474290 | Resume: /Users/neosoft/Downloads/Resumes/ShivajiPresidio.pdf
2026-07-29,Naukri,Frontend Engineer - React js,Cloud Nautical Solutions India,https://www.naukri.com/job-listings-frontend-engineer-react-js-cloud-nautical-solutions-india-private-limited-thiruvananthapuram-5-to-10-years-240726503467,skipped,experience 5-10 Yrs out of range
2026-07-29,Naukri,React Frontend Engineer,Leading Client,https://www.naukri.com/job-listings-react-frontend-engineer-contactx-resource-management-pvt-ltd-bengaluru-7-to-10-years-170726918079,skipped,experience 7-10 Yrs out of range
2026-07-29,Naukri,Frontend Engineer,Vowels Of The People Association,https://www.naukri.com/job-listings-frontend-engineer-vopa-pune-3-to-5-years-200726504194,skipped,score 30 below threshold
2026-07-29,Naukri,Frontend Engineer,Diverse Lynx,https://www.naukri.com/job-listings-frontend-engineer-diverse-lynx-bengaluru-2-to-6-years-080825500478,skipped,score 30 below threshold
2026-07-29,Naukri,Front End UI Engineer,Ascendion Engineering,https://www.naukri.com/job-listings-front-end-ui-engineer-ascendion-engineering-bengaluru-7-to-12-years-140726018965,skipped,experience 7-12 Yrs out of range
2026-07-29,Naukri,Frontend Engineer React JS,Einfochips,https://www.naukri.com/job-listings-frontend-engineer-react-js-e-infochips-limited-indore-4-to-12-years-160226505299,skipped,experience 4-12 Yrs out of range
2026-07-29,Naukri,Frontend Engineer React JS,Einfochips,https://www.naukri.com/job-listings-frontend-engineer-react-js-e-infochips-limited-ahmedabad-4-to-12-years-160226505298,skipped,experience 4-12 Yrs out of range
2026-07-29,Naukri,Frontend Engineer React JS,Einfochips,https://www.naukri.com/job-listings-frontend-engineer-react-js-e-infochips-limited-vijaynagar-4-to-12-years-160226505297,skipped,experience 4-12 Yrs out of range
2026-07-29,Naukri,Full Stack Developer (React + Node),Kleistech,https://www.naukri.com/job-listings-full-stack-developer-react-node-kleistech-pune-2-to-7-years-170726504546,manual-apply,URL: https://kleistech.com/jobs/full-stack-developer-react-node/ | Resume: /Users/neosoft/Downloads/Resumes/ShivajiPresidio.pdf
2026-07-29,Naukri,Fullstack Developer,Indexnine,https://www.naukri.com/job-listings-fullstack-developer-indexnine-pune-1-to-6-years-290726011169,applied,auto-applied (score 55; resume=/Users/neosoft/Downloads/Resumes/ShivajiPresidio.pdf)
2026-07-29,Naukri,Full Stack Developer (React & Node JD),Vertiscript Global It Services,https://www.naukri.com/job-listings-full-stack-developer-react-node-jd-vertiscript-global-it-solution-hyderabad-3-to-6-years-031225502948,manual-apply,URL: https://vertiscript.com/career-inner.php?id=19 | Resume: /Users/neosoft/Downloads/Resumes/ShivajiPresidio.pdf
2026-07-29,Naukri,Fullstack Developer,Paisabazaar,https://www.naukri.com/job-listings-fullstack-developer-paisabazaar-gurugram-3-to-6-years-270726019776,applied,auto-applied (score 55; resume=/Users/neosoft/Downloads/Resumes/ShivajiPresidio.pdf)
2026-07-29,Naukri,React + Node - Full Stack Developer,Paltech Consulting,https://www.naukri.com/job-listings-react-node-full-stack-developer-paltech-consulting-hyderabad-3-to-6-years-070726027633,applied,auto-applied (score 55; resume=/Users/neosoft/Downloads/Resumes/ShivajiPresidio.pdf)
2026-07-29,Naukri,Full Stack Developer React + Node,Quanteon Solutions,https://www.naukri.com/job-listings-full-stack-developer-react-node-quanteon-llc-hyderabad-3-to-8-years-130226502853,manual-apply,URL: https://www.quanteon.co/careers#open-positions | Resume: /Users/neosoft/Downloads/Resumes/ShivajiPresidio.pdf
2026-07-29,Naukri,React & Node Full stack Developer,PAL It Tech,https://www.naukri.com/job-listings-react-node-full-stack-developer-pal-it-tech-pvt-ltd-hyderabad-3-to-5-years-090726502862,manual-apply,URL: https://www.pal.tech/page-not-found/ | Resume: /Users/neosoft/Downloads/Resumes/ShivajiPresidio.pdf
2026-07-29,Naukri,Walk-in || Fullstack Developer(Immediate joiners only),Infiniti Research,https://www.naukri.com/job-listings-fullstack-developer-immediate-joiners-only-infiniti-research-bengaluru-2-to-4-years-270726011014,failed,Apply button not found — page buttons  [Jobs2 | Recommended jobs | NVites13 New | Application status143 Updates | Saved jobs | Companies | Explore categories | Unicorn | MNC | Startup]
2026-07-29,Naukri,Fullstack Developer,MNC,https://www.naukri.com/job-listings-fullstack-developer-tele-infotech-pimpri-chinchwad-pune-0-to-2-years-280726035724,skipped,score 30 below threshold
2026-07-29,Naukri,Fullstack Developer,Careait Health Services,https://www.naukri.com/job-listings-fullstack-developer-careait-health-services-bengaluru-0-to-3-years-010726028673,applied,auto-applied (score 55; resume=/Users/neosoft/Downloads/Resumes/ShivajiPresidio.pdf)
2026-07-29,Naukri,Full Stack Developer,Leading Client,https://www.naukri.com/job-listings-full-stack-developer-rimpac-hr-services-llp-pune-bengaluru-2-to-6-years-230726933909,skipped,score -100 below threshold
2026-07-29,Naukri,Fullstack Developer,99yellow,https://www.naukri.com/job-listings-fullstack-developer-99yellow-gurugram-3-to-5-years-220726030478,skipped,score -100 below threshold
2026-07-29,Naukri,Full Stack Developer (React with Node),Programming.Com,https://www.naukri.com/job-listings-full-stack-developer-react-with-node-programming-com-bengaluru-2-to-6-years-121224501301,manual-apply,URL: https://programming.com/JobDetail?IdPassed=35 | Resume: /Users/neosoft/Downloads/Resumes/ShivajiPresidio.pdf
2026-07-29,Naukri,Fullstack Developer,Talent Support India,https://www.naukri.com/job-listings-fullstack-developer-talent-support-india-bengaluru-2-to-5-years-290726005626,applied,auto-applied (score 55; resume=/Users/neosoft/Downloads/Resumes/ShivajiPresidio.pdf)
2026-07-29,Naukri,Fullstack Developer(Immediate Joiners only Apply,Empover,https://www.naukri.com/job-listings-fullstack-developer-immediate-joiners-only-apply-empover-hyderabad-3-to-5-years-210726018410,applied,auto-applied (score 55; resume=/Users/neosoft/Downloads/Resumes/ShivajiPresidio.pdf)
2026-07-29,Naukri,Fullstack Developer (NodeJS + React),Ixigo,https://www.naukri.com/job-listings-fullstack-developer-nodejs-react-ixigo-gurugram-3-to-8-years-200726505767,manual-apply,URL: https://jobs.smartrecruiters.com/ixigo/744000138271934 | Resume: /Users/neosoft/Downloads/Resumes/ShivajiPresidio.pdf
2026-07-29,Naukri,Gen AI - Full Stack Developer,Intelizign Lifecycle Services,https://www.naukri.com/job-listings-gen-ai-full-stack-developer-intelizign-lifecycle-services-chennai-3-to-6-years-150726015903,applied,auto-applied (score 55; resume=/Users/neosoft/Downloads/Resumes/ShivajiPresidio.pdf)
2026-07-29,Naukri,Fullstack Developer,Deloitte Shared Services India,https://www.naukri.com/job-listings-fullstack-developer-deloitte-shared-services-india-bengaluru-2-to-6-years-120626008685,failed,Apply button not found — page buttons  [Jobs2 | Recommended jobs | NVites13 New | Application status143 Updates | Saved jobs | Companies | Explore categories | Unicorn | MNC | Startup]
2026-07-29,Naukri,Fullstack Developer,Josh Software,https://www.naukri.com/job-listings-fullstack-developer-josh-software-pvt-ltd-pune-3-to-5-years-150726931620,skipped,score 30 below threshold
2026-07-29,LinkedIn,Web Developer,ShrinQ Consulting Group Inc,https://www.linkedin.com/jobs/view/4444015670/,skipped,score 10 below threshold
2026-07-29,LinkedIn,Software Engineer | Remote,Crossing Hurdles,https://www.linkedin.com/jobs/view/4441198151/,skipped,score 10 below threshold
2026-07-29,LinkedIn,iOS 開發人員,思迅软件,https://www.linkedin.com/jobs/view/4424663310/,skipped,score 10 below threshold
2026-07-29,LinkedIn,Junior Frontend Engineer,Avinyaa Ed Tech Private Limited,https://www.linkedin.com/jobs/view/4442823156/,skipped,score 10 below threshold
2026-07-29,LinkedIn,SDE I (Frontend),Navi,https://www.linkedin.com/jobs/view/4437546096/,skipped,score 10 below threshold
2026-07-29,LinkedIn,Front-End Developer – SCG India,SCG,https://www.linkedin.com/jobs/view/4298394472/,skipped,score 10 below threshold
2026-07-29,LinkedIn,Web Developer,ShrinQ Consulting Group Inc,https://www.linkedin.com/jobs/view/4444015670/,skipped,score 10 below threshold
2026-07-29,LinkedIn,Software Engineer | Remote,Crossing Hurdles,https://www.linkedin.com/jobs/view/4441198151/,skipped,score 10 below threshold
2026-07-29,LinkedIn,iOS 開發人員,思迅软件,https://www.linkedin.com/jobs/view/4424663310/,skipped,score 10 below threshold
2026-07-29,LinkedIn,Software Engineer,Digichorus Technologies Pvt Ltd,https://www.linkedin.com/jobs/view/4442591945/,skipped,score 10 below threshold
2026-07-29,LinkedIn,Junior Frontend Engineer,Avinyaa Ed Tech Private Limited,https://www.linkedin.com/jobs/view/4442823156/,skipped,score 10 below threshold
2026-07-29,LinkedIn,SDE I (Frontend),Navi,https://www.linkedin.com/jobs/view/4437546096/,skipped,score 10 below threshold
2026-07-29,LinkedIn,Web Developer,Tata Consultancy Services,https://www.linkedin.com/jobs/view/4441213404/,skipped,score 10 below threshold
2026-07-29,LinkedIn,Web Developer,ShrinQ Consulting Group Inc,https://www.linkedin.com/jobs/view/4444015670/,skipped,score 10 below threshold
2026-07-29,LinkedIn,Fullstack Developer | $55/hr Remote,Crossing Hurdles,https://www.linkedin.com/jobs/view/4445732257/,skipped,score 10 below threshold
2026-07-29,LinkedIn,Junior Frontend Engineer,Avinyaa Ed Tech Private Limited,https://www.linkedin.com/jobs/view/4442823156/,skipped,score 10 below threshold
2026-07-29,LinkedIn,SDE I (Frontend),Navi,https://www.linkedin.com/jobs/view/4437546096/,skipped,score 10 below threshold
2026-07-29,LinkedIn,Software Engineer,Digichorus Technologies Pvt Ltd,https://www.linkedin.com/jobs/view/4442591945/,skipped,score 10 below threshold
2026-07-29,LinkedIn,Front-End Developer – SCG India,SCG,https://www.linkedin.com/jobs/view/4298394472/,skipped,score 10 below threshold
2026-07-29,LinkedIn,Web Developer,ShrinQ Consulting Group Inc,https://www.linkedin.com/jobs/view/4444015670/,skipped,score 10 below threshold
2026-07-29,LinkedIn,Software Engineer - I,Codefeast,https://www.linkedin.com/jobs/view/4446040458/,skipped,score 10 below threshold
2026-07-29,LinkedIn,Fullstack Developer | $55/hr Remote,Crossing Hurdles,https://www.linkedin.com/jobs/view/4445732257/,skipped,score 10 below threshold
2026-07-29,LinkedIn,Junior Frontend Engineer,Avinyaa Ed Tech Private Limited,https://www.linkedin.com/jobs/view/4442823156/,skipped,score 10 below threshold
2026-07-29,LinkedIn,Full Stack Developer,Kayana | Ordering & Payment Solutions,https://www.linkedin.com/jobs/view/4442581250/,skipped,score 10 below threshold
2026-07-29,LinkedIn,Full Stack Developer,Legal Experts AI,https://www.linkedin.com/jobs/view/4433915695/,skipped,score 10 below threshold
2026-07-29,LinkedIn,Mern Full Stack Developer,Planys Technologies,https://www.linkedin.com/jobs/view/4437977898/,skipped,score 10 below threshold
2026-07-29,LinkedIn,Web Developer,ShrinQ Consulting Group Inc,https://www.linkedin.com/jobs/view/4444015670/,skipped,score 10 below threshold
2026-07-29,LinkedIn,Software Engineer - I,Codefeast,https://www.linkedin.com/jobs/view/4446040458/,skipped,score 10 below threshold
2026-07-29,LinkedIn,Fullstack Developer | $55/hr Remote,Crossing Hurdles,https://www.linkedin.com/jobs/view/4445732257/,skipped,score 10 below threshold
2026-07-29,LinkedIn,Junior Frontend Engineer,Avinyaa Ed Tech Private Limited,https://www.linkedin.com/jobs/view/4442823156/,skipped,score 10 below threshold
2026-07-29,LinkedIn,SDE I (Frontend),Navi,https://www.linkedin.com/jobs/view/4437546096/,skipped,score 10 below threshold
2026-07-29,LinkedIn,Mern Full Stack Developer,Planys Technologies,https://www.linkedin.com/jobs/view/4437977898/,skipped,score 10 below threshold
2026-07-29,LinkedIn,Full Stack Developer,Legal Experts AI,https://www.linkedin.com/jobs/view/4433915695/,skipped,score 10 below threshold
2026-07-29,Wellfound,React Native Developer,Navtech,https://wellfound.com/jobs/2442984,skipped,no Easy Apply / Apply Now — external or missing apply
2026-07-29,Wellfound,Senior Full Stack Developer,Navtech,https://wellfound.com/jobs/4261235,skipped,score -100 below threshold
2026-07-29,Wellfound,React Native Architect,Centricity Wealthtech,https://wellfound.com/jobs/4523136,skipped,score -100 below threshold
2026-07-29,Wellfound,React Native Developer,Kraftbase,https://wellfound.com/jobs/3235840,skipped,no Easy Apply / Apply Now — external or missing apply
2026-07-29,Wellfound,React Native Developer,HyprForge,https://wellfound.com/jobs/3930379,skipped,no Easy Apply / Apply Now — external or missing apply
2026-07-29,Wellfound,React Native Developer,RecordBook,https://wellfound.com/jobs/3020981,skipped,no Easy Apply / Apply Now — external or missing apply
2026-07-29,Wellfound,React Native Engineer,Arivihan Technologies,https://wellfound.com/jobs/3699119,skipped,no Easy Apply / Apply Now — external or missing apply
2026-07-29,Wellfound,React Native Developer,Navtech,https://wellfound.com/jobs/4289709,skipped,no Easy Apply / Apply Now — external or missing apply
2026-07-29,Wellfound,React Native Developer,Navtech,https://wellfound.com/jobs/2590793,skipped,no Easy Apply / Apply Now — external or missing apply
2026-07-29,Wellfound,QA Engineer - Mobile(React Native),Innovatily,https://wellfound.com/jobs/4442262,skipped,no Easy Apply / Apply Now — external or missing apply
2026-07-29,Wellfound,React Native Intern,Wigle,https://wellfound.com/jobs/4465168,skipped,no Easy Apply / Apply Now — external or missing apply
2026-07-29,Wellfound,Senior Software Engineer - React Native,Codal,https://wellfound.com/jobs/4463632,skipped,score -100 below threshold
2026-07-29,Wellfound,React Native Internship,Navtech,https://wellfound.com/jobs/4356109,skipped,no Easy Apply / Apply Now — external or missing apply
2026-07-29,Wellfound,React Native Intern,Avijo,https://wellfound.com/jobs/3202990,skipped,no Easy Apply / Apply Now — external or missing apply
2026-07-29,Wellfound,Software Engineering Intern (React Native),Navtech,https://wellfound.com/jobs/4354434,skipped,no Easy Apply / Apply Now — external or missing apply
2026-07-29,Wellfound,Mobile App Developer (React Native),Navtech,https://wellfound.com/jobs/4225521,skipped,no Easy Apply / Apply Now — external or missing apply
2026-07-29,Wellfound,Founding Mobile Engineer (React Native),Navtech,https://wellfound.com/jobs/3713911,skipped,no Easy Apply / Apply Now — external or missing apply
2026-07-29,Wellfound,"Software Engineer (Mobile, React Native/Flutter)",Vested Finance,https://wellfound.com/jobs/4417481,skipped,no Easy Apply / Apply Now — external or missing apply
2026-07-29,Wellfound,Engineering Manager,Vested Finance,https://wellfound.com/jobs/4417466,skipped,score 30 below threshold
2026-07-29,Wellfound,Engineering Lead,Xipper,https://wellfound.com/jobs/4461771,skipped,score -100 below threshold
2026-07-29,Wellfound,React/React Native Intern,Xipper,https://wellfound.com/jobs/4299533,skipped,score -100 below threshold
2026-07-29,Wellfound,Mobile App Developer,Xipper,https://wellfound.com/jobs/4049833,skipped,score -100 below threshold
2026-07-29,Wellfound,React Native Mobile Application Developer (Android & iOS),Sakesh Solutions,https://wellfound.com/jobs/4497069,skipped,score -100 below threshold
2026-07-29,Wellfound,Founding Software Engineer (React Native + Laravel + AI),Unimaa Software,https://wellfound.com/jobs/4407203,skipped,no Easy Apply / Apply Now — external or missing apply
2026-07-29,Wellfound,React Native Developer,Navtech,https://wellfound.com/jobs/2442984,skipped,no Easy Apply / Apply Now — external or missing apply
2026-07-29,Wellfound,Senior Full Stack Developer,Navtech,https://wellfound.com/jobs/4261235,skipped,score -100 below threshold
2026-07-29,Wellfound,React Native Architect,Centricity Wealthtech,https://wellfound.com/jobs/4523136,skipped,score -100 below threshold
2026-07-29,Wellfound,React Native Developer,Kraftbase,https://wellfound.com/jobs/3235840,skipped,no Easy Apply / Apply Now — external or missing apply
2026-07-29,Wellfound,React Native Developer,HyprForge,https://wellfound.com/jobs/3930379,skipped,no Easy Apply / Apply Now — external or missing apply
2026-07-29,Wellfound,React Native Developer,RecordBook,https://wellfound.com/jobs/3020981,skipped,no Easy Apply / Apply Now — external or missing apply
2026-07-29,Wellfound,React Native Engineer,Arivihan Technologies,https://wellfound.com/jobs/3699119,skipped,no Easy Apply / Apply Now — external or missing apply
2026-07-29,Wellfound,React Native Developer,Navtech,https://wellfound.com/jobs/4289709,skipped,no Easy Apply / Apply Now — external or missing apply
2026-07-29,Wellfound,React Native Developer,Navtech,https://wellfound.com/jobs/2590793,skipped,no Easy Apply / Apply Now — external or missing apply
2026-07-29,Wellfound,QA Engineer - Mobile(React Native),Innovatily,https://wellfound.com/jobs/4442262,skipped,no Easy Apply / Apply Now — external or missing apply
2026-07-29,Wellfound,React Native Intern,Wigle,https://wellfound.com/jobs/4465168,skipped,no Easy Apply / Apply Now — external or missing apply
2026-07-29,Wellfound,React Native Internship,Navtech,https://wellfound.com/jobs/4356109,skipped,no Easy Apply / Apply Now — external or missing apply
2026-07-29,Wellfound,React Native Intern,Avijo,https://wellfound.com/jobs/3202990,skipped,no Easy Apply / Apply Now — external or missing apply
2026-07-29,Wellfound,Senior Software Engineer - React Native,Codal,https://wellfound.com/jobs/4463632,skipped,score -100 below threshold
2026-07-29,Wellfound,Software Engineering Intern (React Native),Navtech,https://wellfound.com/jobs/4354434,skipped,no Easy Apply / Apply Now — external or missing apply
2026-07-29,Wellfound,Mobile App Developer (React Native),Navtech,https://wellfound.com/jobs/4225521,skipped,no Easy Apply / Apply Now — external or missing apply
2026-07-29,Wellfound,"Software Engineer (Mobile, React Native/Flutter)",Vested Finance,https://wellfound.com/jobs/4417481,skipped,no Easy Apply / Apply Now — external or missing apply
2026-07-29,Wellfound,Engineering Manager,Vested Finance,https://wellfound.com/jobs/4417466,skipped,score 30 below threshold
2026-07-29,Wellfound,Founding Mobile Engineer (React Native),Navtech,https://wellfound.com/jobs/3713911,skipped,no Easy Apply / Apply Now — external or missing apply
2026-07-29,Wellfound,Engineering Lead,Xipper,https://wellfound.com/jobs/4461771,skipped,score -100 below threshold
2026-07-29,Wellfound,React/React Native Intern,Xipper,https://wellfound.com/jobs/4299533,skipped,score -100 below threshold
2026-07-29,Wellfound,Mobile App Developer,Xipper,https://wellfound.com/jobs/4049833,skipped,score -100 below threshold
2026-07-29,Wellfound,React Native Mobile Application Developer (Android & iOS),Sakesh Solutions,https://wellfound.com/jobs/4497069,skipped,score -100 below threshold
2026-07-29,Wellfound,Founding Software Engineer (React Native + Laravel + AI),Unimaa Software,https://wellfound.com/jobs/4407203,skipped,no Easy Apply / Apply Now — external or missing apply
2026-07-29,Wellfound,Frontend Engineer,Ailaysa,https://wellfound.com/jobs/4505517,skipped,score 0 below threshold
2026-07-29,Wellfound,Frontend Engineer,Azodha,https://wellfound.com/jobs/4496870,skipped,score -100 below threshold
2026-07-29,Wellfound,Production Support Engineer,Azodha,https://wellfound.com/jobs/4072471,skipped,score -100 below threshold
2026-07-29,Wellfound,Frontend Engineer,Azodha,https://wellfound.com/jobs/3703562,skipped,score -100 below threshold
2026-07-29,Wellfound,Frontend Engineer,Arivihan Technologies,https://wellfound.com/jobs/4491672,skipped,no Easy Apply / Apply Now — external or missing apply
2026-07-29,Wellfound,React Native Engineer,Arivihan Technologies,https://wellfound.com/jobs/3699119,skipped,no Easy Apply / Apply Now — external or missing apply
2026-07-29,Wellfound,Junior React Frontend Engineer,Arivihan Technologies,https://wellfound.com/jobs/3683471,skipped,no Easy Apply / Apply Now — external or missing apply
2026-07-29,Wellfound,Frontend Engineer,Frequency.cx,https://wellfound.com/jobs/3989438,skipped,score -100 below threshold
2026-07-29,Wellfound,Frontend Engineer (React),ProjectX,https://wellfound.com/jobs/4521100,skipped,no Easy Apply / Apply Now — external or missing apply
2026-07-29,Wellfound,Frontend engineer,Ailaysa,https://wellfound.com/jobs/3129305,skipped,score 45 below threshold
2026-07-29,Wellfound,Frontend Engineer,Ailaysa,https://wellfound.com/jobs/4084514,skipped,score 45 below threshold
2026-07-29,Wellfound,Lead Frontend Engineer,VertoFX,https://wellfound.com/jobs/4522219,skipped,score -100 below threshold
2026-07-29,Wellfound,Lead Frontend Engineer,Simplismart,https://wellfound.com/jobs/3829132,skipped,score -100 below threshold
2026-07-29,Wellfound,Founding Frontend Engineer,PROZPEKT,https://wellfound.com/jobs/4522614,skipped,score 0 below threshold
2026-07-29,Wellfound,Forward-Deployed Software Engineer (FDSE),The Product Highway,https://wellfound.com/jobs/4261267,skipped,score -100 below threshold
2026-07-29,Wellfound,Frontend Engineer,The Product Highway,https://wellfound.com/jobs/4144492,skipped,score -100 below threshold
2026-07-29,Wellfound,Backend Engineer,The Product Highway,https://wellfound.com/jobs/4144491,skipped,score -100 below threshold
2026-07-29,Wellfound,Senior Frontend Engineer (React),Noviga Automations,https://wellfound.com/jobs/4493227,skipped,score -100 below threshold
2026-07-29,Wellfound,Frontend Engineer: ReactJs,Marmeto,https://wellfound.com/jobs/3209683,skipped,score -100 below threshold
2026-07-29,Wellfound,Frontend Engineer Intern,HelioAI,https://wellfound.com/jobs/3691652,skipped,score 0 below threshold
2026-07-29,Wellfound,Senior Frontend Engineer,HelioAI,https://wellfound.com/jobs/4185197,skipped,score -100 below threshold
2026-07-29,Wellfound,Frontend Engineer/NextJs Developer,Ailaysa,https://wellfound.com/jobs/2992515,skipped,score 45 below threshold
2026-07-29,Wellfound,Fullstack Engineer (Django + NextJs),Ailaysa,https://wellfound.com/jobs/2992516,skipped,score 45 below threshold
2026-07-29,Wellfound,Full stack Engineer (AI & Data Pipelines),Ailaysa,https://wellfound.com/jobs/3904240,skipped,score 45 below threshold
2026-07-29,Wellfound,Frontend Engineer | React.js | Next.js | React Native | Multilingual UI,ARCLOGIQ Software,https://wellfound.com/jobs/4516236,skipped,no Easy Apply / Apply Now — external or missing apply
2026-07-29,Wellfound,Senior Frontend Engineer (React) (3+ Years),EPYC,https://wellfound.com/jobs/1339643,skipped,score -100 below threshold
2026-07-29,Wellfound,Backend Engineer - Senior (Javascript) (3+ Years),EPYC,https://wellfound.com/jobs/4105634,skipped,score -100 below threshold
2026-07-29,Wellfound,UI/UX Designer,ParamAIQ,https://wellfound.com/jobs/4470198,skipped,score -100 below threshold
2026-07-29,Wellfound,Senior Backend Engineer - Product API,ParamAIQ,https://wellfound.com/jobs/4468510,skipped,score -100 below threshold
2026-07-29,Wellfound,Sr. Software Development Engineer - Frontend (Multiple Roles),Ailaysa,https://wellfound.com/jobs/3235866,skipped,score -100 below threshold
2026-07-29,Wellfound,FrontEnd Developer,Ailaysa,https://wellfound.com/jobs/3647097,skipped,score 45 below threshold
2026-07-29,Wellfound,Frontend Engineer,Ailaysa,https://wellfound.com/jobs/4505517,skipped,score 0 below threshold
2026-07-29,Wellfound,Frontend Engineer,Azodha,https://wellfound.com/jobs/4496870,skipped,score -100 below threshold
2026-07-29,Wellfound,Production Support Engineer,Azodha,https://wellfound.com/jobs/4072471,skipped,score -100 below threshold
2026-07-29,Wellfound,Frontend Engineer,Azodha,https://wellfound.com/jobs/3703562,skipped,score -100 below threshold
2026-07-29,Wellfound,Frontend Engineer,Arivihan Technologies,https://wellfound.com/jobs/4491672,skipped,no Easy Apply / Apply Now — external or missing apply
2026-07-29,Wellfound,React Native Engineer,Arivihan Technologies,https://wellfound.com/jobs/3699119,skipped,no Easy Apply / Apply Now — external or missing apply
2026-07-29,Wellfound,Junior React Frontend Engineer,Arivihan Technologies,https://wellfound.com/jobs/3683471,skipped,no Easy Apply / Apply Now — external or missing apply
2026-07-29,Wellfound,Frontend Engineer,Frequency.cx,https://wellfound.com/jobs/3989438,skipped,score -100 below threshold
2026-07-29,Wellfound,Frontend Engineer (React),ProjectX,https://wellfound.com/jobs/4521100,skipped,no Easy Apply / Apply Now — external or missing apply
2026-07-29,Wellfound,Frontend engineer,Ailaysa,https://wellfound.com/jobs/3129305,skipped,score 45 below threshold
2026-07-29,Wellfound,Frontend Engineer,Ailaysa,https://wellfound.com/jobs/4084514,skipped,score 45 below threshold
2026-07-29,Wellfound,Lead Frontend Engineer,VertoFX,https://wellfound.com/jobs/4522219,skipped,score -100 below threshold
2026-07-29,Wellfound,Lead Frontend Engineer,Simplismart,https://wellfound.com/jobs/3829132,skipped,score -100 below threshold
2026-07-29,Wellfound,Founding Frontend Engineer,PROZPEKT,https://wellfound.com/jobs/4522614,skipped,score 0 below threshold
2026-07-29,Wellfound,Forward-Deployed Software Engineer (FDSE),The Product Highway,https://wellfound.com/jobs/4261267,skipped,score -100 below threshold
2026-07-29,Wellfound,Frontend Engineer,The Product Highway,https://wellfound.com/jobs/4144492,skipped,score -100 below threshold
2026-07-29,Wellfound,Backend Engineer,The Product Highway,https://wellfound.com/jobs/4144491,skipped,score -100 below threshold
2026-07-29,Wellfound,Senior Frontend Engineer (React),Noviga Automations,https://wellfound.com/jobs/4493227,skipped,score -100 below threshold
2026-07-29,Wellfound,Frontend Engineer: ReactJs,Marmeto,https://wellfound.com/jobs/3209683,skipped,score -100 below threshold
2026-07-29,Wellfound,Frontend Engineer Intern,HelioAI,https://wellfound.com/jobs/3691652,skipped,score 0 below threshold
2026-07-29,Wellfound,Senior Frontend Engineer,HelioAI,https://wellfound.com/jobs/4185197,skipped,score -100 below threshold
2026-07-29,Wellfound,Frontend Engineer/NextJs Developer,Ailaysa,https://wellfound.com/jobs/2992515,skipped,score 45 below threshold
2026-07-29,Wellfound,Fullstack Engineer (Django + NextJs),Ailaysa,https://wellfound.com/jobs/2992516,skipped,score 45 below threshold
2026-07-29,Wellfound,Full stack Engineer (AI & Data Pipelines),Ailaysa,https://wellfound.com/jobs/3904240,skipped,score 45 below threshold
2026-07-29,Wellfound,Frontend Engineer | React.js | Next.js | React Native | Multilingual UI,ARCLOGIQ Software,https://wellfound.com/jobs/4516236,skipped,no Easy Apply / Apply Now — external or missing apply
2026-07-29,Wellfound,Senior Frontend Engineer (React) (3+ Years),EPYC,https://wellfound.com/jobs/1339643,skipped,score -100 below threshold
2026-07-29,Wellfound,Backend Engineer - Senior (Javascript) (3+ Years),EPYC,https://wellfound.com/jobs/4105634,skipped,score -100 below threshold
2026-07-29,Wellfound,UI/UX Designer,ParamAIQ,https://wellfound.com/jobs/4470198,skipped,score -100 below threshold
2026-07-29,Wellfound,Senior Backend Engineer - Product API,ParamAIQ,https://wellfound.com/jobs/4468510,skipped,score -100 below threshold
2026-07-29,Wellfound,Sr. Software Development Engineer - Frontend (Multiple Roles),Ailaysa,https://wellfound.com/jobs/3235866,skipped,score -100 below threshold
2026-07-29,Wellfound,FrontEnd Developer,Ailaysa,https://wellfound.com/jobs/3647097,skipped,score 45 below threshold
2026-07-29,YourStory,Associate Sales & Partnerships Manager,YourStory Media,https://yourstory.com/jobs/details/22dbd6b0-55aa-11f1-b30b-eb2d7a493eb2,skipped,score 10 below threshold
2026-07-29,YourStory,Senior Reporter,YourStory Media,https://yourstory.com/jobs/details/7f800bf0-55ac-11f1-9892-0791a4cff158,skipped,score -100 below threshold
2026-07-29,Instahyre,KnackLabs - Software Development Engineer,KnackLabs,https://www.instahyre.com/#job/knacklabs/knacklabs-software-development-engineer,skipped,score 30 below threshold
2026-07-29,Instahyre,Tesco - SDE II (React Native),Tesco,https://www.instahyre.com/#job/tesco/tesco-sde-ii-react-native,applied,auto-applied (score 70)
2026-07-29,Naukri,React Native Developer,Technoadviser Technologies,https://www.naukri.com/job-listings-react-native-developer-technoadviser-technologies-pvt-ltd-hyderabad-1-to-5-years-290526503919,failed,Apply button not found — page buttons  [Jobs2 | Recommended jobs | NVites13 New | Application status177 Updates | Saved jobs | Companies | Explore categories | Unicorn | MNC | Startup]
2026-07-29,Naukri,React Native Developers | Hyderabad India,Sowedane,https://www.naukri.com/job-listings-react-native-developers-hyderabad-india-sowedane-hyderabad-3-to-8-years-280526503016,failed,Apply button not found — page buttons  [Jobs2 | Recommended jobs | NVites13 New | Application status177 Updates | Saved jobs | Companies | Explore categories | Unicorn | MNC | Startup]
2026-07-29,Naukri,React Native Developer Product,Recrosoft,https://www.naukri.com/job-listings-react-native-developer-product-recrosoft-technologies-pvt-ltd-bengaluru-1-to-4-years-140526503556,failed,Apply button not found — page buttons  [Jobs2 | Recommended jobs | NVites13 New | Application status177 Updates | Saved jobs | Companies | Explore categories | Unicorn | MNC | Startup]
2026-07-29,Naukri,React Native Developer,Ackrolix Innovations,https://www.naukri.com/job-listings-react-native-developer-ackrolix-innovations-pvt-ltd-gurugram-2-to-5-years-260626505673,manual-apply,URL: chrome-error://chromewebdata/ | Resume: /Users/neosoft/Downloads/Resumes/shivajirn02.pdf
2026-07-29,Naukri,React Native Developer,Mobile Programming,https://www.naukri.com/job-listings-react-native-developer-mobileprogramming-pune-3-to-6-years-250522501361,applied,auto-applied (score 70; resume=/Users/neosoft/Downloads/Resumes/shivajirn02.pdf)
2026-07-29,Naukri,React Native Developer,Autuskey,https://www.naukri.com/job-listings-react-native-developer-autuskey-technology-development-pvt-ltd-pune-1-to-6-years-230323501237,manual-apply,URL: https://autuskey.com/careers/react-native-developer-job | Resume: /Users/neosoft/Downloads/Resumes/shivajirn02.pdf
2026-07-29,Naukri,React Native Developer,Zippr,https://www.naukri.com/job-listings-react-native-developer-zippr-in-hyderabad-2-to-5-years-221220500672,manual-apply,URL: https://zippr.co/careers-zippr/ | Resume: /Users/neosoft/Downloads/Resumes/shivajirn02.pdf
2026-07-29,Naukri,React Native Developer,Future Nine Information Technologies,https://www.naukri.com/job-listings-react-native-developer-future-nine-information-technologies-hyderabad-1-to-6-years-220922502337,manual-apply,URL: https://www.future9it.com/react-native.html | Resume: /Users/neosoft/Downloads/Resumes/shivajirn02.pdf
2026-07-29,Naukri,React Native Developer,Radiansys Technologies,https://www.naukri.com/job-listings-react-native-developer-radiansys-gurugram-1-to-4-years-201222501117,manual-apply,URL: https://www.radiansys.com/career/react-native-developer | Resume: /Users/neosoft/Downloads/Resumes/shivajirn02.pdf
2026-07-29,Naukri,React Native Developers,Bitronics,https://www.naukri.com/job-listings-react-native-developers-bitronics-hyderabad-1-to-5-years-190325510969,manual-apply,URL: https://bitronics.io/react_native.html | Resume: /Users/neosoft/Downloads/Resumes/shivajirn02.pdf
2026-07-29,Naukri,REACT NATIVE DEVELOPER,Godigi Infotech,https://www.naukri.com/job-listings-react-native-developer-godigi-infotech-pune-1-to-6-years-181125500635,manual-apply,URL: https://www.godigiinfotech.com/job-detail/react-native-developer/231 | Resume: /Users/neosoft/Downloads/Resumes/shivajirn02.pdf
2026-07-29,Naukri,React Native Developer,Cfs-zipp,https://www.naukri.com/job-listings-react-native-developer-cfs-zipp-limited-chennai-3-to-8-years-181122501906,manual-apply,URL: https://www.cfszipp.com/react-native-developer/ | Resume: /Users/neosoft/Downloads/Resumes/shivajirn02.pdf
2026-07-29,Naukri,React Native Developer,TAO Digital,https://www.naukri.com/job-listings-react-native-developer-tao-digital-india-private-limited-hyderabad-2-to-5-years-171224501106,manual-apply,URL: https://www.taodigitalsolutions.com/careers?job_id=z5G7h3l6a1kMvyS65NP3c-pRxF1IKxvqS1NtaRTR7dI= | Resume: /Users/neosoft/Downloads/Resumes/shivajirn02.pdf
2026-07-29,Naukri,React Native Developer,Overture Rede,https://www.naukri.com/job-listings-react-native-developer-overture-rede-pvt-ltd-hyderabad-2-to-7-years-170924507781,manual-apply,URL: https://overturerede.zohorecruit.in/jobs/Careers/58988000017624145 | Resume: /Users/neosoft/Downloads/Resumes/shivajirn02.pdf
2026-07-29,Naukri,React Native Developer,Irisidea,https://www.naukri.com/job-listings-react-native-developer-irisidea-technologies-bengaluru-2-to-7-years-150925501813,manual-apply,URL: https://irisidea.com/react-native-developer/ | Resume: /Users/neosoft/Downloads/Resumes/shivajirn02.pdf
2026-07-29,Naukri,React Native Developer,Shunya Ekai Tech,https://www.naukri.com/job-listings-react-native-developer-shunya-ekai-tech-gurugram-1-to-4-years-150524501584,manual-apply,URL: https://shunyaekai.tech/apply.html | Resume: /Users/neosoft/Downloads/Resumes/shivajirn02.pdf
2026-07-29,Naukri,React native developer,Vibeosys Software,https://www.naukri.com/job-listings-react-native-developer-vibeosys-pune-0-to-4-years-140619500199,manual-apply,URL: http://careers.vibeosys.com/react-native-developer/ | Resume: /Users/neosoft/Downloads/Resumes/shivajirn02.pdf
2026-07-29,Naukri,React Native Developer,Cleverground Technologies,https://www.naukri.com/job-listings-react-native-developer-cleverground-pune-3-to-8-years-131222501135,manual-apply,URL: https://cleverground.com/react-native-apply-now/ | Resume: /Users/neosoft/Downloads/Resumes/shivajirn02.pdf
2026-07-29,Naukri,React Native Developer,Charter Global,https://www.naukri.com/job-listings-react-native-developer-charter-global-pune-2-to-3-years-120525500693,manual-apply,URL: https://www.charterglobal.com/career/ | Resume: /Users/neosoft/Downloads/Resumes/shivajirn02.pdf
2026-07-29,Naukri,Mobile Developer,Siri Innovations,https://www.naukri.com/job-listings-mobile-developer-siri-innovations-pvt-ltd-hyderabad-2-to-5-years-210726501582,skipped,score 50 below threshold
2026-07-29,Naukri,"Staff Engineer ,Mobile Developer",Nagarro,https://www.naukri.com/job-listings-staff-engineer-mobile-developer-nagarro-software-pvt-ltd-hyderabad-1-to-3-years-291025502366,skipped,score -100 below threshold
2026-07-29,Naukri,Mobile Developer,rigbot.com,https://www.naukri.com/job-listings-mobile-developer-rigbot-com-hyderabad-0-to-8-years-310817503081,skipped,score 50 below threshold
2026-07-29,Naukri,Mobile Developer - Microsoft Certified,Acuity Software Technologies,https://www.naukri.com/job-listings-mobile-developer-microsoft-certified-acuity-software-technologies-hyderabad-3-to-8-years-240517500889,skipped,score -100 below threshold
2026-07-29,Naukri,AI Agent Reliability Engineer - Mobile Developers,Emergent India,https://www.naukri.com/job-listings-ai-agent-reliability-engineer-mobile-developers-emergent-bengaluru-1-to-5-years-300626500430,skipped,score 50 below threshold
2026-07-29,Naukri,Mobile Developer,BNI,https://www.naukri.com/job-listings-mobile-developer-bni-bengaluru-2-to-3-years-150626503249,skipped,score 50 below threshold
2026-07-29,Naukri,Mobile Developer,Shopdeck,https://www.naukri.com/job-listings-mobile-developer-shopdeck-previously-nushop-bengaluru-2-to-4-years-020626502541,skipped,score 50 below threshold
2026-07-29,Naukri,Mobile Developer,Technerds Solutions,https://www.naukri.com/job-listings-mobile-developer-technerds-solutions-pvt-ltd-chennai-2-to-5-years-301025504772,skipped,score 50 below threshold
2026-07-29,Naukri,Maximo Mobile Developer,Capgemini,https://www.naukri.com/job-listings-maximo-mobile-developer-capgemini-technology-services-india-limited-bengaluru-3-to-7-years-290626928453,skipped,score 50 below threshold
2026-07-29,Naukri,Mobile Developer,Logic Planet,https://www.naukri.com/job-listings-mobile-developer-logicplanet-it-services-hubli-mangaluru-mysuru-bengaluru-belgaum-0-to-5-years-240226505078,skipped,score 50 below threshold
2026-07-29,Naukri,Mobile developer,Technologyport Software India,https://www.naukri.com/job-listings-mobile-developer-technologyport-software-india-pvt-ltd-bengaluru-2-to-4-years-231219501376,skipped,score 50 below threshold
2026-07-29,Naukri,Mobile Developer- Visa,Foray Software,https://www.naukri.com/job-listings-mobile-developer-visa-foray-software-pvt-ltd-bengaluru-3-to-7-years-230824501588,skipped,score 50 below threshold
2026-07-29,Naukri,Mobile Developer,Wingz Technologies,https://www.naukri.com/job-listings-mobile-developer-wingz-technologies-chennai-1-to-4-years-220425500929,skipped,score 50 below threshold
2026-07-29,Naukri,Mobile Developer,Photon,https://www.naukri.com/job-listings-mobile-developer-photon-infotech-p-ltd-chennai-3-to-7-years-191124505967,skipped,score 50 below threshold
2026-07-29,Naukri,Mobile Developer,SATRA Group,https://www.naukri.com/job-listings-mobile-developer-satra-infrastructure-management-services-hyderabad-2-to-3-years-190625503012,skipped,score 50 below threshold
2026-07-29,Naukri,Mobile Developer,Giggs Software Labs,https://www.naukri.com/job-listings-mobile-developer-giggs-software-labs-bengaluru-7-to-12-years-250726015377,skipped,experience 7-12 Yrs out of range
2026-07-29,Naukri,MOBILE DEVELOPER,Perpetuity Capital,https://www.naukri.com/job-listings-mobile-developer-perpetuity-capital-new-delhi-1-to-5-years-230726500283,skipped,score 50 below threshold
2026-07-29,Naukri,Intermediate Mobile Developer,Ahom Technologies,https://www.naukri.com/job-listings-intermediate-mobile-developer-ahom-technologies-private-limited-remote-3-to-6-years-220126504649,skipped,score 50 below threshold
2026-07-29,Naukri,Mobile Developer,Dion Global Solutions,https://www.naukri.com/job-listings-mobile-developer-dion-global-solutions-noida-3-to-4-years-200426504560,skipped,score -100 below threshold
2026-07-29,Naukri,Mobile Developer,Candor Textiles,https://www.naukri.com/job-listings-mobile-developer-candor-textiles-private-limited-amod-2-to-9-years-140524502336,manual-apply,URL: https://candortextiles.com/jobs/mobile-developer/ | Resume: /Users/neosoft/Downloads/Resumes/shivajirn02.pdf
2026-07-29,Naukri,Frontend Engineer (React / React Native),Prepairo,https://www.naukri.com/job-listings-frontend-engineer-react-react-native-prepairo-bengaluru-2-to-5-years-010626503686,failed,Apply button not found — page buttons  [Jobs2 | Recommended jobs | NVites13 New | Application status177 Updates | Saved jobs | Companies | Explore categories | Unicorn | MNC | Startup]
2026-07-29,Naukri,"Associate Principal Engineer, Frontend React",Nagarro,https://www.naukri.com/job-listings-associate-principal-engineer-frontend-react-nagarro-software-pvt-ltd-bengaluru-0-to-3-years-291025503104,skipped,score -100 below threshold
2026-07-29,Naukri,Frontend Engineer (React.js / Next.js),Aqilea,https://www.naukri.com/job-listings-frontend-engineer-react-js-next-js-aqilea-formerly-soltia-bengaluru-5-to-9-years-150726500749,skipped,experience 5-9 Yrs out of range
2026-07-29,Naukri,Frontend Engineer,Apex 2000,https://www.naukri.com/job-listings-frontend-engineer-apex-2000-inc-pune-3-to-7-years-290626503315,skipped,score 10 below threshold
2026-07-29,Naukri,Frontend Engineer - React js,Cloud Nautical Solutions India,https://www.naukri.com/job-listings-frontend-engineer-react-js-cloud-nautical-solutions-india-private-limited-thiruvananthapuram-5-to-10-years-240726503467,skipped,experience 5-10 Yrs out of range
2026-07-29,Naukri,React Frontend Engineer,Leading Client,https://www.naukri.com/job-listings-react-frontend-engineer-contactx-resource-management-pvt-ltd-bengaluru-7-to-10-years-170726918079,skipped,experience 7-10 Yrs out of range
2026-07-29,Naukri,Frontend Engineer,Vowels Of The People Association,https://www.naukri.com/job-listings-frontend-engineer-vopa-pune-3-to-5-years-200726504194,skipped,score 30 below threshold
2026-07-29,Naukri,Frontend Engineer,Diverse Lynx,https://www.naukri.com/job-listings-frontend-engineer-diverse-lynx-bengaluru-2-to-6-years-080825500478,skipped,score 30 below threshold
2026-07-29,Naukri,Front End UI Engineer,Ascendion Engineering,https://www.naukri.com/job-listings-front-end-ui-engineer-ascendion-engineering-bengaluru-7-to-12-years-140726018965,skipped,experience 7-12 Yrs out of range
2026-07-29,Naukri,Frontend Engineer React JS,Einfochips,https://www.naukri.com/job-listings-frontend-engineer-react-js-e-infochips-limited-indore-4-to-12-years-160226505299,skipped,experience 4-12 Yrs out of range
2026-07-29,Naukri,Frontend Engineer React JS,Einfochips,https://www.naukri.com/job-listings-frontend-engineer-react-js-e-infochips-limited-ahmedabad-4-to-12-years-160226505298,skipped,experience 4-12 Yrs out of range
2026-07-29,Naukri,Frontend Engineer React JS,Einfochips,https://www.naukri.com/job-listings-frontend-engineer-react-js-e-infochips-limited-vijaynagar-4-to-12-years-160226505297,skipped,experience 4-12 Yrs out of range
2026-07-29,Naukri,Hiring React / Typescript Frontend Engineer - Coimbatore,Jobs Territory,https://www.naukri.com/job-listings-hiring-react-typescript-frontend-engineer-coimbatore-jobs-territory-coimbatore-3-to-8-years-010726000280,applied,auto-applied (score 55; resume=/Users/neosoft/Downloads/Resumes/ShivajiPresidio.pdf)
2026-07-29,Naukri,Frontend Engineer,"HappyFox, Inc",https://www.naukri.com/job-listings-frontend-engineer-happyfox-inc-chennai-2-to-6-years-271021500773,manual-apply,URL: https://happyfox.hire.trakstar.com/jobs/fk0fuc8/ | Resume: /Users/neosoft/Downloads/Resumes/ShivajiPresidio.pdf
2026-07-29,Naukri,Frontend Engineer Angular & React,ECS ME,https://www.naukri.com/job-listings-frontend-engineer-angular-react-ecs-me-llc-hyderabad-5-to-7-years-270126502080,skipped,experience 5-7 Yrs out of range
2026-07-29,Naukri,Frontend Engineer,Uplers,https://www.naukri.com/job-listings-frontend-engineer-uplers-remote-5-to-8-years-150726027644,skipped,experience 5-8 Yrs out of range
2026-07-29,Naukri,Frontend Engineer,Delta6labs Fintech,https://www.naukri.com/job-listings-frontend-engineer-delta6labs-fintech-private-limited-noida-3-to-8-years-270726503532,skipped,score 35 below threshold
2026-07-29,Naukri,"Associate Principal Engineer, Frontend Angular2x",Nagarro,https://www.naukri.com/job-listings-associate-principal-engineer-frontend-angular2x-nagarro-software-pvt-ltd-remote-0-to-3-years-291025503581,skipped,score -100 below threshold
2026-07-29,Naukri,Frontend Engineer,Refrens.com,https://www.naukri.com/job-listings-frontend-engineer-refrens-com-surat-2-to-7-years-031125504449,skipped,score 10 below threshold
2026-07-29,Naukri,Frontend Engineer,Sarvam,https://www.naukri.com/job-listings-frontend-engineer-sarvam-bengaluru-3-to-6-years-300326501870,skipped,score 30 below threshold
2026-07-29,Naukri,Walk-in || Fullstack Developer(Immediate joiners only),Infiniti Research,https://www.naukri.com/job-listings-fullstack-developer-immediate-joiners-only-infiniti-research-bengaluru-2-to-4-years-270726011014,failed,Apply button not found — page buttons  [Jobs2 | Recommended jobs | NVites13 New | Application status177 Updates | Saved jobs | Companies | Explore categories | Unicorn | MNC | Startup]
2026-07-29,Naukri,Fullstack Developer,MNC,https://www.naukri.com/job-listings-fullstack-developer-tele-infotech-pimpri-chinchwad-pune-0-to-2-years-280726035724,skipped,score 30 below threshold
2026-07-29,Naukri,Full Stack Developer,Leading Client,https://www.naukri.com/job-listings-full-stack-developer-rimpac-hr-services-llp-pune-bengaluru-2-to-6-years-230726933909,skipped,score -100 below threshold
2026-07-29,Naukri,Fullstack Developer,99yellow,https://www.naukri.com/job-listings-fullstack-developer-99yellow-gurugram-3-to-5-years-220726030478,skipped,score -100 below threshold
2026-07-29,Naukri,Manager - Full Stack Developer,Zimyo Consulting,https://www.naukri.com/job-listings-manager-full-stack-developer-zimyo-consulting-pvt-ltd-gurugram-3-to-8-years-290726504316,skipped,score 30 below threshold
2026-07-29,Naukri,Fullstack Developer,Deloitte Shared Services India,https://www.naukri.com/job-listings-fullstack-developer-deloitte-shared-services-india-bengaluru-2-to-6-years-120626008685,failed,Apply button not found — page buttons  []
2026-07-29,Naukri,Fullstack Developer,Josh Software,https://www.naukri.com/job-listings-fullstack-developer-josh-software-pvt-ltd-pune-3-to-5-years-150726931620,skipped,score 30 below threshold
2026-07-29,Naukri,Full Stack Developer,Zonolith Technologies,https://www.naukri.com/job-listings-full-stack-developer-zonolith-technologies-bengaluru-2-to-7-years-170726503047,manual-apply,URL: https://zenlithic.com/careers#openings | Resume: /Users/neosoft/Downloads/Resumes/ShivajiPresidio.pdf
2026-07-29,Naukri,Fullstack Developer,Tata Technologies,https://www.naukri.com/job-listings-fullstack-developer-tata-technologies-pune-2-to-5-years-140726022134,skipped,score -100 below threshold
2026-07-29,Naukri,Full Stack Website Developer,TekPillar,https://www.naukri.com/job-listings-full-stack-website-developer-tekpillar-kochi-chennai-coimbatore-3-to-6-years-140726036343,applied,auto-applied (score 55; resume=/Users/neosoft/Downloads/Resumes/ShivajiPresidio.pdf)
2026-07-29,Naukri,Full Stack Developer,Leading Client,https://www.naukri.com/job-listings-full-stack-developer-contactx-resource-management-pvt-ltd-gurugram-2-to-5-years-170726918040,skipped,score 30 below threshold
2026-07-29,Naukri,Full Stack Developer,Triveous,https://www.naukri.com/job-listings-full-stack-developer-triveous-bengaluru-2-to-5-years-230726501099,skipped,score 30 below threshold
2026-07-29,LinkedIn,Web Developer,ShrinQ Consulting Group Inc,https://www.linkedin.com/jobs/view/4444015670/,skipped,score 29 below threshold
2026-07-29,LinkedIn,Software Engineer - I,Codefeast,https://www.linkedin.com/jobs/view/4446040458/,skipped,score 29 below threshold
2026-07-29,LinkedIn,Software Engineer | Remote,Crossing Hurdles,https://www.linkedin.com/jobs/view/4441198151/,skipped,score 29 below threshold
2026-07-29,LinkedIn,Frontend Developer,CareerXperts Consulting,https://www.linkedin.com/jobs/view/4443698434/,applied,Easy Apply (score 165)
2026-07-29,LinkedIn,Junior Frontend Engineer,Avinyaa Ed Tech Private Limited,https://www.linkedin.com/jobs/view/4442823156/,skipped,unanswered required fields:  What is your current CTC in LPA? ;  What is your expected CTC in LPA? ;  How many days of notice period do you have? 
2026-07-29,LinkedIn,React and React Native Frontend Developer,GoInstaCare - For All Your Care Needs,https://www.linkedin.com/jobs/view/4443239206/,skipped,unanswered required fields:  How many years of work experience do you have with React.js? ;  How many years of work experience do you have with React Native? ;  What is your Current CTC? 
2026-07-29,LinkedIn,SDE I (Frontend),Navi,https://www.linkedin.com/jobs/view/4437546096/,skipped,unanswered required fields:  What is your current CTC? ;  What is your official notice period? 
2026-07-29,LinkedIn,Software Engineer - I,Codefeast,https://www.linkedin.com/jobs/view/4446040458/,skipped,score 29 below threshold
2026-07-29,LinkedIn,Software Engineer | Remote,Crossing Hurdles,https://www.linkedin.com/jobs/view/4441198151/,skipped,score 29 below threshold
2026-07-29,LinkedIn,Software Engineer,Digichorus Technologies Pvt Ltd,https://www.linkedin.com/jobs/view/4442591945/,skipped,score 29 below threshold
2026-07-29,LinkedIn,SDE I (Frontend),Navi,https://www.linkedin.com/jobs/view/4437546096/,skipped,unanswered required fields:  What is your current CTC? ;  What is your official notice period? 
2026-07-29,LinkedIn,Junior Frontend Engineer,Avinyaa Ed Tech Private Limited,https://www.linkedin.com/jobs/view/4442823156/,skipped,unanswered required fields:  What is your current CTC in LPA? ;  What is your expected CTC in LPA? ;  How many days of notice period do you have? 
2026-07-29,LinkedIn,Back End Developer,ZILO,https://www.linkedin.com/jobs/view/4440468434/,skipped,score 29 below threshold
2026-07-29,LinkedIn,Web Developer,ShrinQ Consulting Group Inc,https://www.linkedin.com/jobs/view/4444015670/,skipped,score 29 below threshold
2026-07-29,LinkedIn,Software Engineer - I,Codefeast,https://www.linkedin.com/jobs/view/4446040458/,skipped,score 29 below threshold
2026-07-29,LinkedIn,Fullstack Developer | $55/hr Remote,Crossing Hurdles,https://www.linkedin.com/jobs/view/4445732257/,applied,Easy Apply (score 155)
2026-07-29,LinkedIn,Junior Frontend Engineer,Avinyaa Ed Tech Private Limited,https://www.linkedin.com/jobs/view/4442823156/,skipped,unanswered required fields:  What is your current CTC in LPA? ;  What is your expected CTC in LPA? ;  How many days of notice period do you have? 
2026-07-29,LinkedIn,SDE I (Frontend),Navi,https://www.linkedin.com/jobs/view/4437546096/,skipped,unanswered required fields:  What is your current CTC? ;  What is your official notice period? 
2026-07-29,LinkedIn,Software Engineer,Digichorus Technologies Pvt Ltd,https://www.linkedin.com/jobs/view/4442591945/,skipped,score 29 below threshold
2026-07-29,LinkedIn,Software Engineer - I,Codefeast,https://www.linkedin.com/jobs/view/4446040458/,skipped,score 29 below threshold
2026-07-29,LinkedIn,Junior Frontend Engineer,Avinyaa Ed Tech Private Limited,https://www.linkedin.com/jobs/view/4442823156/,skipped,unanswered required fields:  What is your current CTC in LPA? ;  What is your expected CTC in LPA? ;  How many days of notice period do you have? 
2026-07-29,LinkedIn,Back End Developer,ZILO,https://www.linkedin.com/jobs/view/4440468434/,skipped,score 29 below threshold
2026-07-29,LinkedIn,Full Stack Developer,Legal Experts AI,https://www.linkedin.com/jobs/view/4433915695/,skipped,required screening question cannot be answered from profile
2026-07-29,LinkedIn,Full Stack Developer,Kayana | Ordering & Payment Solutions,https://www.linkedin.com/jobs/view/4442581250/,skipped,unanswered required fields:  What is your CTC? ;  What is your ETC? ;  What is your notice period in days? 
2026-07-29,LinkedIn,Web Developer,ShrinQ Consulting Group Inc,https://www.linkedin.com/jobs/view/4444015670/,skipped,score 29 below threshold
2026-07-29,LinkedIn,Software Engineer - I,Codefeast,https://www.linkedin.com/jobs/view/4446040458/,skipped,score 29 below threshold
2026-07-29,LinkedIn,Back End Developer,ZILO,https://www.linkedin.com/jobs/view/4440468434/,skipped,score 29 below threshold
2026-07-29,LinkedIn,Junior Frontend Engineer,Avinyaa Ed Tech Private Limited,https://www.linkedin.com/jobs/view/4442823156/,skipped,unanswered required fields:  What is your current CTC in LPA? ;  What is your expected CTC in LPA? ;  How many days of notice period do you have? 
2026-07-29,LinkedIn,Full Stack Developer,Kayana | Ordering & Payment Solutions,https://www.linkedin.com/jobs/view/4442581250/,skipped,unanswered required fields:  What is your CTC? ;  What is your ETC? ;  What is your notice period in days? 
2026-07-29,Wellfound,React Native Developer,Ignite Solutions,https://wellfound.com/jobs/4523249,manual-apply,URL: https://wellfound.com/jobs/4523249 | Resume: /Users/neosoft/Downloads/Resumes/shivajirn02.pdf
2026-07-29,Wellfound,React Native Developer,Navtech,https://wellfound.com/jobs/2442984,manual-apply,URL: https://wellfound.com/jobs/2442984 | Resume: /Users/neosoft/Downloads/Resumes/shivajirn02.pdf
2026-07-29,Wellfound,Senior Full Stack Developer,Navtech,https://wellfound.com/jobs/4261235,skipped,score -100 below threshold
2026-07-29,Wellfound,React Native Architect,Centricity Wealthtech,https://wellfound.com/jobs/4523136,skipped,score -100 below threshold
2026-07-29,Wellfound,React Native Developer,Kraftbase,https://wellfound.com/jobs/3235840,manual-apply,URL: https://wellfound.com/jobs/3235840 | Resume: /Users/neosoft/Downloads/Resumes/shivajirn02.pdf
2026-07-29,Wellfound,React Native Developer,HyprForge,https://wellfound.com/jobs/3930379,manual-apply,URL: https://wellfound.com/jobs/3930379 | Resume: /Users/neosoft/Downloads/Resumes/shivajirn02.pdf
2026-07-29,Wellfound,React Native Developer,RecordBook,https://wellfound.com/jobs/3020981,manual-apply,URL: https://wellfound.com/jobs/3020981 | Resume: /Users/neosoft/Downloads/Resumes/shivajirn02.pdf
2026-07-29,Wellfound,React Native Engineer,Arivihan Technologies,https://wellfound.com/jobs/3699119,manual-apply,URL: https://wellfound.com/jobs/3699119 | Resume: /Users/neosoft/Downloads/Resumes/shivajirn02.pdf
2026-07-29,Wellfound,React Native Developer,Ignite Solutions,https://wellfound.com/jobs/4289709,manual-apply,URL: https://wellfound.com/jobs/4289709 | Resume: /Users/neosoft/Downloads/Resumes/shivajirn02.pdf
2026-07-29,Wellfound,React Native Developer,Ignite Solutions,https://wellfound.com/jobs/2590793,manual-apply,URL: https://wellfound.com/jobs/2590793 | Resume: /Users/neosoft/Downloads/Resumes/shivajirn02.pdf
2026-07-29,Wellfound,QA Engineer - Mobile(React Native),Innovatily,https://wellfound.com/jobs/4442262,manual-apply,URL: https://wellfound.com/jobs/4442262 | Resume: /Users/neosoft/Downloads/Resumes/shivajirn02.pdf
2026-07-29,Wellfound,React Native Intern,Wigle,https://wellfound.com/jobs/4465168,manual-apply,URL: https://wellfound.com/jobs/4465168 | Resume: /Users/neosoft/Downloads/Resumes/shivajirn02.pdf
2026-07-29,Wellfound,Senior Software Engineer - React Native,Codal,https://wellfound.com/jobs/4463632,skipped,score -100 below threshold
2026-07-29,Wellfound,React Native Internship,Ignite Solutions,https://wellfound.com/jobs/4356109,manual-apply,URL: https://wellfound.com/jobs/4356109 | Resume: /Users/neosoft/Downloads/Resumes/shivajirn02.pdf
2026-07-29,Wellfound,React Native Intern,Avijo,https://wellfound.com/jobs/3202990,manual-apply,URL: https://wellfound.com/jobs/3202990 | Resume: /Users/neosoft/Downloads/Resumes/shivajirn02.pdf
2026-07-29,Wellfound,Software Engineering Intern (React Native),Ignite Solutions,https://wellfound.com/jobs/4354434,manual-apply,URL: https://wellfound.com/jobs/4354434 | Resume: /Users/neosoft/Downloads/Resumes/shivajirn02.pdf
2026-07-29,Wellfound,Founding Mobile Engineer (React Native),Ignite Solutions,https://wellfound.com/jobs/3713911,manual-apply,URL: https://wellfound.com/jobs/3713911 | Resume: /Users/neosoft/Downloads/Resumes/shivajirn02.pdf
2026-07-29,Wellfound,Mobile App Developer (React Native),Ignite Solutions,https://wellfound.com/jobs/4225521,manual-apply,URL: https://wellfound.com/jobs/4225521 | Resume: /Users/neosoft/Downloads/Resumes/shivajirn02.pdf
2026-07-29,Wellfound,"Software Engineer (Mobile, React Native/Flutter)",Vested Finance,https://wellfound.com/jobs/4417481,manual-apply,URL: https://wellfound.com/jobs/4417481 | Resume: /Users/neosoft/Downloads/Resumes/shivajirn02.pdf
2026-07-29,Wellfound,Engineering Manager,Vested Finance,https://wellfound.com/jobs/4417466,skipped,score 30 below threshold
2026-07-29,Wellfound,Engineering Lead,Xipper,https://wellfound.com/jobs/4461771,skipped,score -100 below threshold
2026-07-29,Wellfound,React/React Native Intern,Xipper,https://wellfound.com/jobs/4299533,skipped,score -100 below threshold
2026-07-29,Wellfound,Mobile App Developer,Xipper,https://wellfound.com/jobs/4049833,skipped,score -100 below threshold
2026-07-29,Wellfound,React Native Mobile Application Developer (Android & iOS),Sakesh Solutions,https://wellfound.com/jobs/4497069,skipped,score -100 below threshold
2026-07-29,Wellfound,Senior Full Stack Developer,Navtech,https://wellfound.com/jobs/4261235,skipped,score -100 below threshold
2026-07-29,Wellfound,React Native Architect,Centricity Wealthtech,https://wellfound.com/jobs/4523136,skipped,score -100 below threshold
2026-07-29,Wellfound,Senior Software Engineer - React Native,Codal,https://wellfound.com/jobs/4463632,skipped,score -100 below threshold
2026-07-29,Wellfound,Engineering Manager,Vested Finance,https://wellfound.com/jobs/4417466,skipped,score 30 below threshold
2026-07-29,Wellfound,Engineering Lead,Xipper,https://wellfound.com/jobs/4461771,skipped,score -100 below threshold
2026-07-29,Wellfound,React/React Native Intern,Xipper,https://wellfound.com/jobs/4299533,skipped,score -100 below threshold
2026-07-29,Wellfound,Mobile App Developer,Xipper,https://wellfound.com/jobs/4049833,skipped,score -100 below threshold
2026-07-29,Wellfound,React Native Mobile Application Developer (Android & iOS),Sakesh Solutions,https://wellfound.com/jobs/4497069,skipped,score -100 below threshold
2026-07-29,Wellfound,Frontend Engineer,Ailaysa,https://wellfound.com/jobs/4505517,skipped,score 0 below threshold
2026-07-29,Wellfound,Frontend Engineer,Azodha,https://wellfound.com/jobs/4496870,skipped,score -100 below threshold
2026-07-29,Wellfound,Production Support Engineer,Azodha,https://wellfound.com/jobs/4072471,skipped,score -100 below threshold
2026-07-29,Wellfound,Frontend Engineer,Azodha,https://wellfound.com/jobs/3703562,skipped,score -100 below threshold
2026-07-29,Wellfound,Frontend Engineer,Arivihan Technologies,https://wellfound.com/jobs/4491672,manual-apply,URL: https://wellfound.com/jobs/4491672 | Resume: /Users/neosoft/Downloads/Resumes/shivajirn02.pdf
2026-07-29,Wellfound,Junior React Frontend Engineer,Arivihan Technologies,https://wellfound.com/jobs/3683471,manual-apply,URL: https://wellfound.com/jobs/3683471 | Resume: /Users/neosoft/Downloads/Resumes/shivajirn02.pdf
2026-07-29,Wellfound,Frontend Engineer,Frequency.cx,https://wellfound.com/jobs/3989438,skipped,score -100 below threshold
2026-07-29,Wellfound,Frontend Engineer,Ailaysa,https://wellfound.com/jobs/4084514,skipped,score 45 below threshold
2026-07-29,Wellfound,Frontend engineer,Ailaysa,https://wellfound.com/jobs/3129305,skipped,score 45 below threshold
2026-07-29,Wellfound,Lead Frontend Engineer,VertoFX,https://wellfound.com/jobs/4522219,skipped,score -100 below threshold
2026-07-29,Wellfound,Founding Frontend Engineer,PROZPEKT,https://wellfound.com/jobs/4522614,skipped,score 0 below threshold
2026-07-29,Wellfound,Forward-Deployed Software Engineer (FDSE),The Product Highway,https://wellfound.com/jobs/4261267,skipped,score -100 below threshold
2026-07-29,Wellfound,Frontend Engineer,The Product Highway,https://wellfound.com/jobs/4144492,skipped,score -100 below threshold
2026-07-29,Wellfound,Backend Engineer,The Product Highway,https://wellfound.com/jobs/4144491,skipped,score -100 below threshold
2026-07-29,Wellfound,Lead Frontend Engineer,Simplismart,https://wellfound.com/jobs/3829132,skipped,score -100 below threshold
2026-07-29,Wellfound,Frontend Engineer: ReactJs,Marmeto,https://wellfound.com/jobs/3209683,skipped,score -100 below threshold
2026-07-29,Wellfound,Senior Frontend Engineer (React),Noviga Automations,https://wellfound.com/jobs/4493227,skipped,score -100 below threshold
2026-07-29,Wellfound,Frontend Engineer Intern,HelioAI,https://wellfound.com/jobs/3691652,skipped,score 0 below threshold
2026-07-29,Wellfound,Senior Frontend Engineer,HelioAI,https://wellfound.com/jobs/4185197,skipped,score -100 below threshold
2026-07-29,Wellfound,Frontend Engineer/NextJs Developer,Ailaysa,https://wellfound.com/jobs/2992515,skipped,score 45 below threshold
2026-07-29,Wellfound,Fullstack Engineer (Django + NextJs),Ailaysa,https://wellfound.com/jobs/2992516,skipped,score 45 below threshold
2026-07-29,Wellfound,Full stack Engineer (AI & Data Pipelines),Ailaysa,https://wellfound.com/jobs/3904240,skipped,score 45 below threshold
2026-07-29,Wellfound,Frontend Engineer | React.js | Next.js | React Native | Multilingual UI,ARCLOGIQ Software,https://wellfound.com/jobs/4516236,manual-apply,URL: https://wellfound.com/jobs/4516236 | Resume: /Users/neosoft/Downloads/Resumes/shivajirn02.pdf
2026-07-29,Wellfound,Senior Frontend Engineer (React) (3+ Years),EPYC,https://wellfound.com/jobs/1339643,skipped,score -100 below threshold
2026-07-29,Wellfound,Backend Engineer - Senior (Javascript) (3+ Years),EPYC,https://wellfound.com/jobs/4105634,skipped,score -100 below threshold
2026-07-29,Wellfound,UI/UX Designer,ParamAIQ,https://wellfound.com/jobs/4470198,skipped,score -100 below threshold
2026-07-29,Wellfound,Senior Backend Engineer - Product API,ParamAIQ,https://wellfound.com/jobs/4468510,skipped,score -100 below threshold
2026-07-29,Wellfound,Sr. Software Development Engineer - Frontend (Multiple Roles),Ailaysa,https://wellfound.com/jobs/3235866,skipped,score -100 below threshold
2026-07-29,Wellfound,FrontEnd Developer,Ailaysa,https://wellfound.com/jobs/3647097,skipped,score 45 below threshold
2026-07-29,Wellfound,Founding Engineer - Electron + Node.js,Shin AI Labs,https://wellfound.com/jobs/4248509,skipped,score -100 below threshold
2026-07-29,Wellfound,Frontend Engineer,Ailaysa,https://wellfound.com/jobs/4505517,skipped,score 0 below threshold
2026-07-29,Wellfound,Frontend Engineer,Azodha,https://wellfound.com/jobs/4496870,skipped,score -100 below threshold
2026-07-29,Wellfound,Production Support Engineer,Azodha,https://wellfound.com/jobs/4072471,skipped,score -100 below threshold
2026-07-29,Wellfound,Frontend Engineer,Azodha,https://wellfound.com/jobs/3703562,skipped,score -100 below threshold
2026-07-29,Wellfound,Frontend Engineer,Frequency.cx,https://wellfound.com/jobs/3989438,skipped,score -100 below threshold
2026-07-29,Wellfound,Frontend Engineer,Ailaysa,https://wellfound.com/jobs/4084514,skipped,score 45 below threshold
2026-07-29,Wellfound,Frontend engineer,Ailaysa,https://wellfound.com/jobs/3129305,skipped,score 45 below threshold
2026-07-29,Wellfound,Lead Frontend Engineer,VertoFX,https://wellfound.com/jobs/4522219,skipped,score -100 below threshold
2026-07-29,Wellfound,Founding Frontend Engineer,PROZPEKT,https://wellfound.com/jobs/4522614,skipped,score 0 below threshold
2026-07-29,Wellfound,Forward-Deployed Software Engineer (FDSE),The Product Highway,https://wellfound.com/jobs/4261267,skipped,score -100 below threshold
2026-07-29,Wellfound,Frontend Engineer,The Product Highway,https://wellfound.com/jobs/4144492,skipped,score -100 below threshold
2026-07-29,Wellfound,Backend Engineer,The Product Highway,https://wellfound.com/jobs/4144491,skipped,score -100 below threshold
2026-07-29,Wellfound,Lead Frontend Engineer,Simplismart,https://wellfound.com/jobs/3829132,skipped,score -100 below threshold
2026-07-29,Wellfound,Senior Frontend Engineer (React),Noviga Automations,https://wellfound.com/jobs/4493227,skipped,score -100 below threshold
2026-07-29,Wellfound,Frontend Engineer: ReactJs,Marmeto,https://wellfound.com/jobs/3209683,skipped,score -100 below threshold
2026-07-29,Wellfound,Frontend Engineer Intern,HelioAI,https://wellfound.com/jobs/3691652,skipped,score 0 below threshold
2026-07-29,Wellfound,Senior Frontend Engineer,HelioAI,https://wellfound.com/jobs/4185197,skipped,score -100 below threshold
2026-07-29,Wellfound,Frontend Engineer/NextJs Developer,Ailaysa,https://wellfound.com/jobs/2992515,skipped,score 45 below threshold
2026-07-29,Wellfound,Fullstack Engineer (Django + NextJs),Ailaysa,https://wellfound.com/jobs/2992516,skipped,score 45 below threshold
2026-07-29,Wellfound,Full stack Engineer (AI & Data Pipelines),Ailaysa,https://wellfound.com/jobs/3904240,skipped,score 45 below threshold
2026-07-29,Wellfound,Senior Frontend Engineer (React) (3+ Years),EPYC,https://wellfound.com/jobs/1339643,skipped,score -100 below threshold
2026-07-29,Wellfound,Backend Engineer - Senior (Javascript) (3+ Years),EPYC,https://wellfound.com/jobs/4105634,skipped,score -100 below threshold
2026-07-29,Wellfound,UI/UX Designer,ParamAIQ,https://wellfound.com/jobs/4470198,skipped,score -100 below threshold
2026-07-29,Wellfound,Senior Backend Engineer - Product API,ParamAIQ,https://wellfound.com/jobs/4468510,skipped,score -100 below threshold
2026-07-29,Wellfound,Sr. Software Development Engineer - Frontend (Multiple Roles),Ailaysa,https://wellfound.com/jobs/3235866,skipped,score -100 below threshold
2026-07-29,Wellfound,FrontEnd Developer,Ailaysa,https://wellfound.com/jobs/3647097,skipped,score 45 below threshold
2026-07-29,Wellfound,Founding Engineer - Electron + Node.js,Shin AI Labs,https://wellfound.com/jobs/4248509,skipped,score -100 below threshold
2026-07-29,YourStory,Associate Sales & Partnerships Manager,YourStory Media,https://yourstory.com/jobs/details/22dbd6b0-55aa-11f1-b30b-eb2d7a493eb2,skipped,score 10 below threshold
2026-07-29,YourStory,Senior Reporter,YourStory Media,https://yourstory.com/jobs/details/7f800bf0-55ac-11f1-9892-0791a4cff158,skipped,score -100 below threshold
